Datetime,Close,High,Low,Open,Volume
2026-06-23 09:30:00-04:00,7365.2099609375,7366.509765625,7347.60009765625,7366.509765625,0
2026-06-23 09:35:00-04:00,7371.56005859375,7372.08984375,7352.0498046875,7365.2998046875,62032022
2026-06-23 09:40:00-04:00,7376.6298828125,7381.47998046875,7367.27978515625,7372.31005859375,51064330
2026-06-23 09:45:00-04:00,7391.16015625,7396.740234375,7373.52001953125,7376.330078125,51358062
2026-06-23 09:50:00-04:00,7394.41015625,7398.9599609375,7391.4599609375,7391.4599609375,44041261
2026-06-23 09:55:00-04:00,7399.4501953125,7399.4501953125,7389.4501953125,7394.81982421875,40166788
2026-06-23 10:00:00-04:00,7407.81982421875,7410.5498046875,7398.14990234375,7399.22021484375,46013725
2026-06-23 10:05:00-04:00,7411.509765625,7413.2099609375,7404.2001953125,7408.0,38355283
2026-06-23 10:10:00-04:00,7417.60009765625,7418.1201171875,7409.68017578125,7411.77001953125,38006997
2026-06-23 10:15:00-04:00,7420.06005859375,7420.43994140625,7413.52978515625,7417.3798828125,32035838
2026-06-23 10:20:00-04:00,7416.72998046875,7424.169921875,7413.2998046875,7419.66015625,34477483
2026-06-23 10:25:00-04:00,7417.41015625,7417.41015625,7409.56982421875,7416.68994140625,33797331
2026-06-23 10:30:00-04:00,7410.240234375,7418.56005859375,7406.06982421875,7417.14013671875,34781501
2026-06-23 10:35:00-04:00,7404.759765625,7415.68994140625,7404.06005859375,7409.9501953125,31014525
2026-06-23 10:40:00-04:00,7401.2001953125,7409.27978515625,7400.240234375,7404.4501953125,29401620
2026-06-23 10:45:00-04:00,7400.93017578125,7403.43994140625,7395.27001953125,7401.5400390625,31141903
2026-06-23 10:50:00-04:00,7399.580078125,7407.41015625,7396.14990234375,7401.169921875,29802297
2026-06-23 10:55:00-04:00,7397.47021484375,7400.990234375,7393.7900390625,7399.4501953125,28938927
2026-06-23 11:00:00-04:00,7393.3798828125,7402.0498046875,7392.259765625,7398.02001953125,27377634
2026-06-23 11:05:00-04:00,7387.5,7394.5400390625,7384.72998046875,7393.580078125,29926432
2026-06-23 11:10:00-04:00,7388.7099609375,7390.06982421875,7384.60986328125,7387.43017578125,29500100
2026-06-23 11:15:00-04:00,7379.97021484375,7389.8798828125,7379.4501953125,7388.740234375,29888314
2026-06-23 11:20:00-04:00,7374.2099609375,7383.0498046875,7374.169921875,7379.9599609375,26371503
2026-06-23 11:25:00-04:00,7373.18017578125,7376.5,7370.60986328125,7374.2099609375,26246000
2026-06-23 11:30:00-04:00,7377.60009765625,7380.33984375,7372.330078125,7373.31005859375,25057000
2026-06-23 11:35:00-04:00,7372.93017578125,7382.6201171875,7370.9599609375,7377.27978515625,27430000
2026-06-23 11:40:00-04:00,7377.490234375,7379.41015625,7370.5,7372.89013671875,24199000
2026-06-23 11:45:00-04:00,7378.330078125,7382.5,7375.97998046875,7377.77978515625,23951000
2026-06-23 11:50:00-04:00,7387.02001953125,7390.2099609375,7377.5,7378.52001953125,28852000
2026-06-23 11:55:00-04:00,7387.7998046875,7389.77001953125,7382.14990234375,7387.1201171875,25141000
2026-06-23 12:00:00-04:00,7395.02978515625,7395.2001953125,7387.08984375,7387.81005859375,26071000
2026-06-23 12:05:00-04:00,7399.81005859375,7400.18017578125,7393.89013671875,7395.1201171875,24162000
2026-06-23 12:10:00-04:00,7402.68017578125,7404.85986328125,7399.6298828125,7399.6298828125,23049000
2026-06-23 12:15:00-04:00,7398.509765625,7404.1298828125,7397.4599609375,7402.81982421875,20082000
2026-06-23 12:20:00-04:00,7401.89013671875,7402.31005859375,7394.14990234375,7398.31982421875,22212000
2026-06-23 12:25:00-04:00,7402.10009765625,7403.14990234375,7398.7900390625,7401.60009765625,19875000
2026-06-23 12:30:00-04:00,7399.06005859375,7402.60009765625,7397.6201171875,7401.7001953125,25086000
2026-06-23 12:35:00-04:00,7403.16015625,7403.259765625,7398.3798828125,7399.1201171875,19463000
2026-06-23 12:40:00-04:00,7406.52978515625,7407.56005859375,7402.919921875,7402.919921875,20370000
2026-06-23 12:45:00-04:00,7401.81982421875,7407.25,7399.33984375,7406.64013671875,20388000
2026-06-23 12:50:00-04:00,7401.10009765625,7401.990234375,7397.60986328125,7401.83984375,19847000
2026-06-23 12:55:00-04:00,7402.330078125,7404.25,7398.509765625,7401.1201171875,23031000
2026-06-23 13:00:00-04:00,7395.31982421875,7402.6201171875,7394.39990234375,7402.31005859375,23527000
2026-06-23 13:05:00-04:00,7397.31005859375,7397.60009765625,7393.3701171875,7395.35986328125,25503000
2026-06-23 13:10:00-04:00,7401.66015625,7405.1201171875,7397.1298828125,7397.35009765625,22052000
2026-06-23 13:15:00-04:00,7399.06005859375,7403.43017578125,7397.6201171875,7401.64013671875,19771000
2026-06-23 13:20:00-04:00,7407.0,7408.60009765625,7398.7998046875,7399.06005859375,25704000
2026-06-23 13:25:00-04:00,7403.64990234375,7407.06982421875,7403.22021484375,7407.02001953125,19321000
2026-06-23 13:30:00-04:00,7405.06982421875,7405.14990234375,7399.97998046875,7403.4599609375,18546000
2026-06-23 13:35:00-04:00,7403.5498046875,7408.35009765625,7402.97021484375,7405.4599609375,19631000
2026-06-23 13:40:00-04:00,7399.8701171875,7404.3701171875,7399.169921875,7403.58984375,22066000
2026-06-23 13:45:00-04:00,7400.5498046875,7402.4501953125,7398.77001953125,7399.72021484375,27520000
2026-06-23 13:50:00-04:00,7389.31005859375,7400.66015625,7389.16015625,7400.6201171875,25096000
2026-06-23 13:55:00-04:00,7386.35986328125,7390.4501953125,7385.89990234375,7389.43994140625,23479000
2026-06-23 14:00:00-04:00,7388.64990234375,7393.68994140625,7385.64013671875,7386.169921875,28827000
2026-06-23 14:05:00-04:00,7385.7900390625,7389.18017578125,7382.419921875,7388.6298828125,27403000
2026-06-23 14:10:00-04:00,7386.4501953125,7388.02978515625,7385.330078125,7385.7900390625,21528000
2026-06-23 14:15:00-04:00,7384.18994140625,7388.1201171875,7383.06982421875,7386.52978515625,21371000
2026-06-23 14:20:00-04:00,7385.009765625,7386.7998046875,7380.72021484375,7384.14990234375,20225000
2026-06-23 14:25:00-04:00,7382.2001953125,7385.2001953125,7381.419921875,7385.080078125,20492000
2026-06-23 14:30:00-04:00,7379.330078125,7382.9599609375,7379.06982421875,7382.2900390625,21292000
2026-06-23 14:35:00-04:00,7377.009765625,7380.7001953125,7376.6201171875,7379.43994140625,25204000
2026-06-23 14:40:00-04:00,7365.990234375,7377.02978515625,7365.8701171875,7377.009765625,27745000
2026-06-23 14:45:00-04:00,7367.330078125,7367.759765625,7362.830078125,7365.990234375,27627000
2026-06-23 14:50:00-04:00,7364.669921875,7372.77978515625,7361.22021484375,7367.22998046875,25838000
2026-06-23 14:55:00-04:00,7368.39013671875,7370.25,7361.759765625,7364.97021484375,25586000
2026-06-23 15:00:00-04:00,7377.47021484375,7378.080078125,7366.18017578125,7368.419921875,31091000
2026-06-23 15:05:00-04:00,7372.4501953125,7384.14013671875,7370.2900390625,7377.64990234375,32672000
2026-06-23 15:10:00-04:00,7372.2099609375,7376.39990234375,7370.18017578125,7372.41015625,27177000
2026-06-23 15:15:00-04:00,7366.169921875,7373.91015625,7365.97998046875,7372.4599609375,27938000
2026-06-23 15:20:00-04:00,7375.91015625,7379.490234375,7365.39013671875,7366.10986328125,32602000
2026-06-23 15:25:00-04:00,7378.27001953125,7380.83984375,7374.06982421875,7375.81005859375,31604000
2026-06-23 15:30:00-04:00,7378.18017578125,7380.3701171875,7372.14013671875,7378.14990234375,35812000
2026-06-23 15:35:00-04:00,7374.06005859375,7379.68017578125,7374.06005859375,7378.25,39218000
2026-06-23 15:40:00-04:00,7372.52001953125,7374.93994140625,7369.3798828125,7374.009765625,43131000
2026-06-23 15:45:00-04:00,7374.08984375,7374.81982421875,7367.2900390625,7372.83984375,58037000
2026-06-23 15:50:00-04:00,7382.83984375,7382.83984375,7373.2900390625,7374.58984375,93237000
2026-06-23 15:55:00-04:00,7365.919921875,7382.77001953125,7365.669921875,7382.77001953125,248397000
2026-06-24 09:30:00-04:00,7397.3701171875,7398.6201171875,7370.4501953125,7370.8798828125,0
2026-06-24 09:35:00-04:00,7392.580078125,7401.85009765625,7390.02001953125,7397.47998046875,49339875
2026-06-24 09:40:00-04:00,7386.25,7394.9501953125,7375.4501953125,7391.7099609375,50455543
2026-06-24 09:45:00-04:00,7383.77978515625,7390.1201171875,7371.419921875,7385.759765625,48863787
2026-06-24 09:50:00-04:00,7401.2099609375,7405.0498046875,7383.35009765625,7383.35009765625,40952914
2026-06-24 09:55:00-04:00,7387.85009765625,7401.27001953125,7386.72021484375,7401.27001953125,38624493
2026-06-24 10:00:00-04:00,7383.02001953125,7391.06005859375,7380.75,7388.06005859375,41703367
2026-06-24 10:05:00-04:00,7385.14013671875,7392.169921875,7380.919921875,7383.18994140625,39526770
2026-06-24 10:10:00-04:00,7384.2099609375,7389.919921875,7380.02001953125,7385.330078125,37780156
2026-06-24 10:15:00-04:00,7377.33984375,7388.0400390625,7375.43994140625,7384.009765625,36872058
2026-06-24 10:20:00-04:00,7391.56982421875,7392.509765625,7369.0,7376.8701171875,39169531
2026-06-24 10:25:00-04:00,7393.14990234375,7397.4599609375,7388.2998046875,7391.25,33991477
2026-06-24 10:30:00-04:00,7398.02978515625,7400.740234375,7393.41015625,7393.5498046875,35297036
2026-06-24 10:35:00-04:00,7390.68994140625,7399.5498046875,7390.68994140625,7397.7099609375,36881836
2026-06-24 10:40:00-04:00,7404.2998046875,7404.4599609375,7390.52978515625,7390.81982421875,34926416
2026-06-24 10:45:00-04:00,7411.06982421875,7417.35986328125,7403.759765625,7404.22998046875,36145219
2026-06-24 10:50:00-04:00,7412.7099609375,7418.60986328125,7411.22021484375,7411.22021484375,31453632
2026-06-24 10:55:00-04:00,7424.919921875,7425.08984375,7409.8798828125,7412.60009765625,36259113
2026-06-24 11:00:00-04:00,7421.6201171875,7427.39990234375,7420.2001953125,7424.919921875,37104229
2026-06-24 11:05:00-04:00,7413.2099609375,7422.509765625,7411.35986328125,7421.72998046875,32827554
2026-06-24 11:10:00-04:00,7412.8798828125,7416.39990234375,7408.83984375,7412.7998046875,32011138
2026-06-24 11:15:00-04:00,7420.22021484375,7422.080078125,7412.580078125,7413.16015625,32434245
2026-06-24 11:20:00-04:00,7415.9599609375,7421.7998046875,7415.240234375,7420.16015625,33070983
2026-06-24 11:25:00-04:00,7424.60986328125,7424.60986328125,7410.240234375,7415.81005859375,31469683
2026-06-24 11:30:00-04:00,7421.22021484375,7428.06005859375,7417.830078125,7424.66015625,30854000
2026-06-24 11:35:00-04:00,7416.68017578125,7423.7998046875,7415.18017578125,7420.8701171875,27830000
2026-06-24 11:40:00-04:00,7412.7099609375,7418.39013671875,7410.52001953125,7416.93017578125,25082000
2026-06-24 11:45:00-04:00,7415.419921875,7415.56982421875,7407.56005859375,7413.06005859375,27349000
2026-06-24 11:50:00-04:00,7416.77978515625,7421.06005859375,7415.18017578125,7415.18017578125,24986000
2026-06-24 11:55:00-04:00,7412.14990234375,7418.81005859375,7410.2001953125,7416.830078125,22906000
2026-06-24 12:00:00-04:00,7409.75,7414.5,7408.35009765625,7411.97998046875,23545000
2026-06-24 12:05:00-04:00,7410.22021484375,7412.56982421875,7407.02001953125,7409.8701171875,22611000
2026-06-24 12:10:00-04:00,7413.22021484375,7416.56982421875,7408.52001953125,7410.31982421875,23118000
2026-06-24 12:15:00-04:00,7411.77978515625,7416.240234375,7410.66015625,7413.25,22872000
2026-06-24 12:20:00-04:00,7414.39013671875,7415.7900390625,7409.1298828125,7411.68017578125,24088000
2026-06-24 12:25:00-04:00,7409.5498046875,7414.58984375,7408.6298828125,7414.35009765625,21710000
2026-06-24 12:30:00-04:00,7404.830078125,7409.56005859375,7403.7099609375,7409.47998046875,21573000
2026-06-24 12:35:00-04:00,7393.85009765625,7407.7998046875,7393.759765625,7404.740234375,26825000
2026-06-24 12:40:00-04:00,7391.5498046875,7393.919921875,7388.259765625,7393.919921875,26889000
2026-06-24 12:45:00-04:00,7392.3701171875,7394.0498046875,7387.93994140625,7391.56982421875,22954000
2026-06-24 12:50:00-04:00,7386.759765625,7396.35986328125,7386.759765625,7392.1298828125,20427000
2026-06-24 12:55:00-04:00,7385.18994140625,7388.2001953125,7383.7900390625,7386.7900390625,23128000
2026-06-24 13:00:00-04:00,7392.4501953125,7392.77001953125,7383.72998046875,7385.16015625,23231000
2026-06-24 13:05:00-04:00,7377.89013671875,7392.490234375,7375.259765625,7392.490234375,25505000
2026-06-24 13:10:00-04:00,7376.259765625,7381.81982421875,7374.740234375,7377.8798828125,20632000
2026-06-24 13:15:00-04:00,7366.5498046875,7379.52978515625,7364.6201171875,7376.10986328125,26409000
2026-06-24 13:20:00-04:00,7359.77978515625,7366.52978515625,7359.669921875,7366.490234375,27884000
2026-06-24 13:25:00-04:00,7350.27978515625,7360.3798828125,7349.52978515625,7359.7099609375,30306000
2026-06-24 13:30:00-04:00,7351.6298828125,7354.64013671875,7341.7099609375,7350.1298828125,30816000
2026-06-24 13:35:00-04:00,7353.35009765625,7357.39013671875,7345.3798828125,7351.580078125,26265000
2026-06-24 13:40:00-04:00,7347.66015625,7355.93017578125,7346.72998046875,7353.2099609375,22037000
2026-06-24 13:45:00-04:00,7352.75,7354.10009765625,7343.93017578125,7347.75,24252000
2026-06-24 13:50:00-04:00,7353.330078125,7353.89013671875,7349.41015625,7352.81005859375,25525000
2026-06-24 13:55:00-04:00,7346.89013671875,7358.97021484375,7345.81005859375,7353.31982421875,28024000
2026-06-24 14:00:00-04:00,7354.18994140625,7357.1201171875,7346.240234375,7346.93017578125,28182000
2026-06-24 14:05:00-04:00,7357.93994140625,7361.56005859375,7353.919921875,7354.1298828125,25825000
2026-06-24 14:10:00-04:00,7357.169921875,7359.18994140625,7354.5400390625,7358.1298828125,23281000
2026-06-24 14:15:00-04:00,7365.830078125,7367.7900390625,7357.0,7357.0,27320000
2026-06-24 14:20:00-04:00,7370.66015625,7370.66015625,7364.1201171875,7366.06005859375,24162000
2026-06-24 14:25:00-04:00,7371.240234375,7374.240234375,7369.64990234375,7370.93017578125,29133000
2026-06-24 14:30:00-04:00,7370.18994140625,7373.56005859375,7368.02001953125,7371.47021484375,27555000
2026-06-24 14:35:00-04:00,7364.22021484375,7370.89013671875,7362.990234375,7370.25,26819000
2026-06-24 14:40:00-04:00,7360.39013671875,7365.3798828125,7356.9501953125,7364.18994140625,29456000
2026-06-24 14:45:00-04:00,7345.93017578125,7360.41015625,7342.85986328125,7360.41015625,29351000
2026-06-24 14:50:00-04:00,7348.830078125,7349.5498046875,7340.83984375,7345.7001953125,28592000
2026-06-24 14:55:00-04:00,7347.0400390625,7355.85986328125,7344.72998046875,7349.2001953125,28246000
2026-06-24 15:00:00-04:00,7354.0,7356.58984375,7341.64013671875,7347.18994140625,33110000
2026-06-24 15:05:00-04:00,7341.7998046875,7353.81982421875,7337.3798828125,7353.77978515625,34819000
2026-06-24 15:10:00-04:00,7344.27001953125,7345.2001953125,7336.81982421875,7341.41015625,35665000
2026-06-24 15:15:00-04:00,7343.830078125,7345.31005859375,7340.60986328125,7344.52978515625,32696000
2026-06-24 15:20:00-04:00,7346.6298828125,7346.6298828125,7341.0400390625,7343.97998046875,34364000
2026-06-24 15:25:00-04:00,7348.06005859375,7351.0,7346.35009765625,7346.64990234375,37147000
2026-06-24 15:30:00-04:00,7344.97998046875,7350.1201171875,7343.7099609375,7348.2001953125,43343000
2026-06-24 15:35:00-04:00,7345.66015625,7347.7099609375,7342.64013671875,7345.18017578125,46118000
2026-06-24 15:40:00-04:00,7343.18994140625,7348.93994140625,7337.68994140625,7346.08984375,43911000
2026-06-24 15:45:00-04:00,7348.83984375,7350.080078125,7342.66015625,7343.009765625,56675000
2026-06-24 15:50:00-04:00,7357.72021484375,7358.759765625,7348.7099609375,7348.72998046875,87644000
2026-06-24 15:55:00-04:00,7359.89990234375,7359.89990234375,7348.81982421875,7358.14990234375,243872000
2026-06-25 09:30:00-04:00,7399.22021484375,7419.080078125,7396.25,7404.91015625,0
2026-06-25 09:35:00-04:00,7396.2900390625,7407.2099609375,7396.18994140625,7398.7099609375,68438248
2026-06-25 09:40:00-04:00,7370.56982421875,7399.259765625,7368.169921875,7396.35009765625,63283246
2026-06-25 09:45:00-04:00,7356.75,7375.7900390625,7343.85009765625,7370.330078125,64611427
2026-06-25 09:50:00-04:00,7334.02978515625,7363.72021484375,7332.22021484375,7356.14990234375,58004350
2026-06-25 09:55:00-04:00,7325.83984375,7338.89990234375,7323.5,7333.60009765625,58592948
2026-06-25 10:00:00-04:00,7359.58984375,7362.89990234375,7325.6201171875,7325.6201171875,58165287
2026-06-25 10:05:00-04:00,7376.43017578125,7378.080078125,7359.93994140625,7359.93994140625,51792838
2026-06-25 10:10:00-04:00,7369.31005859375,7386.259765625,7368.8798828125,7376.75,49305987
2026-06-25 10:15:00-04:00,7383.0400390625,7384.08984375,7359.77001953125,7369.22021484375,45071047
2026-06-25 10:20:00-04:00,7377.740234375,7392.6298828125,7373.580078125,7383.22998046875,39033150
2026-06-25 10:25:00-04:00,7382.93017578125,7386.7900390625,7376.68994140625,7377.7099609375,35108834
2026-06-25 10:30:00-04:00,7391.68994140625,7398.93017578125,7381.9501953125,7382.77978515625,39933910
2026-06-25 10:35:00-04:00,7394.60986328125,7396.18994140625,7384.18994140625,7391.85986328125,35907098
2026-06-25 10:40:00-04:00,7381.2998046875,7395.06005859375,7375.68994140625,7394.66015625,34722353
2026-06-25 10:45:00-04:00,7390.990234375,7393.2998046875,7375.89013671875,7381.6201171875,33827381
2026-06-25 10:50:00-04:00,7405.830078125,7406.169921875,7388.740234375,7390.990234375,34135102
2026-06-25 10:55:00-04:00,7379.919921875,7405.85986328125,7379.580078125,7405.85986328125,36672635
2026-06-25 11:00:00-04:00,7389.85986328125,7390.0498046875,7376.60009765625,7380.169921875,33394125
2026-06-25 11:05:00-04:00,7375.89013671875,7392.60009765625,7373.56005859375,7389.830078125,38251000
2026-06-25 11:10:00-04:00,7357.35009765625,7376.1201171875,7354.52001953125,7375.85986328125,37313000
2026-06-25 11:15:00-04:00,7364.669921875,7366.18994140625,7346.77978515625,7357.5498046875,35894000
2026-06-25 11:20:00-04:00,7373.330078125,7375.91015625,7357.93994140625,7364.2001953125,30674000
2026-06-25 11:25:00-04:00,7369.72998046875,7375.85009765625,7366.169921875,7373.2001953125,26877000
2026-06-25 11:30:00-04:00,7370.58984375,7382.31982421875,7369.830078125,7370.35009765625,27172000
2026-06-25 11:35:00-04:00,7370.52001953125,7377.080078125,7370.3701171875,7370.43017578125,23388000
2026-06-25 11:40:00-04:00,7376.14013671875,7376.7001953125,7367.580078125,7370.43017578125,24263000
2026-06-25 11:45:00-04:00,7373.009765625,7385.740234375,7372.0400390625,7375.97021484375,25419000
2026-06-25 11:50:00-04:00,7373.93017578125,7377.27001953125,7369.25,7372.85009765625,24083000
2026-06-25 11:55:00-04:00,7369.2900390625,7376.7900390625,7368.419921875,7373.9599609375,22615000
2026-06-25 12:00:00-04:00,7369.06982421875,7371.330078125,7365.35986328125,7369.1201171875,24579000
2026-06-25 12:05:00-04:00,7381.02001953125,7381.85986328125,7368.39013671875,7369.2998046875,26017000
2026-06-25 12:10:00-04:00,7384.77001953125,7389.22998046875,7380.64990234375,7381.06982421875,27162000
2026-06-25 12:15:00-04:00,7383.0,7389.9599609375,7382.5400390625,7384.8701171875,26015000
2026-06-25 12:20:00-04:00,7372.89013671875,7384.740234375,7370.81005859375,7383.10986328125,25785000
2026-06-25 12:25:00-04:00,7370.2001953125,7373.7998046875,7367.43017578125,7372.7001953125,21453000
2026-06-25 12:30:00-04:00,7361.009765625,7370.35009765625,7357.8798828125,7370.009765625,24141000
2026-06-25 12:35:00-04:00,7356.08984375,7363.31982421875,7354.56005859375,7361.52001953125,22441000
2026-06-25 12:40:00-04:00,7350.2099609375,7357.009765625,7349.16015625,7356.0,23502000
2026-06-25 12:45:00-04:00,7356.1201171875,7357.06982421875,7343.27978515625,7350.740234375,24206000
2026-06-25 12:50:00-04:00,7354.7001953125,7358.27978515625,7351.509765625,7356.14013671875,21954000
2026-06-25 12:55:00-04:00,7353.31005859375,7355.14013671875,7349.02978515625,7354.830078125,19913000
2026-06-25 13:00:00-04:00,7353.56982421875,7358.02001953125,7353.56982421875,7353.6201171875,21685000
2026-06-25 13:05:00-04:00,7354.91015625,7356.10009765625,7350.02001953125,7353.41015625,23539000
2026-06-25 13:10:00-04:00,7360.490234375,7365.10009765625,7354.990234375,7354.990234375,21477000
2026-06-25 13:15:00-04:00,7353.9501953125,7369.81005859375,7353.9501953125,7360.47998046875,22738000
2026-06-25 13:20:00-04:00,7357.66015625,7358.60986328125,7350.06982421875,7353.7900390625,22179000
2026-06-25 13:25:00-04:00,7360.66015625,7364.43017578125,7357.02978515625,7357.66015625,20999000
2026-06-25 13:30:00-04:00,7357.1298828125,7363.06982421875,7354.22998046875,7360.759765625,22150000
2026-06-25 13:35:00-04:00,7360.8798828125,7363.31005859375,7356.7001953125,7357.14990234375,21032000
2026-06-25 13:40:00-04:00,7354.18017578125,7365.06005859375,7353.490234375,7360.97021484375,22756000
2026-06-25 13:45:00-04:00,7346.669921875,7354.35009765625,7344.9599609375,7354.18994140625,24752000
2026-06-25 13:50:00-04:00,7353.66015625,7355.6201171875,7344.68994140625,7346.66015625,21280000
2026-06-25 13:55:00-04:00,7363.0,7363.39013671875,7352.0,7353.6298828125,22200000
2026-06-25 14:00:00-04:00,7347.72021484375,7363.39990234375,7342.91015625,7362.7998046875,27552000
2026-06-25 14:05:00-04:00,7362.240234375,7363.14990234375,7345.89013671875,7347.68017578125,26615000
2026-06-25 14:10:00-04:00,7360.52978515625,7367.25,7357.43017578125,7362.14013671875,20030000
2026-06-25 14:15:00-04:00,7376.72998046875,7381.08984375,7358.16015625,7360.58984375,24512000
2026-06-25 14:20:00-04:00,7377.97021484375,7379.6201171875,7371.08984375,7376.9501953125,22539000
2026-06-25 14:25:00-04:00,7386.580078125,7388.259765625,7377.93994140625,7377.93994140625,25069000
2026-06-25 14:30:00-04:00,7368.10986328125,7386.77001953125,7368.02001953125,7386.77001953125,25116000
2026-06-25 14:35:00-04:00,7371.60986328125,7374.75,7364.60986328125,7368.16015625,24246000
2026-06-25 14:40:00-04:00,7367.7001953125,7372.6201171875,7367.06005859375,7372.009765625,22471000
2026-06-25 14:45:00-04:00,7363.919921875,7367.77978515625,7355.740234375,7367.77978515625,24672000
2026-06-25 14:50:00-04:00,7365.31005859375,7371.3798828125,7362.7001953125,7363.89013671875,23034000
2026-06-25 14:55:00-04:00,7366.14013671875,7368.7001953125,7363.8798828125,7365.39013671875,23202000
2026-06-25 15:00:00-04:00,7357.72998046875,7366.72021484375,7355.52978515625,7366.72021484375,30026000
2026-06-25 15:05:00-04:00,7358.91015625,7360.169921875,7355.91015625,7357.64013671875,25951000
2026-06-25 15:10:00-04:00,7352.2998046875,7359.72021484375,7351.240234375,7358.77001953125,26761000
2026-06-25 15:15:00-04:00,7350.31982421875,7353.81005859375,7346.85986328125,7352.0,31592000
2026-06-25 15:20:00-04:00,7353.64990234375,7354.35986328125,7348.3701171875,7350.27001953125,31531000
2026-06-25 15:25:00-04:00,7352.5400390625,7356.6298828125,7348.68994140625,7354.68994140625,34842000
2026-06-25 15:30:00-04:00,7350.0498046875,7352.68994140625,7345.85986328125,7352.3701171875,45262000
2026-06-25 15:35:00-04:00,7348.2900390625,7349.97998046875,7345.0400390625,7349.97998046875,41017000
2026-06-25 15:40:00-04:00,7347.60986328125,7350.89013671875,7344.830078125,7348.5,45752000
2026-06-25 15:45:00-04:00,7344.72021484375,7347.89990234375,7341.68994140625,7347.47021484375,57565000
2026-06-25 15:50:00-04:00,7353.14990234375,7354.10009765625,7341.85009765625,7345.009765625,87556000
2026-06-25 15:55:00-04:00,7357.169921875,7357.169921875,7347.35009765625,7353.27978515625,238094000
2026-06-26 09:30:00-04:00,7303.89013671875,7320.5498046875,7294.18017578125,7312.740234375,0
2026-06-26 09:35:00-04:00,7308.6298828125,7317.1201171875,7303.830078125,7304.14013671875,56359751
2026-06-26 09:40:00-04:00,7318.60986328125,7321.39013671875,7304.89013671875,7308.10009765625,51427141
2026-06-26 09:45:00-04:00,7314.7998046875,7324.93017578125,7306.89990234375,7318.89990234375,48956622
2026-06-26 09:50:00-04:00,7319.72998046875,7323.08984375,7312.7900390625,7314.18994140625,41078186
2026-06-26 09:55:00-04:00,7335.27001953125,7339.8798828125,7319.669921875,7320.77978515625,42954692
2026-06-26 10:00:00-04:00,7348.9501953125,7350.35986328125,7334.490234375,7336.06005859375,44646750
2026-06-26 10:05:00-04:00,7357.740234375,7358.81982421875,7348.7900390625,7349.330078125,36069155
2026-06-26 10:10:00-04:00,7359.93017578125,7361.33984375,7351.52978515625,7357.4599609375,37991374
2026-06-26 10:15:00-04:00,7353.58984375,7363.0400390625,7352.08984375,7359.490234375,32397143
2026-06-26 10:20:00-04:00,7362.919921875,7369.91015625,7352.60986328125,7353.240234375,37360810
2026-06-26 10:25:00-04:00,7361.97998046875,7367.14013671875,7360.2998046875,7362.47021484375,35454712
2026-06-26 10:30:00-04:00,7361.10009765625,7366.47998046875,7358.0498046875,7362.06005859375,35959710
2026-06-26 10:35:00-04:00,7349.06982421875,7361.64013671875,7348.47998046875,7361.22998046875,32239356
2026-06-26 10:40:00-04:00,7348.68017578125,7357.8701171875,7343.68994140625,7348.990234375,32211146
2026-06-26 10:45:00-04:00,7357.3701171875,7361.56005859375,7348.39013671875,7348.68994140625,30333893
2026-06-26 10:50:00-04:00,7352.06005859375,7359.89013671875,7349.81005859375,7356.9599609375,30090812
2026-06-26 10:55:00-04:00,7352.1298828125,7356.7900390625,7346.490234375,7352.58984375,33309886
2026-06-26 11:00:00-04:00,7354.77001953125,7361.10986328125,7352.22021484375,7352.22021484375,31709434
2026-06-26 11:05:00-04:00,7357.97998046875,7358.77978515625,7350.14990234375,7355.0,34378938
2026-06-26 11:10:00-04:00,7348.2001953125,7359.0498046875,7347.25,7357.990234375,32146632
2026-06-26 11:15:00-04:00,7357.8798828125,7358.7998046875,7343.93994140625,7348.14990234375,35018561
2026-06-26 11:20:00-04:00,7365.3798828125,7365.740234375,7355.89013671875,7357.759765625,34858188
2026-06-26 11:25:00-04:00,7374.0400390625,7374.0400390625,7364.18017578125,7365.7001953125,30798324
2026-06-26 11:30:00-04:00,7372.830078125,7383.72021484375,7371.85986328125,7374.2001953125,36325000
2026-06-26 11:35:00-04:00,7385.56005859375,7386.85009765625,7372.81982421875,7372.81982421875,31543000
2026-06-26 11:40:00-04:00,7390.10986328125,7392.9501953125,7383.2998046875,7385.97021484375,31767000
2026-06-26 11:45:00-04:00,7383.47021484375,7392.41015625,7383.41015625,7390.33984375,31042000
2026-06-26 11:50:00-04:00,7373.509765625,7388.0400390625,7369.85986328125,7383.259765625,39187000
2026-06-26 11:55:00-04:00,7381.6298828125,7386.06982421875,7372.41015625,7373.52001953125,29271000
2026-06-26 12:00:00-04:00,7381.31005859375,7382.66015625,7378.31005859375,7381.66015625,24638000
2026-06-26 12:05:00-04:00,7370.18017578125,7381.31982421875,7369.31005859375,7381.06005859375,24734000
2026-06-26 12:10:00-04:00,7369.259765625,7372.0400390625,7366.18994140625,7370.16015625,24697000
2026-06-26 12:15:00-04:00,7367.85986328125,7373.7998046875,7365.7998046875,7369.18017578125,25584000
2026-06-26 12:20:00-04:00,7361.240234375,7368.7998046875,7356.06005859375,7367.8798828125,28561000
2026-06-26 12:25:00-04:00,7361.52001953125,7363.7900390625,7359.18017578125,7360.72021484375,24587000
2026-06-26 12:30:00-04:00,7373.93017578125,7374.43994140625,7362.0400390625,7362.0400390625,23895000
2026-06-26 12:35:00-04:00,7371.60986328125,7375.240234375,7370.2998046875,7374.0,21738000
2026-06-26 12:40:00-04:00,7368.419921875,7373.5400390625,7368.419921875,7371.5400390625,21839000
2026-06-26 12:45:00-04:00,7371.06982421875,7371.39013671875,7367.02978515625,7368.43994140625,21284000
2026-06-26 12:50:00-04:00,7374.0498046875,7376.39990234375,7370.75,7371.08984375,21749000
2026-06-26 12:55:00-04:00,7372.259765625,7373.669921875,7370.83984375,7373.669921875,21726000
2026-06-26 13:00:00-04:00,7376.60986328125,7379.06005859375,7370.06005859375,7372.27001953125,23261000
2026-06-26 13:05:00-04:00,7384.2099609375,7385.14013671875,7376.56982421875,7376.56982421875,23661000
2026-06-26 13:10:00-04:00,7378.43017578125,7386.22021484375,7377.35986328125,7384.27978515625,21549000
2026-06-26 13:15:00-04:00,7371.7998046875,7379.14013671875,7371.10986328125,7378.43017578125,22015000
2026-06-26 13:20:00-04:00,7368.14990234375,7373.5498046875,7367.259765625,7371.89990234375,27339000
2026-06-26 13:25:00-04:00,7375.14013671875,7376.830078125,7365.919921875,7368.2998046875,22196000
2026-06-26 13:30:00-04:00,7374.259765625,7381.10986328125,7372.6298828125,7375.14990234375,22030000
2026-06-26 13:35:00-04:00,7367.7998046875,7374.18994140625,7367.5498046875,7374.1201171875,19930000
2026-06-26 13:40:00-04:00,7370.31982421875,7372.60009765625,7364.33984375,7367.75,20738000
2026-06-26 13:45:00-04:00,7366.259765625,7371.580078125,7366.14013671875,7370.35986328125,22007000
2026-06-26 13:50:00-04:00,7368.60009765625,7370.68017578125,7365.669921875,7366.2001953125,21584000
2026-06-26 13:55:00-04:00,7364.509765625,7368.68994140625,7362.3798828125,7368.6201171875,23623000
2026-06-26 14:00:00-04:00,7370.0498046875,7371.259765625,7364.169921875,7364.47021484375,27930000
2026-06-26 14:05:00-04:00,7369.8798828125,7373.35986328125,7368.02978515625,7370.2001953125,22345000
2026-06-26 14:10:00-04:00,7367.64990234375,7371.759765625,7366.419921875,7369.56005859375,26255000
2026-06-26 14:15:00-04:00,7361.6298828125,7369.7001953125,7360.41015625,7367.97998046875,23572000
2026-06-26 14:20:00-04:00,7362.81982421875,7364.2099609375,7360.27978515625,7361.60986328125,22310000
2026-06-26 14:25:00-04:00,7355.990234375,7364.2099609375,7354.93994140625,7363.10009765625,22148000
2026-06-26 14:30:00-04:00,7362.490234375,7364.2001953125,7355.490234375,7355.990234375,26753000
2026-06-26 14:35:00-04:00,7356.68017578125,7362.68017578125,7355.68994140625,7362.47998046875,24195000
2026-06-26 14:40:00-04:00,7356.3798828125,7359.2001953125,7355.259765625,7356.77978515625,24372000
2026-06-26 14:45:00-04:00,7348.06005859375,7356.2001953125,7345.2900390625,7356.2001953125,27023000
2026-06-26 14:50:00-04:00,7345.419921875,7348.06005859375,7344.02001953125,7347.9599609375,26995000
2026-06-26 14:55:00-04:00,7343.759765625,7348.7900390625,7340.08984375,7345.419921875,27496000
2026-06-26 15:00:00-04:00,7342.740234375,7348.18017578125,7342.5498046875,7343.7998046875,33225000
2026-06-26 15:05:00-04:00,7351.509765625,7352.68994140625,7341.8798828125,7342.31982421875,33556000
2026-06-26 15:10:00-04:00,7355.97998046875,7355.97998046875,7348.60009765625,7351.52978515625,32599000
2026-06-26 15:15:00-04:00,7355.56005859375,7357.330078125,7352.5,7355.85009765625,29498000
2026-06-26 15:20:00-04:00,7350.25,7356.5400390625,7345.47021484375,7355.47021484375,33828000
2026-06-26 15:25:00-04:00,7349.41015625,7352.4599609375,7348.77978515625,7350.31005859375,37010000
2026-06-26 15:30:00-04:00,7354.72998046875,7355.990234375,7345.81005859375,7349.5400390625,46927000
2026-06-26 15:35:00-04:00,7350.580078125,7355.4501953125,7350.580078125,7354.81005859375,48417000
2026-06-26 15:40:00-04:00,7360.16015625,7361.10009765625,7350.47021484375,7350.66015625,66056000
2026-06-26 15:45:00-04:00,7358.2001953125,7366.02001953125,7354.7099609375,7360.47998046875,83646000
2026-06-26 15:50:00-04:00,7359.64013671875,7365.580078125,7353.7099609375,7358.10986328125,172812000
2026-06-26 15:55:00-04:00,7337.81005859375,7363.97998046875,7337.68017578125,7359.31005859375,345682000
2026-06-29 09:30:00-04:00,7416.3701171875,7417.31982421875,7384.81005859375,7391.8798828125,0
2026-06-29 09:35:00-04:00,7409.240234375,7416.39990234375,7398.509765625,7416.39990234375,60756009
2026-06-29 09:40:00-04:00,7420.8798828125,7421.419921875,7403.7001953125,7409.58984375,51663885
2026-06-29 09:45:00-04:00,7417.64013671875,7427.2001953125,7417.31982421875,7421.39013671875,54733184
2026-06-29 09:50:00-04:00,7418.66015625,7427.7998046875,7412.85986328125,7417.72021484375,50192662
2026-06-29 09:55:00-04:00,7397.31982421875,7419.25,7393.52978515625,7418.169921875,48730118
2026-06-29 10:00:00-04:00,7389.5498046875,7398.47998046875,7387.22998046875,7397.1201171875,42923875
2026-06-29 10:05:00-04:00,7379.990234375,7389.97021484375,7375.64990234375,7389.31005859375,44842302
2026-06-29 10:10:00-04:00,7355.43994140625,7380.6201171875,7355.43994140625,7379.5,47533870
2026-06-29 10:15:00-04:00,7365.27978515625,7366.7900390625,7348.8798828125,7355.06005859375,50696134
2026-06-29 10:20:00-04:00,7370.4599609375,7374.10009765625,7362.419921875,7365.5,42369722
2026-06-29 10:25:00-04:00,7390.6201171875,7391.35009765625,7370.6201171875,7370.64990234375,43022896
2026-06-29 10:30:00-04:00,7404.18017578125,7405.64013671875,7389.2001953125,7390.6201171875,47809650
2026-06-29 10:35:00-04:00,7400.35009765625,7406.43017578125,7398.72021484375,7404.02978515625,37594935
2026-06-29 10:40:00-04:00,7400.35986328125,7406.7900390625,7398.22998046875,7400.5400390625,31777366
2026-06-29 10:45:00-04:00,7396.47021484375,7400.14013671875,7388.39990234375,7400.14013671875,35036756
2026-06-29 10:50:00-04:00,7409.27978515625,7412.14013671875,7396.06982421875,7396.3701171875,34509362
2026-06-29 10:55:00-04:00,7407.83984375,7409.14013671875,7401.0400390625,7409.14013671875,36646173
2026-06-29 11:00:00-04:00,7402.2099609375,7409.830078125,7401.33984375,7408.02001953125,34417203
2026-06-29 11:05:00-04:00,7400.85986328125,7404.18017578125,7398.89990234375,7402.31005859375,30785516
2026-06-29 11:10:00-04:00,7403.58984375,7403.72998046875,7394.31005859375,7400.8701171875,32218289
2026-06-29 11:15:00-04:00,7398.990234375,7406.4599609375,7398.4599609375,7403.68994140625,29844000
2026-06-29 11:20:00-04:00,7395.97021484375,7403.68017578125,7393.7001953125,7398.81982421875,28400000
2026-06-29 11:25:00-04:00,7406.85009765625,7407.22021484375,7394.8701171875,7396.22998046875,28036000
2026-06-29 11:30:00-04:00,7405.58984375,7408.9501953125,7404.85009765625,7406.93017578125,31406000
2026-06-29 11:35:00-04:00,7408.5498046875,7409.5,7400.77001953125,7405.27001953125,29533000
2026-06-29 11:40:00-04:00,7412.72021484375,7412.8701171875,7406.2099609375,7408.72021484375,29536000
2026-06-29 11:45:00-04:00,7407.31982421875,7412.7001953125,7406.39013671875,7412.7001953125,28492000
2026-06-29 11:50:00-04:00,7409.18994140625,7410.330078125,7406.64013671875,7407.35009765625,23848000
2026-06-29 11:55:00-04:00,7413.3798828125,7414.06005859375,7407.2099609375,7409.39013671875,24414000
2026-06-29 12:00:00-04:00,7417.85009765625,7417.85009765625,7413.330078125,7413.330078125,26863000
2026-06-29 12:05:00-04:00,7416.25,7419.6201171875,7415.6201171875,7417.7998046875,24534000
2026-06-29 12:10:00-04:00,7413.56982421875,7418.1201171875,7413.10986328125,7416.419921875,24807000
2026-06-29 12:15:00-04:00,7414.31005859375,7416.64013671875,7413.2998046875,7413.7998046875,23756000
2026-06-29 12:20:00-04:00,7416.56982421875,7417.10009765625,7412.89013671875,7414.35986328125,27491000
2026-06-29 12:25:00-04:00,7412.31982421875,7417.33984375,7411.68994140625,7416.81005859375,23306000
2026-06-29 12:30:00-04:00,7410.06005859375,7413.72998046875,7408.68017578125,7412.259765625,23184000
2026-06-29 12:35:00-04:00,7412.990234375,7413.0400390625,7408.490234375,7410.009765625,22925000
2026-06-29 12:40:00-04:00,7413.7998046875,7414.47998046875,7411.740234375,7413.0400390625,20964000
2026-06-29 12:45:00-04:00,7413.97021484375,7415.39990234375,7410.97998046875,7413.81982421875,23090000
2026-06-29 12:50:00-04:00,7417.81982421875,7418.60009765625,7413.39013671875,7414.06982421875,24179000
2026-06-29 12:55:00-04:00,7416.10009765625,7417.7900390625,7415.2998046875,7417.7900390625,19743000
2026-06-29 13:00:00-04:00,7418.81005859375,7419.4599609375,7415.97998046875,7415.97998046875,22352000
2026-06-29 13:05:00-04:00,7422.14990234375,7422.64990234375,7418.43994140625,7419.02978515625,21890000
2026-06-29 13:10:00-04:00,7428.75,7430.47021484375,7422.08984375,7422.08984375,22074000
2026-06-29 13:15:00-04:00,7430.1201171875,7431.22021484375,7428.31005859375,7428.77978515625,21771000
2026-06-29 13:20:00-04:00,7424.330078125,7432.0498046875,7423.93994140625,7430.16015625,23589000
2026-06-29 13:25:00-04:00,7430.68017578125,7431.18017578125,7423.64990234375,7424.240234375,25023000
2026-06-29 13:30:00-04:00,7431.759765625,7435.259765625,7429.0,7430.830078125,25667000
2026-06-29 13:35:00-04:00,7432.0,7433.6298828125,7429.85009765625,7431.58984375,20930000
2026-06-29 13:40:00-04:00,7432.18994140625,7433.2001953125,7431.4501953125,7432.1201171875,18787000
2026-06-29 13:45:00-04:00,7433.89990234375,7434.6201171875,7430.47021484375,7432.169921875,19258000
2026-06-29 13:50:00-04:00,7434.56005859375,7436.81005859375,7432.85009765625,7433.8798828125,19182000
2026-06-29 13:55:00-04:00,7433.14990234375,7435.64990234375,7430.5,7434.64990234375,20379000
2026-06-29 14:00:00-04:00,7435.10986328125,7435.8798828125,7431.5400390625,7433.2099609375,34841000
2026-06-29 14:05:00-04:00,7434.06982421875,7436.669921875,7433.5400390625,7435.08984375,31498000
2026-06-29 14:10:00-04:00,7435.1201171875,7435.97998046875,7433.3798828125,7434.27978515625,22519000
2026-06-29 14:15:00-04:00,7433.240234375,7435.35009765625,7432.9599609375,7435.22021484375,24793000
2026-06-29 14:20:00-04:00,7432.6201171875,7434.490234375,7430.740234375,7433.330078125,21468000
2026-06-29 14:25:00-04:00,7430.5400390625,7432.72021484375,7430.1298828125,7432.66015625,23443000
2026-06-29 14:30:00-04:00,7435.0498046875,7435.8701171875,7430.490234375,7430.66015625,23413000
2026-06-29 14:35:00-04:00,7436.2900390625,7438.06005859375,7434.259765625,7435.08984375,22397000
2026-06-29 14:40:00-04:00,7438.75,7439.490234375,7435.740234375,7436.31005859375,23640000
2026-06-29 14:45:00-04:00,7438.7900390625,7440.64013671875,7437.7998046875,7438.7099609375,28477000
2026-06-29 14:50:00-04:00,7438.14990234375,7439.080078125,7436.02001953125,7438.81005859375,28149000
2026-06-29 14:55:00-04:00,7436.10986328125,7438.39990234375,7435.0,7438.22021484375,26438000
2026-06-29 15:00:00-04:00,7434.68017578125,7438.16015625,7433.2001953125,7436.14013671875,29268000
2026-06-29 15:05:00-04:00,7436.990234375,7438.5498046875,7433.8798828125,7434.7998046875,28288000
2026-06-29 15:10:00-04:00,7435.10986328125,7437.14990234375,7434.72021484375,7436.93017578125,26654000
2026-06-29 15:15:00-04:00,7436.0498046875,7437.0,7433.14013671875,7435.1201171875,33735000
2026-06-29 15:20:00-04:00,7439.10986328125,7440.47998046875,7435.81005859375,7435.81005859375,34404000
2026-06-29 15:25:00-04:00,7437.759765625,7439.5,7437.759765625,7438.97998046875,35883000
2026-06-29 15:30:00-04:00,7433.7900390625,7438.06005859375,7433.18017578125,7437.75,48988000
2026-06-29 15:35:00-04:00,7436.7001953125,7436.8701171875,7433.41015625,7433.7998046875,43240000
2026-06-29 15:40:00-04:00,7435.22021484375,7438.7099609375,7433.72998046875,7436.72021484375,42671000
2026-06-29 15:45:00-04:00,7437.2099609375,7437.56005859375,7435.2998046875,7435.509765625,56647000
2026-06-29 15:50:00-04:00,7432.31982421875,7437.27001953125,7431.68994140625,7437.27001953125,89247000
2026-06-29 15:55:00-04:00,7439.259765625,7444.31982421875,7432.2998046875,7432.2998046875,243481000
2026-06-30 09:30:00-04:00,7442.06005859375,7449.740234375,7438.0400390625,7441.27001953125,0
2026-06-30 09:35:00-04:00,7442.68994140625,7449.919921875,7440.93994140625,7441.25,52054831
2026-06-30 09:40:00-04:00,7447.56005859375,7450.35009765625,7440.27978515625,7442.830078125,39825462
2026-06-30 09:45:00-04:00,7448.830078125,7450.97021484375,7445.330078125,7447.580078125,43100056
2026-06-30 09:50:00-04:00,7460.3798828125,7463.240234375,7447.85986328125,7448.60986328125,41573043
2026-06-30 09:55:00-04:00,7467.5498046875,7467.58984375,7460.490234375,7460.490234375,41678705
2026-06-30 10:00:00-04:00,7473.06982421875,7473.06982421875,7456.85009765625,7467.990234375,43767193
2026-06-30 10:05:00-04:00,7462.990234375,7473.41015625,7462.08984375,7473.41015625,37783130
2026-06-30 10:10:00-04:00,7463.4501953125,7466.56982421875,7459.2900390625,7463.06005859375,35315500
2026-06-30 10:15:00-04:00,7463.64990234375,7466.27978515625,7461.27978515625,7463.4501953125,37571640
2026-06-30 10:20:00-04:00,7471.2900390625,7472.64013671875,7462.740234375,7463.77978515625,30932850
2026-06-30 10:25:00-04:00,7472.2099609375,7473.3798828125,7468.5498046875,7471.169921875,28567245
2026-06-30 10:30:00-04:00,7480.2001953125,7480.2001953125,7471.919921875,7472.33984375,32084624
2026-06-30 10:35:00-04:00,7473.27001953125,7480.7099609375,7471.39013671875,7480.7099609375,30758474
2026-06-30 10:40:00-04:00,7476.0,7477.4599609375,7469.89990234375,7473.419921875,31296605
2026-06-30 10:45:00-04:00,7466.27001953125,7476.14013671875,7465.10009765625,7476.14013671875,30821595
2026-06-30 10:50:00-04:00,7461.3798828125,7470.39013671875,7461.31982421875,7466.18994140625,28803860
2026-06-30 10:55:00-04:00,7461.43994140625,7465.2900390625,7457.72998046875,7461.47998046875,31099465
2026-06-30 11:00:00-04:00,7469.68017578125,7471.31982421875,7460.85009765625,7461.2099609375,34343556
2026-06-30 11:05:00-04:00,7472.52978515625,7472.990234375,7466.31982421875,7469.580078125,30303075
2026-06-30 11:10:00-04:00,7476.18994140625,7477.75,7471.419921875,7472.43017578125,29528039
2026-06-30 11:15:00-04:00,7473.93994140625,7476.41015625,7471.77978515625,7476.14013671875,28822466
2026-06-30 11:20:00-04:00,7479.419921875,7480.06005859375,7473.4599609375,7474.02978515625,28776950
2026-06-30 11:25:00-04:00,7480.83984375,7481.56982421875,7478.43994140625,7479.39013671875,25688318
2026-06-30 11:30:00-04:00,7482.43994140625,7482.60986328125,7478.77001953125,7480.81982421875,27865329
2026-06-30 11:35:00-04:00,7477.93017578125,7482.64013671875,7477.06005859375,7482.47021484375,26374633
2026-06-30 11:40:00-04:00,7478.60986328125,7480.4599609375,7476.33984375,7477.8701171875,25156226
2026-06-30 11:45:00-04:00,7482.72021484375,7484.89013671875,7478.60009765625,7478.60009765625,22916276
2026-06-30 11:50:00-04:00,7485.64013671875,7485.66015625,7481.5,7482.64990234375,24257000
2026-06-30 11:55:00-04:00,7486.0498046875,7487.89013671875,7484.81005859375,7485.60009765625,23362000
2026-06-30 12:00:00-04:00,7488.43994140625,7489.5,7485.72021484375,7486.1298828125,24939000
2026-06-30 12:05:00-04:00,7488.66015625,7491.77001953125,7488.16015625,7488.47998046875,21398000
2026-06-30 12:10:00-04:00,7490.93017578125,7491.1298828125,7488.64013671875,7488.7900390625,19983000
2026-06-30 12:15:00-04:00,7492.3798828125,7493.7001953125,7490.0400390625,7490.77978515625,21193000
2026-06-30 12:20:00-04:00,7492.580078125,7493.580078125,7490.93017578125,7492.41015625,22021000
2026-06-30 12:25:00-04:00,7491.1201171875,7493.2099609375,7490.81005859375,7492.64013671875,21531000
2026-06-30 12:30:00-04:00,7490.47021484375,7492.6298828125,7489.52001953125,7491.16015625,20590000
2026-06-30 12:35:00-04:00,7491.9501953125,7492.009765625,7489.81982421875,7490.43994140625,20342000
2026-06-30 12:40:00-04:00,7493.2001953125,7494.1298828125,7491.75,7492.10009765625,21508000
2026-06-30 12:45:00-04:00,7496.490234375,7496.669921875,7493.4599609375,7493.47021484375,20874000
2026-06-30 12:50:00-04:00,7498.10986328125,7498.8701171875,7495.02978515625,7496.5400390625,24698000
2026-06-30 12:55:00-04:00,7495.93017578125,7498.580078125,7494.7099609375,7498.16015625,23176000
2026-06-30 13:00:00-04:00,7498.490234375,7499.60009765625,7495.89013671875,7495.89013671875,22811000
2026-06-30 13:05:00-04:00,7497.2900390625,7499.0,7497.009765625,7498.47021484375,24798000
2026-06-30 13:10:00-04:00,7494.47998046875,7497.56982421875,7494.25,7497.39013671875,20028000
2026-06-30 13:15:00-04:00,7494.8798828125,7495.52978515625,7493.68017578125,7494.5400390625,20581000
2026-06-30 13:20:00-04:00,7495.35009765625,7496.91015625,7494.27978515625,7494.7900390625,21008000
2026-06-30 13:25:00-04:00,7493.2001953125,7495.759765625,7492.06982421875,7495.33984375,22438000
2026-06-30 13:30:00-04:00,7494.39990234375,7495.10009765625,7491.58984375,7493.2001953125,22321000
2026-06-30 13:35:00-04:00,7490.18017578125,7494.740234375,7489.7099609375,7494.4501953125,22625000
2026-06-30 13:40:00-04:00,7494.10986328125,7494.669921875,7489.89013671875,7490.22021484375,22331000
2026-06-30 13:45:00-04:00,7491.669921875,7494.22021484375,7490.9501953125,7493.97021484375,20615000
2026-06-30 13:50:00-04:00,7492.81982421875,7493.83984375,7491.02001953125,7491.72021484375,19803000
2026-06-30 13:55:00-04:00,7492.68017578125,7493.2900390625,7491.77978515625,7492.91015625,19923000
2026-06-30 14:00:00-04:00,7494.5498046875,7496.60986328125,7491.9599609375,7492.68994140625,25886000
2026-06-30 14:05:00-04:00,7494.97998046875,7495.97021484375,7491.169921875,7494.47998046875,24264000
2026-06-30 14:10:00-04:00,7495.89013671875,7496.16015625,7494.14990234375,7494.93994140625,18455000
2026-06-30 14:15:00-04:00,7497.72021484375,7497.93994140625,7495.080078125,7495.81982421875,21726000
2026-06-30 14:20:00-04:00,7496.93994140625,7499.10986328125,7496.85009765625,7497.759765625,21118000
2026-06-30 14:25:00-04:00,7495.77001953125,7497.39013671875,7494.77978515625,7496.919921875,23282000
2026-06-30 14:30:00-04:00,7495.259765625,7496.1201171875,7493.8798828125,7495.77001953125,26298000
2026-06-30 14:35:00-04:00,7495.1298828125,7496.8701171875,7494.72021484375,7495.2099609375,29051000
2026-06-30 14:40:00-04:00,7498.2099609375,7498.89990234375,7495.169921875,7495.18994140625,22572000
2026-06-30 14:45:00-04:00,7501.27001953125,7501.3798828125,7496.75,7498.0400390625,24974000
2026-06-30 14:50:00-04:00,7499.16015625,7502.64990234375,7498.43017578125,7501.419921875,25089000
2026-06-30 14:55:00-04:00,7499.85009765625,7501.2900390625,7498.97021484375,7499.1298828125,24582000
2026-06-30 15:00:00-04:00,7500.85009765625,7502.0400390625,7499.7900390625,7499.85986328125,29187000
2026-06-30 15:05:00-04:00,7503.4599609375,7503.990234375,7499.93994140625,7500.8798828125,31042000
2026-06-30 15:10:00-04:00,7505.33984375,7505.56005859375,7502.18017578125,7503.419921875,28971000
2026-06-30 15:15:00-04:00,7504.31005859375,7508.2900390625,7504.16015625,7505.58984375,33743000
2026-06-30 15:20:00-04:00,7504.72021484375,7506.25,7503.2998046875,7504.35986328125,32741000
2026-06-30 15:25:00-04:00,7502.52001953125,7505.330078125,7501.89990234375,7504.68994140625,37152000
2026-06-30 15:30:00-04:00,7499.7900390625,7502.97998046875,7499.72021484375,7502.5400390625,45885000
2026-06-30 15:35:00-04:00,7498.08984375,7500.22998046875,7496.16015625,7499.93017578125,39881000
2026-06-30 15:40:00-04:00,7499.56005859375,7499.60009765625,7496.72998046875,7498.0,49247000
2026-06-30 15:45:00-04:00,7497.43017578125,7501.3701171875,7496.83984375,7499.60986328125,58981000
2026-06-30 15:50:00-04:00,7502.81982421875,7503.43017578125,7495.35009765625,7497.52978515625,99533000
2026-06-30 15:55:00-04:00,7496.31005859375,7507.669921875,7495.18017578125,7503.22998046875,303826000
2026-07-01 09:30:00-04:00,7450.81005859375,7479.240234375,7450.1298828125,7478.83984375,0
2026-07-01 09:35:00-04:00,7457.56005859375,7459.2900390625,7449.6298828125,7450.75,62844925
2026-07-01 09:40:00-04:00,7458.75,7463.990234375,7455.08984375,7457.14990234375,51539671
2026-07-01 09:45:00-04:00,7463.9501953125,7467.41015625,7454.990234375,7457.91015625,54947716
2026-07-01 09:50:00-04:00,7474.35986328125,7476.18994140625,7463.02978515625,7463.81982421875,44686648
2026-07-01 09:55:00-04:00,7480.52001953125,7480.77001953125,7471.77001953125,7474.330078125,38026024
2026-07-01 10:00:00-04:00,7481.5498046875,7483.669921875,7477.52001953125,7480.8798828125,43439392
2026-07-01 10:05:00-04:00,7488.39990234375,7490.740234375,7480.93994140625,7481.5400390625,38495214
2026-07-01 10:10:00-04:00,7493.52001953125,7496.5400390625,7487.81982421875,7488.4501953125,40138078
2026-07-01 10:15:00-04:00,7494.77001953125,7495.97021484375,7491.0400390625,7493.56982421875,37148329
2026-07-01 10:20:00-04:00,7495.669921875,7497.81982421875,7493.77978515625,7494.85009765625,38332177
2026-07-01 10:25:00-04:00,7496.1201171875,7498.2099609375,7494.6298828125,7495.72021484375,34690070
2026-07-01 10:30:00-04:00,7490.56005859375,7496.97021484375,7488.009765625,7496.0498046875,43344390
2026-07-01 10:35:00-04:00,7496.25,7496.64990234375,7487.68017578125,7490.740234375,38490262
2026-07-01 10:40:00-04:00,7493.85986328125,7497.91015625,7491.830078125,7496.7001953125,39142719
2026-07-01 10:45:00-04:00,7491.91015625,7493.830078125,7484.41015625,7493.830078125,42183958
2026-07-01 10:50:00-04:00,7495.2900390625,7498.669921875,7491.52978515625,7491.97021484375,39528217
2026-07-01 10:55:00-04:00,7497.06982421875,7497.06982421875,7490.7099609375,7495.33984375,44964986
2026-07-01 11:00:00-04:00,7505.18017578125,7506.68017578125,7496.35986328125,7496.47998046875,37359775
2026-07-01 11:05:00-04:00,7503.93994140625,7507.759765625,7500.60009765625,7505.0498046875,39615923
2026-07-01 11:10:00-04:00,7508.31982421875,7508.419921875,7501.85986328125,7503.93017578125,35037856
2026-07-01 11:15:00-04:00,7512.3798828125,7513.16015625,7507.81005859375,7508.3798828125,35647000
2026-07-01 11:20:00-04:00,7515.97021484375,7518.18994140625,7512.2998046875,7512.2998046875,33705000
2026-07-01 11:25:00-04:00,7520.64013671875,7521.10986328125,7515.31005859375,7515.8701171875,36403000
2026-07-01 11:30:00-04:00,7513.97998046875,7520.9599609375,7513.97998046875,7520.47998046875,36238000
2026-07-01 11:35:00-04:00,7513.3798828125,7515.52978515625,7510.759765625,7513.8798828125,31343000
2026-07-01 11:40:00-04:00,7514.9599609375,7516.259765625,7511.91015625,7513.3701171875,27586000
2026-07-01 11:45:00-04:00,7511.8701171875,7515.990234375,7511.169921875,7514.93017578125,27793000
2026-07-01 11:50:00-04:00,7512.2099609375,7515.580078125,7510.669921875,7511.740234375,25823000
2026-07-01 11:55:00-04:00,7515.41015625,7515.990234375,7510.97021484375,7512.2001953125,25997000
2026-07-01 12:00:00-04:00,7515.580078125,7519.2099609375,7514.330078125,7515.0400390625,25158000
2026-07-01 12:05:00-04:00,7515.830078125,7518.009765625,7514.27001953125,7515.5400390625,25730000
2026-07-01 12:10:00-04:00,7518.259765625,7518.4501953125,7514.89990234375,7515.759765625,23073000
2026-07-01 12:15:00-04:00,7518.02978515625,7519.14013671875,7516.169921875,7518.330078125,23628000
2026-07-01 12:20:00-04:00,7519.97998046875,7521.81005859375,7516.89990234375,7518.080078125,24274000
2026-07-01 12:25:00-04:00,7517.080078125,7521.14990234375,7516.990234375,7519.77001953125,22894000
2026-07-01 12:30:00-04:00,7518.169921875,7519.2998046875,7517.0400390625,7517.0400390625,22614000
2026-07-01 12:35:00-04:00,7513.2900390625,7517.97021484375,7513.27001953125,7517.97021484375,20207000
2026-07-01 12:40:00-04:00,7513.81005859375,7514.259765625,7510.2001953125,7513.25,21077000
2026-07-01 12:45:00-04:00,7511.35009765625,7515.25,7511.35009765625,7513.81005859375,21731000
2026-07-01 12:50:00-04:00,7509.0498046875,7513.27978515625,7507.27978515625,7511.27978515625,22207000
2026-07-01 12:55:00-04:00,7503.240234375,7509.330078125,7501.93994140625,7508.9599609375,24619000
2026-07-01 13:00:00-04:00,7502.4501953125,7507.02978515625,7501.6298828125,7503.27001953125,23634000
2026-07-01 13:05:00-04:00,7502.4501953125,7503.47021484375,7498.31005859375,7502.27001953125,25677000
2026-07-01 13:10:00-04:00,7505.66015625,7506.1201171875,7500.4599609375,7502.580078125,21570000
2026-07-01 13:15:00-04:00,7508.5,7508.85009765625,7504.89990234375,7505.7099609375,22813000
2026-07-01 13:20:00-04:00,7510.14990234375,7510.39013671875,7508.5400390625,7508.5400390625,20139000
2026-07-01 13:25:00-04:00,7506.7099609375,7511.7998046875,7506.58984375,7510.06005859375,21072000
2026-07-01 13:30:00-04:00,7505.4501953125,7509.1298828125,7504.31005859375,7506.7001953125,27512000
2026-07-01 13:35:00-04:00,7506.8701171875,7507.81005859375,7503.7001953125,7505.4501953125,22744000
2026-07-01 13:40:00-04:00,7502.60986328125,7507.4501953125,7502.33984375,7507.08984375,21206000
2026-07-01 13:45:00-04:00,7501.64013671875,7503.830078125,7500.39990234375,7502.3798828125,21062000
2026-07-01 13:50:00-04:00,7503.33984375,7504.6298828125,7500.18017578125,7501.52001953125,23790000
2026-07-01 13:55:00-04:00,7499.259765625,7503.5,7499.02978515625,7503.39990234375,26360000
2026-07-01 14:00:00-04:00,7504.64013671875,7504.64013671875,7499.16015625,7499.39013671875,28329000
2026-07-01 14:05:00-04:00,7502.740234375,7504.39013671875,7500.759765625,7504.39013671875,26043000
2026-07-01 14:10:00-04:00,7498.14013671875,7503.080078125,7498.02978515625,7502.77978515625,24946000
2026-07-01 14:15:00-04:00,7499.56005859375,7499.60986328125,7494.64990234375,7498.08984375,23664000
2026-07-01 14:20:00-04:00,7501.41015625,7501.5,7498.7001953125,7499.1201171875,25258000
2026-07-01 14:25:00-04:00,7498.7998046875,7502.35986328125,7498.4599609375,7501.52001953125,28461000
2026-07-01 14:30:00-04:00,7499.7001953125,7499.97021484375,7497.1298828125,7498.56005859375,25521000
2026-07-01 14:35:00-04:00,7500.16015625,7501.259765625,7498.259765625,7499.52001953125,22990000
2026-07-01 14:40:00-04:00,7498.89990234375,7500.490234375,7497.7001953125,7500.08984375,25202000
2026-07-01 14:45:00-04:00,7496.60009765625,7499.1298828125,7494.47998046875,7498.97998046875,25245000
2026-07-01 14:50:00-04:00,7491.85009765625,7496.93994140625,7491.64990234375,7496.5400390625,31215000
2026-07-01 14:55:00-04:00,7495.919921875,7496.3798828125,7491.740234375,7491.740234375,31109000
2026-07-01 15:00:00-04:00,7500.75,7500.9599609375,7495.5498046875,7495.93017578125,32679000
2026-07-01 15:05:00-04:00,7504.52001953125,7504.81005859375,7500.64990234375,7500.97998046875,28355000
2026-07-01 15:10:00-04:00,7501.02001953125,7504.330078125,7499.85986328125,7504.330078125,29566000
2026-07-01 15:15:00-04:00,7501.85009765625,7503.1298828125,7499.85986328125,7500.830078125,35883000
2026-07-01 15:20:00-04:00,7502.740234375,7503.06005859375,7500.56982421875,7501.91015625,32406000
2026-07-01 15:25:00-04:00,7497.5400390625,7502.77001953125,7496.669921875,7502.77001953125,34115000
2026-07-01 15:30:00-04:00,7499.490234375,7500.85986328125,7497.22021484375,7497.22021484375,43649000
2026-07-01 15:35:00-04:00,7496.18994140625,7499.60986328125,7495.06982421875,7499.60986328125,39450000
2026-07-01 15:40:00-04:00,7494.240234375,7496.31982421875,7492.5,7496.080078125,45439000
2026-07-01 15:45:00-04:00,7492.43994140625,7494.259765625,7491.0,7494.2099609375,57761000
2026-07-01 15:50:00-04:00,7489.43994140625,7495.31982421875,7486.9501953125,7492.52978515625,92071000
2026-07-01 15:55:00-04:00,7485.02001953125,7489.52001953125,7479.31005859375,7489.52001953125,260687000
2026-07-02 09:30:00-04:00,7514.35009765625,7515.52001953125,7495.14013671875,7495.14013671875,0
2026-07-02 09:35:00-04:00,7514.3701171875,7520.02001953125,7507.35986328125,7514.4501953125,51720805
2026-07-02 09:40:00-04:00,7526.2099609375,7530.31005859375,7515.39013671875,7515.64013671875,42925549
2026-07-02 09:45:00-04:00,7533.5498046875,7535.89013671875,7524.330078125,7525.56982421875,42692020
2026-07-02 09:50:00-04:00,7534.02978515625,7540.4501953125,7530.47998046875,7532.60009765625,45817265
2026-07-02 09:55:00-04:00,7534.990234375,7536.169921875,7529.169921875,7533.72998046875,38173167
2026-07-02 10:00:00-04:00,7535.75,7539.14013671875,7532.43017578125,7535.7001953125,41307397
2026-07-02 10:05:00-04:00,7530.52978515625,7537.990234375,7529.6298828125,7535.68017578125,38588560
2026-07-02 10:10:00-04:00,7537.47021484375,7540.75,7524.83984375,7530.83984375,32308249
2026-07-02 10:15:00-04:00,7534.81982421875,7539.97998046875,7529.39013671875,7537.7900390625,33026242
2026-07-02 10:20:00-04:00,7523.66015625,7535.68994140625,7523.16015625,7534.4599609375,35188960
2026-07-02 10:25:00-04:00,7507.5400390625,7525.14013671875,7503.72998046875,7523.72998046875,40756642
2026-07-02 10:30:00-04:00,7510.009765625,7521.330078125,7503.81982421875,7507.580078125,39122020
2026-07-02 10:35:00-04:00,7511.89013671875,7518.52978515625,7505.669921875,7510.1201171875,38140810
2026-07-02 10:40:00-04:00,7495.35009765625,7513.169921875,7490.89013671875,7511.8798828125,42212125
2026-07-02 10:45:00-04:00,7499.39990234375,7504.02978515625,7490.259765625,7495.509765625,41736792
2026-07-02 10:50:00-04:00,7492.35009765625,7503.8798828125,7487.3701171875,7499.41015625,37624929
2026-07-02 10:55:00-04:00,7503.85009765625,7503.97021484375,7491.89990234375,7491.93994140625,33044548
2026-07-02 11:00:00-04:00,7487.81982421875,7505.3798828125,7487.81982421875,7504.240234375,34891955
2026-07-02 11:05:00-04:00,7480.18017578125,7490.81005859375,7468.97998046875,7487.5,41536599
2026-07-02 11:10:00-04:00,7487.83984375,7492.35986328125,7477.75,7480.25,31154144
2026-07-02 11:15:00-04:00,7472.72998046875,7490.06005859375,7471.6298828125,7487.58984375,31109045
2026-07-02 11:20:00-04:00,7485.5400390625,7486.27001953125,7470.0400390625,7473.14013671875,32014704
2026-07-02 11:25:00-04:00,7476.6298828125,7487.31005859375,7476.58984375,7485.8701171875,31114785
2026-07-02 11:30:00-04:00,7488.02001953125,7490.22021484375,7476.2998046875,7476.3798828125,30101000
2026-07-02 11:35:00-04:00,7489.60009765625,7494.18017578125,7487.3798828125,7488.1201171875,31686000
2026-07-02 11:40:00-04:00,7480.919921875,7492.9501953125,7480.919921875,7489.5498046875,26360000
2026-07-02 11:45:00-04:00,7475.759765625,7484.18017578125,7475.22021484375,7480.43017578125,27414000
2026-07-02 11:50:00-04:00,7472.77978515625,7475.9599609375,7467.580078125,7475.9599609375,27828000
2026-07-02 11:55:00-04:00,7473.75,7476.66015625,7467.91015625,7472.72021484375,26691000
2026-07-02 12:00:00-04:00,7470.6298828125,7475.85986328125,7464.27001953125,7473.740234375,30964000
2026-07-02 12:05:00-04:00,7465.83984375,7473.06005859375,7464.72021484375,7470.72998046875,30282000
2026-07-02 12:10:00-04:00,7472.35009765625,7473.89013671875,7464.97021484375,7465.9501953125,27643000
2026-07-02 12:15:00-04:00,7467.97998046875,7473.56005859375,7466.83984375,7472.5498046875,27610000
2026-07-02 12:20:00-04:00,7462.10009765625,7468.08984375,7461.490234375,7467.81005859375,26791000
2026-07-02 12:25:00-04:00,7462.0400390625,7466.990234375,7461.1201171875,7461.7900390625,26340000
2026-07-02 12:30:00-04:00,7455.18017578125,7463.009765625,7454.97021484375,7462.35009765625,26305000
2026-07-02 12:35:00-04:00,7453.27978515625,7457.60009765625,7448.81005859375,7455.14990234375,30288000
2026-07-02 12:40:00-04:00,7459.7099609375,7460.18994140625,7453.259765625,7453.259765625,22042000
2026-07-02 12:45:00-04:00,7456.4501953125,7459.43017578125,7454.68994140625,7459.2900390625,23758000
2026-07-02 12:50:00-04:00,7455.47998046875,7460.490234375,7452.7998046875,7456.490234375,24445000
2026-07-02 12:55:00-04:00,7448.7099609375,7455.47998046875,7445.259765625,7455.43017578125,24784000
2026-07-02 13:00:00-04:00,7435.85986328125,7449.31982421875,7433.35009765625,7448.72021484375,29450000
2026-07-02 13:05:00-04:00,7442.009765625,7446.39013671875,7431.7001953125,7436.27978515625,23662000
2026-07-02 13:10:00-04:00,7444.2099609375,7445.97021484375,7439.31982421875,7441.93017578125,22748000
2026-07-02 13:15:00-04:00,7441.39013671875,7448.5498046875,7441.22021484375,7444.35009765625,20998000
2026-07-02 13:20:00-04:00,7440.68994140625,7446.56005859375,7440.06005859375,7441.43017578125,19991000
2026-07-02 13:25:00-04:00,7442.72021484375,7443.02978515625,7438.8701171875,7440.8701171875,19141000
2026-07-02 13:30:00-04:00,7441.47021484375,7447.85009765625,7441.47021484375,7442.81005859375,21449000
2026-07-02 13:35:00-04:00,7434.1298828125,7442.22021484375,7433.27978515625,7441.4599609375,25613000
2026-07-02 13:40:00-04:00,7437.27978515625,7439.08984375,7431.47021484375,7434.06982421875,22101000
2026-07-02 13:45:00-04:00,7433.22998046875,7438.0400390625,7429.22021484375,7437.4599609375,24564000
2026-07-02 13:50:00-04:00,7436.5498046875,7437.490234375,7430.41015625,7433.10009765625,23336000
2026-07-02 13:55:00-04:00,7429.31982421875,7436.81005859375,7427.56005859375,7436.81005859375,22507000
2026-07-02 14:00:00-04:00,7436.3798828125,7436.509765625,7427.5498046875,7429.169921875,26798000
2026-07-02 14:05:00-04:00,7451.60986328125,7451.60986328125,7436.240234375,7436.3701171875,25608000
2026-07-02 14:10:00-04:00,7449.580078125,7455.7900390625,7448.43994140625,7451.6201171875,23431000
2026-07-02 14:15:00-04:00,7444.06005859375,7450.4501953125,7441.490234375,7449.5498046875,26851000
2026-07-02 14:20:00-04:00,7448.64013671875,7449.81005859375,7443.81982421875,7444.0498046875,19769000
2026-07-02 14:25:00-04:00,7454.39990234375,7454.6201171875,7447.43994140625,7448.64990234375,21367000
2026-07-02 14:30:00-04:00,7456.18017578125,7461.080078125,7453.919921875,7454.31005859375,25438000
2026-07-02 14:35:00-04:00,7458.35986328125,7459.68017578125,7455.5,7456.25,20802000
2026-07-02 14:40:00-04:00,7457.60009765625,7460.10009765625,7457.02001953125,7458.5400390625,24687000
2026-07-02 14:45:00-04:00,7459.6298828125,7460.1201171875,7452.3798828125,7457.669921875,24392000
2026-07-02 14:50:00-04:00,7455.990234375,7462.580078125,7455.990234375,7459.68017578125,24058000
2026-07-02 14:55:00-04:00,7456.81982421875,7457.759765625,7452.68017578125,7455.8798828125,23271000
2026-07-02 15:00:00-04:00,7443.35009765625,7458.47998046875,7443.169921875,7456.72998046875,25983000
2026-07-02 15:05:00-04:00,7445.97021484375,7447.58984375,7440.72998046875,7443.2998046875,31558000
2026-07-02 15:10:00-04:00,7447.68017578125,7449.43994140625,7442.83984375,7445.7998046875,26454000
2026-07-02 15:15:00-04:00,7446.06982421875,7448.35986328125,7442.6298828125,7447.58984375,32941000
2026-07-02 15:20:00-04:00,7443.35986328125,7446.18994140625,7442.580078125,7445.60986328125,36558000
2026-07-02 15:25:00-04:00,7450.43017578125,7453.919921875,7441.81005859375,7443.18017578125,39263000
2026-07-02 15:30:00-04:00,7456.33984375,7456.72998046875,7449.39990234375,7450.35009765625,43779000
2026-07-02 15:35:00-04:00,7458.2099609375,7459.1201171875,7453.22021484375,7456.4501953125,40374000
2026-07-02 15:40:00-04:00,7459.9501953125,7460.990234375,7455.009765625,7458.2001953125,41153000
2026-07-02 15:45:00-04:00,7460.22021484375,7460.740234375,7457.2001953125,7459.93017578125,54215000
2026-07-02 15:50:00-04:00,7472.27001953125,7472.2998046875,7460.2998046875,7460.2998046875,87506000
2026-07-02 15:55:00-04:00,7477.6298828125,7483.5400390625,7470.6298828125,7472.33984375,233583000
2026-07-06 09:30:00-04:00,7519.7998046875,7522.419921875,7506.9599609375,7506.9599609375,0
2026-07-06 09:35:00-04:00,7510.31005859375,7519.56005859375,7500.97021484375,7519.56005859375,49661328
2026-07-06 09:40:00-04:00,7512.8798828125,7512.9501953125,7504.43017578125,7510.47021484375,44029395
2026-07-06 09:45:00-04:00,7516.10986328125,7517.60009765625,7510.66015625,7513.080078125,40193347
2026-07-06 09:50:00-04:00,7516.85009765625,7522.14013671875,7511.1298828125,7516.56005859375,37175822
2026-07-06 09:55:00-04:00,7510.97021484375,7516.8701171875,7510.64013671875,7516.8701171875,38961409
2026-07-06 10:00:00-04:00,7511.5498046875,7516.9599609375,7508.60986328125,7512.75,38327545
2026-07-06 10:05:00-04:00,7515.5498046875,7517.419921875,7508.27001953125,7511.10009765625,37888735
2026-07-06 10:10:00-04:00,7521.759765625,7521.990234375,7513.60986328125,7515.4501953125,36456609
2026-07-06 10:15:00-04:00,7519.64990234375,7522.43994140625,7517.60009765625,7521.759765625,34628281
2026-07-06 10:20:00-04:00,7523.5400390625,7525.64990234375,7517.9501953125,7519.33984375,30936690
2026-07-06 10:25:00-04:00,7526.31005859375,7527.47021484375,7523.2998046875,7523.6201171875,30220932
2026-07-06 10:30:00-04:00,7524.68994140625,7529.169921875,7524.25,7526.72998046875,30708876
2026-07-06 10:35:00-04:00,7523.7900390625,7526.18994140625,7521.85009765625,7524.89013671875,26573465
2026-07-06 10:40:00-04:00,7524.2900390625,7525.080078125,7518.64013671875,7523.7001953125,27492116
2026-07-06 10:45:00-04:00,7525.06005859375,7526.1201171875,7522.66015625,7523.97998046875,24176280
2026-07-06 10:50:00-04:00,7526.2001953125,7528.0400390625,7523.60986328125,7525.10009765625,28264741
2026-07-06 10:55:00-04:00,7529.3798828125,7529.3798828125,7524.830078125,7526.3798828125,27028771
2026-07-06 11:00:00-04:00,7528.64013671875,7531.60986328125,7527.31982421875,7529.66015625,27803097
2026-07-06 11:05:00-04:00,7529.10986328125,7530.4599609375,7527.0400390625,7528.6298828125,26271452
2026-07-06 11:10:00-04:00,7528.259765625,7531.47998046875,7526.0498046875,7529.6298828125,26565967
2026-07-06 11:15:00-04:00,7527.39013671875,7528.18017578125,7523.93994140625,7528.18017578125,27527585
2026-07-06 11:20:00-04:00,7530.919921875,7530.919921875,7525.56982421875,7527.39013671875,26729323
2026-07-06 11:25:00-04:00,7535.18994140625,7535.6201171875,7530.169921875,7530.9501953125,31633148
2026-07-06 11:30:00-04:00,7534.16015625,7537.1298828125,7534.02001953125,7535.4501953125,22363638
2026-07-06 11:35:00-04:00,7533.6201171875,7534.419921875,7531.66015625,7533.97021484375,22949743
2026-07-06 11:40:00-04:00,7535.58984375,7536.16015625,7533.009765625,7533.5,21753068
2026-07-06 11:45:00-04:00,7536.33984375,7536.81005859375,7534.509765625,7535.5498046875,19917687
2026-07-06 11:50:00-04:00,7534.22021484375,7537.39990234375,7533.7998046875,7536.419921875,27440432
2026-07-06 11:55:00-04:00,7536.02978515625,7537.2001953125,7534.02978515625,7534.169921875,21911841
2026-07-06 12:00:00-04:00,7535.47021484375,7536.18017578125,7534.0400390625,7536.18017578125,20797000
2026-07-06 12:05:00-04:00,7536.64013671875,7538.14990234375,7534.83984375,7535.41015625,24744000
2026-07-06 12:10:00-04:00,7537.68017578125,7538.83984375,7536.6201171875,7536.6201171875,22414000
2026-07-06 12:15:00-04:00,7537.60009765625,7538.60986328125,7536.22998046875,7537.41015625,19271000
2026-07-06 12:20:00-04:00,7536.43994140625,7538.64013671875,7535.669921875,7537.669921875,18392000
2026-07-06 12:25:00-04:00,7533.77001953125,7536.580078125,7533.2998046875,7536.33984375,19405000
2026-07-06 12:30:00-04:00,7533.89013671875,7534.85009765625,7532.60986328125,7533.85986328125,20013000
2026-07-06 12:35:00-04:00,7533.77978515625,7534.1298828125,7531.66015625,7533.89013671875,24555000
2026-07-06 12:40:00-04:00,7534.56005859375,7535.27001953125,7533.56982421875,7533.740234375,17135000
2026-07-06 12:45:00-04:00,7537.93994140625,7537.93994140625,7533.16015625,7534.56005859375,16598000
2026-07-06 12:50:00-04:00,7533.83984375,7538.35009765625,7533.83984375,7537.85009765625,18991000
2026-07-06 12:55:00-04:00,7532.169921875,7534.8701171875,7531.669921875,7533.9501953125,19304000
2026-07-06 13:00:00-04:00,7536.2001953125,7537.35986328125,7531.9599609375,7532.14990234375,19910000
2026-07-06 13:05:00-04:00,7541.7099609375,7542.3701171875,7536.1298828125,7536.2998046875,18988000
2026-07-06 13:10:00-04:00,7540.52001953125,7542.27978515625,7539.5498046875,7541.580078125,18810000
2026-07-06 13:15:00-04:00,7538.31005859375,7541.4599609375,7537.27001953125,7540.490234375,18721000
2026-07-06 13:20:00-04:00,7537.22998046875,7538.2099609375,7535.18017578125,7538.06005859375,21943000
2026-07-06 13:25:00-04:00,7534.5,7538.490234375,7533.93017578125,7536.9599609375,18170000
2026-07-06 13:30:00-04:00,7530.75,7534.990234375,7530.58984375,7534.5498046875,20998000
2026-07-06 13:35:00-04:00,7530.5498046875,7532.10986328125,7529.2001953125,7530.830078125,19100000
2026-07-06 13:40:00-04:00,7528.1298828125,7530.419921875,7524.169921875,7530.419921875,18825000
2026-07-06 13:45:00-04:00,7530.27978515625,7531.3798828125,7525.6298828125,7528.08984375,18112000
2026-07-06 13:50:00-04:00,7528.08984375,7532.759765625,7528.08984375,7530.27978515625,17914000
2026-07-06 13:55:00-04:00,7528.52001953125,7528.64013671875,7526.27001953125,7528.1201171875,17856000
2026-07-06 14:00:00-04:00,7534.02001953125,7534.919921875,7528.5498046875,7528.5498046875,22425000
2026-07-06 14:05:00-04:00,7536.759765625,7538.77001953125,7534.02978515625,7534.1201171875,19505000
2026-07-06 14:10:00-04:00,7537.259765625,7537.3798828125,7535.4599609375,7536.7900390625,16261000
2026-07-06 14:15:00-04:00,7541.22021484375,7542.490234375,7537.22021484375,7537.22021484375,19164000
2026-07-06 14:20:00-04:00,7542.5,7542.52978515625,7540.14013671875,7541.25,18525000
2026-07-06 14:25:00-04:00,7540.77001953125,7543.580078125,7540.330078125,7542.490234375,18131000
2026-07-06 14:30:00-04:00,7538.77001953125,7542.66015625,7538.72998046875,7540.72021484375,17995000
2026-07-06 14:35:00-04:00,7538.27978515625,7540.52978515625,7537.81005859375,7538.72021484375,16169000
2026-07-06 14:40:00-04:00,7540.33984375,7541.35009765625,7538.259765625,7538.259765625,16282000
2026-07-06 14:45:00-04:00,7543.3701171875,7544.2001953125,7539.8701171875,7540.27978515625,18971000
2026-07-06 14:50:00-04:00,7545.66015625,7545.669921875,7542.89013671875,7543.47998046875,20736000
2026-07-06 14:55:00-04:00,7546.68017578125,7547.77978515625,7544.58984375,7545.580078125,20207000
2026-07-06 15:00:00-04:00,7546.64013671875,7549.0,7544.5400390625,7546.7900390625,23028000
2026-07-06 15:05:00-04:00,7545.89013671875,7547.58984375,7544.77978515625,7546.52978515625,22697000
2026-07-06 15:10:00-04:00,7545.81005859375,7546.8701171875,7544.77978515625,7545.68017578125,24757000
2026-07-06 15:15:00-04:00,7549.080078125,7549.3701171875,7544.5400390625,7545.77001953125,26015000
2026-07-06 15:20:00-04:00,7550.85009765625,7551.31005859375,7548.08984375,7549.02001953125,26050000
2026-07-06 15:25:00-04:00,7550.39990234375,7551.27001953125,7548.919921875,7550.89013671875,29974000
2026-07-06 15:30:00-04:00,7547.58984375,7550.35009765625,7546.8701171875,7550.35009765625,40264000
2026-07-06 15:35:00-04:00,7546.81005859375,7548.33984375,7544.990234375,7547.7001953125,32831000
2026-07-06 15:40:00-04:00,7547.68994140625,7547.81982421875,7545.47998046875,7546.7001953125,37772000
2026-07-06 15:45:00-04:00,7546.58984375,7549.7099609375,7546.509765625,7547.669921875,48094000
2026-07-06 15:50:00-04:00,7538.990234375,7546.64990234375,7538.830078125,7546.64990234375,75739000
2026-07-06 15:55:00-04:00,7538.33984375,7540.2001953125,7535.7099609375,7538.919921875,207740000
2026-07-07 09:30:00-04:00,7520.14990234375,7536.06005859375,7516.6298828125,7516.6298828125,0
2026-07-07 09:35:00-04:00,7522.27001953125,7525.18017578125,7517.259765625,7520.81005859375,54233239
2026-07-07 09:40:00-04:00,7528.259765625,7529.009765625,7519.2001953125,7521.22998046875,44188226
2026-07-07 09:45:00-04:00,7523.31982421875,7529.06005859375,7521.77978515625,7527.81982421875,41692951
2026-07-07 09:50:00-04:00,7515.83984375,7525.56982421875,7513.9501953125,7522.75,39081150
2026-07-07 09:55:00-04:00,7514.93017578125,7516.60009765625,7508.75,7515.27978515625,39978201
2026-07-07 10:00:00-04:00,7511.60009765625,7517.58984375,7509.1298828125,7515.52001953125,37650046
2026-07-07 10:05:00-04:00,7508.669921875,7516.169921875,7507.4599609375,7511.7001953125,34100610
2026-07-07 10:10:00-04:00,7496.6201171875,7508.93017578125,7496.6201171875,7508.93017578125,40250781
2026-07-07 10:15:00-04:00,7500.7998046875,7501.330078125,7491.080078125,7496.8701171875,40604246
2026-07-07 10:20:00-04:00,7492.2900390625,7503.02978515625,7491.990234375,7501.18017578125,37194239
2026-07-07 10:25:00-04:00,7493.0,7493.0,7486.7099609375,7492.35009765625,37737713
2026-07-07 10:30:00-04:00,7489.77978515625,7496.4501953125,7489.1298828125,7493.18017578125,36013523
2026-07-07 10:35:00-04:00,7485.740234375,7491.14013671875,7485.490234375,7489.89013671875,35206353
2026-07-07 10:40:00-04:00,7483.41015625,7487.47998046875,7478.6298828125,7485.52978515625,36241106
2026-07-07 10:45:00-04:00,7487.7001953125,7490.8701171875,7483.3798828125,7483.830078125,32131884
2026-07-07 10:50:00-04:00,7492.22021484375,7493.85009765625,7485.9501953125,7487.9501953125,29525434
2026-07-07 10:55:00-04:00,7490.990234375,7495.259765625,7490.990234375,7492.33984375,27030387
2026-07-07 11:00:00-04:00,7489.35009765625,7491.8798828125,7485.5400390625,7490.60009765625,25714267
2026-07-07 11:05:00-04:00,7491.58984375,7492.39013671875,7487.72021484375,7489.60986328125,27527281
2026-07-07 11:10:00-04:00,7487.06982421875,7492.75,7487.06982421875,7491.66015625,29086312
2026-07-07 11:15:00-04:00,7485.47021484375,7486.83984375,7483.509765625,7486.7099609375,26416167
2026-07-07 11:20:00-04:00,7485.0,7489.4501953125,7484.22998046875,7485.740234375,25518672
2026-07-07 11:25:00-04:00,7489.39990234375,7489.39990234375,7484.43017578125,7485.1201171875,25865053
2026-07-07 11:30:00-04:00,7486.27978515625,7490.89013671875,7486.27978515625,7489.3798828125,22978612
2026-07-07 11:35:00-04:00,7482.93994140625,7488.39013671875,7482.60009765625,7486.10009765625,24776015
2026-07-07 11:40:00-04:00,7490.52978515625,7490.52978515625,7480.509765625,7483.02978515625,24705420
2026-07-07 11:45:00-04:00,7493.68994140625,7498.64990234375,7490.72998046875,7490.72998046875,24758000
2026-07-07 11:50:00-04:00,7497.14990234375,7499.60009765625,7493.35009765625,7493.490234375,22254000
2026-07-07 11:55:00-04:00,7500.43994140625,7500.919921875,7495.0400390625,7497.0498046875,27214000
2026-07-07 12:00:00-04:00,7503.35009765625,7505.080078125,7499.77001953125,7500.81982421875,24228000
2026-07-07 12:05:00-04:00,7502.08984375,7507.669921875,7499.47021484375,7503.60986328125,23294000
2026-07-07 12:10:00-04:00,7507.81005859375,7508.6201171875,7502.0498046875,7502.0498046875,24345000
2026-07-07 12:15:00-04:00,7507.740234375,7508.580078125,7506.14013671875,7507.68017578125,21045000
2026-07-07 12:20:00-04:00,7512.72021484375,7515.669921875,7507.68017578125,7507.759765625,25762000
2026-07-07 12:25:00-04:00,7516.009765625,7517.2998046875,7512.1201171875,7512.830078125,21327000
2026-07-07 12:30:00-04:00,7513.66015625,7517.5498046875,7511.64013671875,7515.56005859375,22874000
2026-07-07 12:35:00-04:00,7515.18017578125,7515.5400390625,7509.89013671875,7513.81005859375,21652000
2026-07-07 12:40:00-04:00,7515.97021484375,7516.47998046875,7512.81982421875,7515.16015625,20892000
2026-07-07 12:45:00-04:00,7518.2998046875,7518.47998046875,7515.89990234375,7516.0,18309000
2026-07-07 12:50:00-04:00,7515.2900390625,7518.89990234375,7514.89990234375,7518.1298828125,19419000
2026-07-07 12:55:00-04:00,7516.81982421875,7517.009765625,7512.47998046875,7515.27001953125,20614000
2026-07-07 13:00:00-04:00,7519.06005859375,7519.1298828125,7516.10986328125,7516.8798828125,20695000
2026-07-07 13:05:00-04:00,7518.7001953125,7520.52978515625,7518.31005859375,7519.080078125,20780000
2026-07-07 13:10:00-04:00,7515.75,7518.72021484375,7515.080078125,7518.68994140625,20453000
2026-07-07 13:15:00-04:00,7513.14990234375,7515.8701171875,7511.490234375,7515.5498046875,17375000
2026-07-07 13:20:00-04:00,7517.06982421875,7518.83984375,7513.0400390625,7513.22998046875,18210000
2026-07-07 13:25:00-04:00,7516.009765625,7517.85986328125,7515.47998046875,7517.02001953125,15152000
2026-07-07 13:30:00-04:00,7517.97998046875,7519.02978515625,7515.8701171875,7515.8701171875,19635000
2026-07-07 13:35:00-04:00,7518.64990234375,7519.56982421875,7516.10009765625,7518.06982421875,16521000
2026-07-07 13:40:00-04:00,7518.35986328125,7520.259765625,7517.06982421875,7518.7001953125,17423000
2026-07-07 13:45:00-04:00,7516.6201171875,7518.669921875,7515.08984375,7518.490234375,16532000
2026-07-07 13:50:00-04:00,7515.2900390625,7517.4501953125,7513.9501953125,7516.47998046875,15774000
2026-07-07 13:55:00-04:00,7518.93994140625,7518.93994140625,7514.64013671875,7515.3701171875,15455000
2026-07-07 14:00:00-04:00,7518.60986328125,7519.93017578125,7515.919921875,7519.02001953125,21973000
2026-07-07 14:05:00-04:00,7516.52001953125,7519.41015625,7515.77001953125,7518.64990234375,19109000
2026-07-07 14:10:00-04:00,7517.0400390625,7519.169921875,7516.39990234375,7516.39990234375,20938000
2026-07-07 14:15:00-04:00,7518.1201171875,7518.89013671875,7515.8798828125,7517.02001953125,19901000
2026-07-07 14:20:00-04:00,7518.47021484375,7520.31005859375,7516.990234375,7518.2001953125,17905000
2026-07-07 14:25:00-04:00,7516.66015625,7519.75,7515.580078125,7518.31982421875,19160000
2026-07-07 14:30:00-04:00,7514.080078125,7517.6298828125,7512.93994140625,7516.7099609375,35223000
2026-07-07 14:35:00-04:00,7516.4501953125,7517.2998046875,7512.35986328125,7514.0400390625,20777000
2026-07-07 14:40:00-04:00,7513.7998046875,7516.64990234375,7510.990234375,7516.47998046875,20520000
2026-07-07 14:45:00-04:00,7508.02978515625,7515.080078125,7504.43994140625,7513.81005859375,26063000
2026-07-07 14:50:00-04:00,7503.7099609375,7508.8701171875,7502.1201171875,7508.14013671875,23307000
2026-07-07 14:55:00-04:00,7501.7001953125,7505.9501953125,7501.259765625,7504.02978515625,24313000
2026-07-07 15:00:00-04:00,7498.419921875,7502.93017578125,7495.39990234375,7501.68017578125,28699000
2026-07-07 15:05:00-04:00,7493.64013671875,7502.330078125,7493.35009765625,7498.68017578125,26918000
2026-07-07 15:10:00-04:00,7494.47998046875,7496.3701171875,7491.8701171875,7493.64990234375,25823000
2026-07-07 15:15:00-04:00,7492.6201171875,7494.5,7486.990234375,7494.5,33502000
2026-07-07 15:20:00-04:00,7496.580078125,7496.68994140625,7490.7998046875,7492.66015625,31428000
2026-07-07 15:25:00-04:00,7493.259765625,7496.72021484375,7492.18017578125,7496.72021484375,39304000
2026-07-07 15:30:00-04:00,7499.2001953125,7499.43994140625,7493.47021484375,7493.47021484375,37457000
2026-07-07 15:35:00-04:00,7493.89013671875,7499.18994140625,7492.97998046875,7499.18994140625,34969000
2026-07-07 15:40:00-04:00,7491.4599609375,7494.31005859375,7490.4599609375,7493.93994140625,36546000
2026-07-07 15:45:00-04:00,7496.35986328125,7496.6298828125,7491.2099609375,7491.39990234375,47737000
2026-07-07 15:50:00-04:00,7503.759765625,7503.759765625,7496.47998046875,7496.47998046875,76203000
2026-07-07 15:55:00-04:00,7503.35986328125,7506.009765625,7499.1201171875,7503.85986328125,195322000
2026-07-08 09:30:00-04:00,7460.91015625,7476.5400390625,7452.60009765625,7476.5400390625,0
2026-07-08 09:35:00-04:00,7466.81982421875,7466.89013671875,7457.490234375,7461.72998046875,47497920
2026-07-08 09:40:00-04:00,7471.169921875,7473.81982421875,7465.10986328125,7466.9501953125,40824711
2026-07-08 09:45:00-04:00,7463.68994140625,7476.43994140625,7463.68994140625,7470.91015625,44025972
2026-07-08 09:50:00-04:00,7464.16015625,7471.08984375,7461.31005859375,7463.35009765625,32971178
2026-07-08 09:55:00-04:00,7467.4501953125,7473.02978515625,7459.52978515625,7464.080078125,30881661
2026-07-08 10:00:00-04:00,7464.2998046875,7470.52001953125,7462.52001953125,7467.16015625,33040288
2026-07-08 10:05:00-04:00,7469.35986328125,7472.56982421875,7464.2998046875,7464.2998046875,32052721
2026-07-08 10:10:00-04:00,7459.1201171875,7470.43017578125,7456.830078125,7469.58984375,35494279
2026-07-08 10:15:00-04:00,7458.2001953125,7461.83984375,7453.4501953125,7458.89013671875,30526664
2026-07-08 10:20:00-04:00,7464.18017578125,7471.3701171875,7456.22021484375,7457.97998046875,28602302
2026-07-08 10:25:00-04:00,7458.4599609375,7470.419921875,7454.22998046875,7464.2099609375,27635273
2026-07-08 10:30:00-04:00,7459.64990234375,7462.259765625,7453.64990234375,7458.0,27804268
2026-07-08 10:35:00-04:00,7448.5,7459.509765625,7448.5,7459.509765625,31006075
2026-07-08 10:40:00-04:00,7451.33984375,7453.18994140625,7446.009765625,7448.7001953125,28145134
2026-07-08 10:45:00-04:00,7439.43994140625,7451.0,7439.35009765625,7450.93994140625,31668349
2026-07-08 10:50:00-04:00,7448.68017578125,7454.97998046875,7435.64013671875,7439.06982421875,38192187
2026-07-08 10:55:00-04:00,7445.31982421875,7453.77001953125,7442.22021484375,7447.58984375,31872424
2026-07-08 11:00:00-04:00,7441.2998046875,7446.3798828125,7440.60009765625,7445.35009765625,29517383
2026-07-08 11:05:00-04:00,7440.93994140625,7445.27001953125,7440.52001953125,7441.2900390625,26530036
2026-07-08 11:10:00-04:00,7437.31982421875,7444.009765625,7436.02001953125,7441.0498046875,25757565
2026-07-08 11:15:00-04:00,7439.27978515625,7440.7998046875,7430.08984375,7437.14013671875,28339704
2026-07-08 11:20:00-04:00,7427.7900390625,7441.14990234375,7426.77001953125,7439.0400390625,27935970
2026-07-08 11:25:00-04:00,7425.97021484375,7428.6201171875,7422.06005859375,7427.56005859375,25802554
2026-07-08 11:30:00-04:00,7432.85986328125,7432.8798828125,7421.81982421875,7425.7001953125,24257352
2026-07-08 11:35:00-04:00,7432.47998046875,7438.60986328125,7430.64990234375,7433.08984375,22899071
2026-07-08 11:40:00-04:00,7433.2099609375,7437.5498046875,7432.3701171875,7432.43994140625,18919593
2026-07-08 11:45:00-04:00,7431.5400390625,7436.31982421875,7429.52978515625,7433.31005859375,19299976
2026-07-08 11:50:00-04:00,7430.0400390625,7431.66015625,7426.22998046875,7431.56982421875,21290227
2026-07-08 11:55:00-04:00,7432.7998046875,7434.009765625,7428.14013671875,7430.27978515625,19348770
2026-07-08 12:00:00-04:00,7438.10009765625,7438.6298828125,7432.52978515625,7432.72021484375,19743000
2026-07-08 12:05:00-04:00,7443.02001953125,7443.81982421875,7437.77978515625,7438.22998046875,18510000
2026-07-08 12:10:00-04:00,7449.009765625,7449.85986328125,7443.02978515625,7443.02978515625,21523000
2026-07-08 12:15:00-04:00,7452.3701171875,7453.1298828125,7446.4501953125,7449.39990234375,19568000
2026-07-08 12:20:00-04:00,7453.7998046875,7458.97021484375,7452.4599609375,7452.4599609375,24311000
2026-07-08 12:25:00-04:00,7457.81982421875,7459.97998046875,7453.41015625,7453.81005859375,20679000
2026-07-08 12:30:00-04:00,7457.47998046875,7464.509765625,7456.759765625,7457.64013671875,20666000
2026-07-08 12:35:00-04:00,7458.66015625,7461.64013671875,7451.85009765625,7457.419921875,20610000
2026-07-08 12:40:00-04:00,7466.52001953125,7467.919921875,7457.0,7458.77001953125,24264000
2026-07-08 12:45:00-04:00,7469.509765625,7470.009765625,7463.5,7466.580078125,16101000
2026-07-08 12:50:00-04:00,7471.02978515625,7472.97021484375,7468.2001953125,7469.6298828125,20486000
2026-07-08 12:55:00-04:00,7474.2998046875,7474.58984375,7469.75,7471.14013671875,20247000
2026-07-08 13:00:00-04:00,7470.39990234375,7474.1201171875,7468.759765625,7474.1201171875,18070000
2026-07-08 13:05:00-04:00,7470.02978515625,7474.4501953125,7469.419921875,7470.35986328125,18123000
2026-07-08 13:10:00-04:00,7469.81005859375,7473.1201171875,7467.2001953125,7469.89990234375,17271000
2026-07-08 13:15:00-04:00,7476.419921875,7476.64013671875,7469.85986328125,7469.85986328125,16745000
2026-07-08 13:20:00-04:00,7481.759765625,7481.759765625,7475.72021484375,7476.47021484375,16565000
2026-07-08 13:25:00-04:00,7484.4501953125,7484.6201171875,7479.97021484375,7481.60009765625,17731000
2026-07-08 13:30:00-04:00,7483.6298828125,7487.41015625,7483.52001953125,7484.56005859375,24262000
2026-07-08 13:35:00-04:00,7480.22021484375,7484.5400390625,7480.08984375,7483.35009765625,19173000
2026-07-08 13:40:00-04:00,7476.5400390625,7480.27978515625,7475.60986328125,7480.0400390625,21741000
2026-07-08 13:45:00-04:00,7470.669921875,7476.490234375,7469.830078125,7476.4501953125,21427000
2026-07-08 13:50:00-04:00,7471.77001953125,7475.60986328125,7470.0,7470.64990234375,16147000
2026-07-08 13:55:00-04:00,7470.6298828125,7471.81982421875,7466.0498046875,7471.81982421875,17007000
2026-07-08 14:00:00-04:00,7479.740234375,7481.0,7467.52001953125,7470.759765625,21175000
2026-07-08 14:05:00-04:00,7479.91015625,7480.740234375,7476.490234375,7479.7001953125,17352000
2026-07-08 14:10:00-04:00,7480.16015625,7482.0,7476.990234375,7479.830078125,15988000
2026-07-08 14:15:00-04:00,7478.8701171875,7481.06982421875,7474.85009765625,7480.2001953125,19647000
2026-07-08 14:20:00-04:00,7476.22998046875,7479.7998046875,7476.18994140625,7478.9501953125,18898000
2026-07-08 14:25:00-04:00,7474.169921875,7479.27001953125,7474.080078125,7476.27001953125,18954000
2026-07-08 14:30:00-04:00,7471.3798828125,7474.4501953125,7470.14990234375,7474.10009765625,19811000
2026-07-08 14:35:00-04:00,7478.89013671875,7479.740234375,7470.97021484375,7471.52001953125,20653000
2026-07-08 14:40:00-04:00,7477.7998046875,7479.669921875,7473.02001953125,7478.9599609375,20849000
2026-07-08 14:45:00-04:00,7479.85009765625,7480.1201171875,7475.27001953125,7477.83984375,18320000
2026-07-08 14:50:00-04:00,7478.68994140625,7481.919921875,7477.72998046875,7479.8701171875,23019000
2026-07-08 14:55:00-04:00,7480.27978515625,7480.419921875,7475.330078125,7478.6298828125,19622000
2026-07-08 15:00:00-04:00,7479.81982421875,7484.06982421875,7477.85009765625,7480.52001953125,22232000
2026-07-08 15:05:00-04:00,7480.22021484375,7481.259765625,7477.0498046875,7479.8701171875,25047000
2026-07-08 15:10:00-04:00,7476.10986328125,7480.39990234375,7475.2900390625,7480.18017578125,22561000
2026-07-08 15:15:00-04:00,7475.47998046875,7478.41015625,7473.9599609375,7476.14990234375,25704000
2026-07-08 15:20:00-04:00,7477.18994140625,7479.330078125,7475.16015625,7475.419921875,24146000
2026-07-08 15:25:00-04:00,7479.0,7480.7099609375,7476.77001953125,7477.27978515625,27870000
2026-07-08 15:30:00-04:00,7476.580078125,7480.080078125,7475.35986328125,7479.08984375,36929000
2026-07-08 15:35:00-04:00,7478.85009765625,7481.169921875,7475.5400390625,7476.47021484375,32444000
2026-07-08 15:40:00-04:00,7480.22998046875,7480.47998046875,7475.919921875,7478.8701171875,36834000
2026-07-08 15:45:00-04:00,7474.77001953125,7480.919921875,7471.52978515625,7480.169921875,47053000
2026-07-08 15:50:00-04:00,7483.35009765625,7483.6298828125,7474.1201171875,7474.9599609375,71968000
2026-07-08 15:55:00-04:00,7481.4599609375,7488.509765625,7481.4599609375,7483.14990234375,201133000
2026-07-09 09:30:00-04:00,7500.35009765625,7500.85009765625,7483.2900390625,7491.60009765625,0
2026-07-09 09:35:00-04:00,7507.759765625,7510.009765625,7499.18017578125,7500.35986328125,50088456
2026-07-09 09:40:00-04:00,7509.66015625,7512.0498046875,7502.330078125,7507.58984375,42000344
2026-07-09 09:45:00-04:00,7507.72998046875,7514.89990234375,7504.75,7510.18017578125,37570228
2026-07-09 09:50:00-04:00,7516.27001953125,7518.2900390625,7505.68994140625,7508.509765625,33995635
2026-07-09 09:55:00-04:00,7513.81982421875,7519.490234375,7512.990234375,7516.60009765625,34783482
2026-07-09 10:00:00-04:00,7513.81005859375,7517.41015625,7512.0400390625,7513.669921875,36379617
2026-07-09 10:05:00-04:00,7507.2998046875,7514.919921875,7506.93017578125,7513.2998046875,32645685
2026-07-09 10:10:00-04:00,7502.85009765625,7506.9599609375,7499.7998046875,7506.9599609375,34844313
2026-07-09 10:15:00-04:00,7488.35986328125,7502.97021484375,7486.14990234375,7502.97021484375,35696461
2026-07-09 10:20:00-04:00,7495.240234375,7495.5,7481.72998046875,7488.47021484375,36876030
2026-07-09 10:25:00-04:00,7506.33984375,7508.35009765625,7493.759765625,7495.4599609375,30892876
2026-07-09 10:30:00-04:00,7502.56005859375,7506.990234375,7497.72021484375,7506.31005859375,28396538
2026-07-09 10:35:00-04:00,7510.81005859375,7510.81005859375,7502.4501953125,7502.509765625,27020301
2026-07-09 10:40:00-04:00,7505.77978515625,7511.169921875,7505.10986328125,7510.2900390625,25060326
2026-07-09 10:45:00-04:00,7506.7001953125,7510.3701171875,7505.2099609375,7505.830078125,27254230
2026-07-09 10:50:00-04:00,7506.31982421875,7506.7001953125,7499.3701171875,7506.7001953125,28043216
2026-07-09 10:55:00-04:00,7513.7099609375,7515.43994140625,7506.22021484375,7506.22021484375,25902911
2026-07-09 11:00:00-04:00,7515.419921875,7516.10986328125,7512.8701171875,7514.06982421875,25117221
2026-07-09 11:05:00-04:00,7521.9501953125,7522.7001953125,7515.33984375,7515.68994140625,23703192
2026-07-09 11:10:00-04:00,7519.22998046875,7522.8798828125,7518.1201171875,7522.080078125,24033186
2026-07-09 11:15:00-04:00,7518.990234375,7522.8701171875,7517.0400390625,7518.9501953125,21812442
2026-07-09 11:20:00-04:00,7526.0400390625,7526.39990234375,7519.25,7519.25,19379201
2026-07-09 11:25:00-04:00,7525.02001953125,7526.7998046875,7524.18994140625,7525.93017578125,19552668
2026-07-09 11:30:00-04:00,7522.919921875,7525.259765625,7521.81982421875,7524.97021484375,22085910
2026-07-09 11:35:00-04:00,7525.60009765625,7525.740234375,7522.31982421875,7522.93994140625,20918214
2026-07-09 11:40:00-04:00,7527.919921875,7529.33984375,7524.5498046875,7525.68017578125,21124051
2026-07-09 11:45:00-04:00,7528.240234375,7529.259765625,7526.22021484375,7527.9599609375,19438698
2026-07-09 11:50:00-04:00,7526.259765625,7528.66015625,7525.7099609375,7528.43017578125,18370305
2026-07-09 11:55:00-04:00,7525.8798828125,7527.7099609375,7525.25,7526.39013671875,24779388
2026-07-09 12:00:00-04:00,7530.52978515625,7531.259765625,7525.919921875,7525.919921875,20595696
2026-07-09 12:05:00-04:00,7531.2001953125,7532.47021484375,7530.5,7530.5,20233672
2026-07-09 12:10:00-04:00,7531.60009765625,7532.08984375,7530.259765625,7531.1201171875,20766000
2026-07-09 12:15:00-04:00,7532.2900390625,7533.2998046875,7530.72021484375,7531.64990234375,21229000
2026-07-09 12:20:00-04:00,7534.85009765625,7534.89990234375,7530.89990234375,7532.259765625,19364000
2026-07-09 12:25:00-04:00,7533.6298828125,7534.7998046875,7532.41015625,7534.7998046875,17206000
2026-07-09 12:30:00-04:00,7531.66015625,7535.759765625,7531.66015625,7533.6201171875,16430000
2026-07-09 12:35:00-04:00,7532.81982421875,7532.83984375,7530.18017578125,7531.56982421875,17638000
2026-07-09 12:40:00-04:00,7533.8798828125,7534.93994140625,7532.7998046875,7532.7998046875,16599000
2026-07-09 12:45:00-04:00,7532.0,7534.5,7530.7099609375,7533.85986328125,16962000
2026-07-09 12:50:00-04:00,7531.31982421875,7533.10009765625,7530.7900390625,7532.02978515625,16111000
2026-07-09 12:55:00-04:00,7530.83984375,7531.9599609375,7529.14013671875,7531.35986328125,16492000
2026-07-09 13:00:00-04:00,7534.5400390625,7535.08984375,7530.75,7530.9501953125,17805000
2026-07-09 13:05:00-04:00,7538.10009765625,7539.0498046875,7533.56982421875,7534.3701171875,17426000
2026-07-09 13:10:00-04:00,7539.169921875,7540.8798828125,7538.0400390625,7538.14990234375,16896000
2026-07-09 13:15:00-04:00,7542.259765625,7542.830078125,7539.16015625,7539.16015625,18984000
2026-07-09 13:20:00-04:00,7541.81005859375,7543.47021484375,7540.97998046875,7542.47998046875,16960000
2026-07-09 13:25:00-04:00,7544.83984375,7544.97021484375,7541.669921875,7541.81005859375,17772000
2026-07-09 13:30:00-04:00,7543.6298828125,7545.31982421875,7541.85986328125,7544.81005859375,19389000
2026-07-09 13:35:00-04:00,7544.68017578125,7546.35009765625,7543.259765625,7543.68994140625,17759000
2026-07-09 13:40:00-04:00,7544.31982421875,7545.56982421875,7542.81982421875,7544.7099609375,16207000
2026-07-09 13:45:00-04:00,7545.5,7546.89013671875,7544.31005859375,7544.31005859375,16546000
2026-07-09 13:50:00-04:00,7544.81005859375,7546.52978515625,7544.419921875,7545.5400390625,16948000
2026-07-09 13:55:00-04:00,7543.25,7544.83984375,7541.240234375,7544.7001953125,18213000
2026-07-09 14:00:00-04:00,7542.77001953125,7544.580078125,7541.93994140625,7543.2099609375,20580000
2026-07-09 14:05:00-04:00,7544.3701171875,7545.2001953125,7542.6298828125,7542.75,19952000
2026-07-09 14:10:00-04:00,7545.0400390625,7545.7998046875,7543.81982421875,7544.31982421875,19179000
2026-07-09 14:15:00-04:00,7543.830078125,7546.0498046875,7542.9501953125,7545.02978515625,19552000
2026-07-09 14:20:00-04:00,7541.14990234375,7544.06005859375,7540.9599609375,7543.93017578125,17373000
2026-07-09 14:25:00-04:00,7541.85009765625,7541.85009765625,7539.7900390625,7540.97021484375,20011000
2026-07-09 14:30:00-04:00,7540.14990234375,7543.2001953125,7539.89013671875,7541.9599609375,23805000
2026-07-09 14:35:00-04:00,7538.83984375,7540.830078125,7538.5498046875,7540.06982421875,18068000
2026-07-09 14:40:00-04:00,7540.64990234375,7540.77001953125,7537.7998046875,7538.77001953125,19594000
2026-07-09 14:45:00-04:00,7540.10986328125,7540.60986328125,7538.64013671875,7540.60986328125,18135000
2026-07-09 14:50:00-04:00,7538.56005859375,7540.7099609375,7538.47021484375,7540.27001953125,18400000
2026-07-09 14:55:00-04:00,7537.85009765625,7538.6298828125,7536.2099609375,7538.56005859375,20895000
2026-07-09 15:00:00-04:00,7535.35986328125,7538.0498046875,7534.830078125,7537.89013671875,23325000
2026-07-09 15:05:00-04:00,7534.919921875,7536.85986328125,7533.89013671875,7535.35009765625,20895000
2026-07-09 15:10:00-04:00,7535.89013671875,7536.89990234375,7533.830078125,7534.97021484375,19347000
2026-07-09 15:15:00-04:00,7540.43994140625,7540.580078125,7535.330078125,7535.77001953125,24505000
2026-07-09 15:20:00-04:00,7538.8798828125,7541.490234375,7538.41015625,7540.47021484375,24314000
2026-07-09 15:25:00-04:00,7537.93017578125,7539.43017578125,7537.7998046875,7538.77978515625,26148000
2026-07-09 15:30:00-04:00,7538.2001953125,7538.39990234375,7535.9501953125,7537.85009765625,33201000
2026-07-09 15:35:00-04:00,7539.9599609375,7541.10986328125,7538.14990234375,7538.14990234375,30328000
2026-07-09 15:40:00-04:00,7541.490234375,7541.759765625,7538.4501953125,7540.169921875,34973000
2026-07-09 15:45:00-04:00,7539.43994140625,7541.490234375,7539.31005859375,7541.35986328125,43312000
2026-07-09 15:50:00-04:00,7535.47998046875,7539.419921875,7535.16015625,7539.419921875,73597000
2026-07-09 15:55:00-04:00,7542.27978515625,7542.7998046875,7535.60009765625,7535.60009765625,182929000
2026-07-10 09:30:00-04:00,7553.2998046875,7556.6298828125,7547.2998046875,7547.64013671875,0
2026-07-10 09:35:00-04:00,7551.83984375,7559.33984375,7551.4599609375,7553.33984375,39575895
2026-07-10 09:40:00-04:00,7548.080078125,7551.89013671875,7543.35009765625,7551.759765625,38756296
2026-07-10 09:45:00-04:00,7556.8701171875,7558.14990234375,7547.31005859375,7547.72021484375,34107682
2026-07-10 09:50:00-04:00,7556.16015625,7558.8798828125,7553.93017578125,7556.8701171875,30408767
2026-07-10 09:55:00-04:00,7555.35986328125,7559.27978515625,7552.64013671875,7556.27001953125,28031081
2026-07-10 10:00:00-04:00,7557.60009765625,7559.9599609375,7554.64990234375,7555.75,34539743
2026-07-10 10:05:00-04:00,7557.5,7558.68994140625,7551.580078125,7557.75,27998735
2026-07-10 10:10:00-04:00,7553.47998046875,7558.02001953125,7552.8701171875,7557.5498046875,26277714
2026-07-10 10:15:00-04:00,7552.10986328125,7555.77001953125,7549.83984375,7553.2001953125,25456582
2026-07-10 10:20:00-04:00,7551.3798828125,7553.68017578125,7547.18994140625,7552.3798828125,24865478
2026-07-10 10:25:00-04:00,7552.1201171875,7556.9599609375,7546.6298828125,7551.22998046875,22720305
2026-07-10 10:30:00-04:00,7534.66015625,7556.60009765625,7508.16015625,7552.3798828125,54491564
2026-07-10 10:35:00-04:00,7543.0,7546.2099609375,7530.75,7534.68994140625,26235587
2026-07-10 10:40:00-04:00,7547.4501953125,7548.2001953125,7539.91015625,7543.2099609375,21660934
2026-07-10 10:45:00-04:00,7549.77001953125,7550.06005859375,7543.06005859375,7547.64013671875,21336453
2026-07-10 10:50:00-04:00,7545.18994140625,7551.56005859375,7545.18994140625,7549.68017578125,25306808
2026-07-10 10:55:00-04:00,7538.1298828125,7545.89013671875,7536.81982421875,7545.31982421875,24115185
2026-07-10 11:00:00-04:00,7535.5,7539.81982421875,7535.080078125,7538.10986328125,23299203
2026-07-10 11:05:00-04:00,7542.919921875,7542.919921875,7532.3701171875,7535.77978515625,22551769
2026-07-10 11:10:00-04:00,7544.81982421875,7545.97021484375,7542.77001953125,7543.02978515625,21182924
2026-07-10 11:15:00-04:00,7553.259765625,7557.39013671875,7544.83984375,7544.83984375,20955806
2026-07-10 11:20:00-04:00,7556.7001953125,7556.7001953125,7551.10986328125,7553.2998046875,19548199
2026-07-10 11:25:00-04:00,7558.72998046875,7560.39990234375,7556.6298828125,7556.6298828125,20432996
2026-07-10 11:30:00-04:00,7556.41015625,7559.9599609375,7555.77001953125,7558.77978515625,21218584
2026-07-10 11:35:00-04:00,7550.2001953125,7556.83984375,7549.89013671875,7556.64013671875,19208127
2026-07-10 11:40:00-04:00,7546.5498046875,7551.31005859375,7540.6201171875,7550.330078125,21221828
2026-07-10 11:45:00-04:00,7551.1201171875,7552.830078125,7542.68017578125,7546.7001953125,18942848
2026-07-10 11:50:00-04:00,7554.4599609375,7555.509765625,7549.6201171875,7551.330078125,16776569
2026-07-10 11:55:00-04:00,7554.27978515625,7555.31982421875,7551.7099609375,7554.330078125,17246929
2026-07-10 12:00:00-04:00,7558.10009765625,7559.14990234375,7554.16015625,7554.16015625,19877112
2026-07-10 12:05:00-04:00,7555.77978515625,7558.509765625,7555.06005859375,7557.91015625,18776970
2026-07-10 12:10:00-04:00,7558.31982421875,7559.080078125,7555.35009765625,7556.1201171875,15318021
2026-07-10 12:15:00-04:00,7562.02978515625,7563.419921875,7558.240234375,7558.240234375,16635231
2026-07-10 12:20:00-04:00,7560.25,7562.669921875,7558.06005859375,7562.27978515625,18326367
2026-07-10 12:25:00-04:00,7558.240234375,7560.9501953125,7558.18994140625,7560.2900390625,16873412
2026-07-10 12:30:00-04:00,7561.5498046875,7562.52001953125,7558.27978515625,7558.27978515625,17080144
2026-07-10 12:35:00-04:00,7559.169921875,7562.2001953125,7557.22021484375,7561.56982421875,18592795
2026-07-10 12:40:00-04:00,7562.43017578125,7562.60009765625,7559.18994140625,7559.25,15247743
2026-07-10 12:45:00-04:00,7564.7001953125,7565.41015625,7562.43994140625,7562.56005859375,13567000
2026-07-10 12:50:00-04:00,7566.33984375,7566.580078125,7564.580078125,7564.66015625,15908000
2026-07-10 12:55:00-04:00,7566.3798828125,7567.7998046875,7564.77978515625,7566.39013671875,15905000
2026-07-10 13:00:00-04:00,7563.27001953125,7566.7001953125,7562.25,7566.39990234375,14507000
2026-07-10 13:05:00-04:00,7562.56005859375,7564.509765625,7562.47021484375,7563.22021484375,13650000
2026-07-10 13:10:00-04:00,7564.16015625,7564.330078125,7561.419921875,7562.7001953125,16217000
2026-07-10 13:15:00-04:00,7564.89013671875,7566.4501953125,7563.7998046875,7564.0400390625,13111000
2026-07-10 13:20:00-04:00,7565.669921875,7566.35986328125,7564.64990234375,7564.81005859375,14593000
2026-07-10 13:25:00-04:00,7566.2900390625,7567.08984375,7565.35986328125,7565.7998046875,14943000
2026-07-10 13:30:00-04:00,7566.60986328125,7567.759765625,7565.56005859375,7566.35009765625,15793000
2026-07-10 13:35:00-04:00,7568.89990234375,7570.43017578125,7566.1298828125,7566.64013671875,15229000
2026-07-10 13:40:00-04:00,7567.93994140625,7569.77001953125,7567.16015625,7568.85986328125,13115000
2026-07-10 13:45:00-04:00,7569.27001953125,7569.64013671875,7567.6201171875,7568.06982421875,14778000
2026-07-10 13:50:00-04:00,7568.830078125,7570.330078125,7568.7001953125,7569.2099609375,13082000
2026-07-10 13:55:00-04:00,7566.43994140625,7569.25,7565.93994140625,7568.8798828125,14966000
2026-07-10 14:00:00-04:00,7566.740234375,7568.35986328125,7566.10986328125,7566.41015625,18015000
2026-07-10 14:05:00-04:00,7568.93017578125,7569.490234375,7566.830078125,7566.91015625,14711000
2026-07-10 14:10:00-04:00,7569.2998046875,7571.0498046875,7568.43017578125,7569.009765625,15011000
2026-07-10 14:15:00-04:00,7568.3798828125,7569.830078125,7567.47998046875,7569.18994140625,17824000
2026-07-10 14:20:00-04:00,7569.669921875,7570.39990234375,7567.10986328125,7568.330078125,13814000
2026-07-10 14:25:00-04:00,7570.3798828125,7571.9501953125,7569.3798828125,7569.66015625,14030000
2026-07-10 14:30:00-04:00,7571.740234375,7572.2001953125,7570.1298828125,7570.3798828125,13632000
2026-07-10 14:35:00-04:00,7570.25,7571.740234375,7569.58984375,7571.72998046875,13022000
2026-07-10 14:40:00-04:00,7571.10009765625,7572.33984375,7570.18994140625,7570.27001953125,14307000
2026-07-10 14:45:00-04:00,7570.97021484375,7572.22998046875,7570.919921875,7571.14990234375,15658000
2026-07-10 14:50:00-04:00,7571.77978515625,7572.52978515625,7570.4501953125,7570.97998046875,17663000
2026-07-10 14:55:00-04:00,7571.259765625,7572.93994140625,7570.8798828125,7571.85009765625,18265000
2026-07-10 15:00:00-04:00,7575.83984375,7576.47998046875,7571.0,7571.169921875,21175000
2026-07-10 15:05:00-04:00,7575.330078125,7577.25,7574.990234375,7575.8701171875,20279000
2026-07-10 15:10:00-04:00,7577.43994140625,7577.669921875,7575.33984375,7575.33984375,17781000
2026-07-10 15:15:00-04:00,7576.47021484375,7577.669921875,7575.4599609375,7577.43017578125,20209000
2026-07-10 15:20:00-04:00,7575.60986328125,7576.669921875,7574.77001953125,7576.509765625,21186000
2026-07-10 15:25:00-04:00,7575.64013671875,7576.89013671875,7575.3798828125,7575.7099609375,21306000
2026-07-10 15:30:00-04:00,7575.7998046875,7576.58984375,7574.14990234375,7575.64013671875,26460000
2026-07-10 15:35:00-04:00,7576.85986328125,7577.66015625,7575.10009765625,7575.8701171875,24813000
2026-07-10 15:40:00-04:00,7576.5400390625,7578.68017578125,7576.5400390625,7576.83984375,28427000
2026-07-10 15:45:00-04:00,7577.39013671875,7577.7001953125,7575.759765625,7576.490234375,39675000
2026-07-10 15:50:00-04:00,7577.31982421875,7579.93017578125,7576.490234375,7577.31982421875,57870000
2026-07-10 15:55:00-04:00,7575.3798828125,7578.02001953125,7572.35986328125,7576.919921875,161911000
2026-07-13 09:30:00-04:00,7559.7998046875,7565.3701171875,7547.52978515625,7547.52978515625,0
2026-07-13 09:35:00-04:00,7558.06982421875,7563.39013671875,7555.85009765625,7559.5498046875,43516206
2026-07-13 09:40:00-04:00,7555.60009765625,7557.8798828125,7550.259765625,7557.8798828125,44272089
2026-07-13 09:45:00-04:00,7554.5400390625,7556.41015625,7548.14013671875,7555.60986328125,40023751
2026-07-13 09:50:00-04:00,7551.68017578125,7554.830078125,7544.18017578125,7554.6298828125,36660746
2026-07-13 09:55:00-04:00,7561.759765625,7562.9501953125,7549.56982421875,7551.27001953125,32196735
2026-07-13 10:00:00-04:00,7553.240234375,7564.919921875,7552.830078125,7561.39013671875,36306164
2026-07-13 10:05:00-04:00,7553.43017578125,7555.27978515625,7548.66015625,7553.22021484375,28411961
2026-07-13 10:10:00-04:00,7558.89990234375,7559.66015625,7552.52978515625,7553.7998046875,29050106
2026-07-13 10:15:00-04:00,7543.81982421875,7559.830078125,7529.330078125,7558.97021484375,47325422
2026-07-13 10:20:00-04:00,7553.7099609375,7554.27001953125,7541.240234375,7544.18017578125,26414978
2026-07-13 10:25:00-04:00,7556.91015625,7557.47998046875,7551.6201171875,7553.43017578125,28751975
2026-07-13 10:30:00-04:00,7551.919921875,7558.580078125,7551.8701171875,7557.08984375,27551779
2026-07-13 10:35:00-04:00,7548.4501953125,7552.75,7545.64990234375,7552.31982421875,24327942
2026-07-13 10:40:00-04:00,7541.259765625,7548.5498046875,7539.06005859375,7548.509765625,23276560
2026-07-13 10:45:00-04:00,7550.0,7550.18017578125,7536.2001953125,7541.009765625,24609529
2026-07-13 10:50:00-04:00,7543.25,7550.47998046875,7542.1201171875,7550.18017578125,26011325
2026-07-13 10:55:00-04:00,7553.77001953125,7554.08984375,7542.08984375,7543.35009765625,23964154
2026-07-13 11:00:00-04:00,7549.93994140625,7556.81005859375,7549.47021484375,7553.68017578125,22209028
2026-07-13 11:05:00-04:00,7548.31005859375,7552.0,7547.6201171875,7549.93994140625,20701116
2026-07-13 11:10:00-04:00,7546.990234375,7551.77001953125,7545.259765625,7548.3798828125,21504063
2026-07-13 11:15:00-04:00,7548.93017578125,7549.669921875,7545.3798828125,7546.97021484375,18920878
2026-07-13 11:20:00-04:00,7550.64013671875,7551.6201171875,7547.81005859375,7548.72998046875,20403051
2026-07-13 11:25:00-04:00,7549.85009765625,7551.10986328125,7545.77978515625,7550.4501953125,19363609
2026-07-13 11:30:00-04:00,7548.14013671875,7551.5,7546.72021484375,7550.080078125,21506050
2026-07-13 11:35:00-04:00,7547.2998046875,7548.9501953125,7545.10986328125,7548.009765625,19439980
2026-07-13 11:40:00-04:00,7543.9599609375,7547.8798828125,7543.419921875,7547.4599609375,20103844
2026-07-13 11:45:00-04:00,7543.169921875,7544.06005859375,7541.3798828125,7543.77978515625,19575324
2026-07-13 11:50:00-04:00,7542.22998046875,7543.7998046875,7537.8798828125,7543.5,20549805
2026-07-13 11:55:00-04:00,7538.2900390625,7542.330078125,7537.27978515625,7542.169921875,23723799
2026-07-13 12:00:00-04:00,7537.1201171875,7540.759765625,7536.02001953125,7538.240234375,21857678
2026-07-13 12:05:00-04:00,7540.89013671875,7540.89013671875,7536.43994140625,7537.169921875,21327198
2026-07-13 12:10:00-04:00,7540.56005859375,7543.72021484375,7538.97021484375,7540.81005859375,23147368
2026-07-13 12:15:00-04:00,7534.77001953125,7540.740234375,7532.68017578125,7540.4501953125,23146583
2026-07-13 12:20:00-04:00,7532.7001953125,7534.7900390625,7531.9501953125,7534.7900390625,19019480
2026-07-13 12:25:00-04:00,7528.7001953125,7532.81982421875,7525.9501953125,7532.64013671875,22519000
2026-07-13 12:30:00-04:00,7522.06982421875,7528.77978515625,7521.7998046875,7528.77978515625,20278000
2026-07-13 12:35:00-04:00,7525.02001953125,7527.81005859375,7514.66015625,7521.9599609375,26099000
2026-07-13 12:40:00-04:00,7528.490234375,7530.43994140625,7521.31005859375,7525.14990234375,19996000
2026-07-13 12:45:00-04:00,7525.3798828125,7531.97998046875,7525.2900390625,7528.830078125,20176000
2026-07-13 12:50:00-04:00,7520.259765625,7525.77978515625,7518.490234375,7525.39990234375,19113000
2026-07-13 12:55:00-04:00,7524.35986328125,7526.2998046875,7518.77978515625,7520.22021484375,18521000
2026-07-13 13:00:00-04:00,7524.47998046875,7528.2001953125,7523.60986328125,7524.39990234375,17810000
2026-07-13 13:05:00-04:00,7529.60986328125,7530.490234375,7523.5,7524.169921875,17289000
2026-07-13 13:10:00-04:00,7526.39013671875,7531.91015625,7525.10009765625,7529.7001953125,18396000
2026-07-13 13:15:00-04:00,7527.919921875,7528.6298828125,7522.4599609375,7526.35986328125,15422000
2026-07-13 13:20:00-04:00,7522.64013671875,7529.39013671875,7522.5498046875,7527.5,18444000
2026-07-13 13:25:00-04:00,7523.5400390625,7525.10986328125,7520.97021484375,7522.64013671875,19939000
2026-07-13 13:30:00-04:00,7524.83984375,7526.2900390625,7522.16015625,7523.6298828125,16908000
2026-07-13 13:35:00-04:00,7522.31982421875,7524.830078125,7520.43994140625,7524.830078125,16762000
2026-07-13 13:40:00-04:00,7525.27001953125,7526.56005859375,7520.39013671875,7522.2900390625,17728000
2026-07-13 13:45:00-04:00,7522.06005859375,7527.75,7521.8798828125,7525.330078125,17475000
2026-07-13 13:50:00-04:00,7519.740234375,7522.43017578125,7517.9501953125,7522.0400390625,20371000
2026-07-13 13:55:00-04:00,7518.06982421875,7520.97998046875,7517.7099609375,7519.85009765625,17367000
2026-07-13 14:00:00-04:00,7522.1201171875,7524.14013671875,7517.77978515625,7518.10009765625,19472000
2026-07-13 14:05:00-04:00,7522.2900390625,7527.47998046875,7522.0,7522.16015625,16767000
2026-07-13 14:10:00-04:00,7523.68017578125,7523.89990234375,7517.2900390625,7522.25,17289000
2026-07-13 14:15:00-04:00,7517.56005859375,7524.240234375,7516.509765625,7523.740234375,18382000
2026-07-13 14:20:00-04:00,7520.990234375,7521.0,7516.60009765625,7517.91015625,17453000
2026-07-13 14:25:00-04:00,7518.1298828125,7521.2099609375,7517.9501953125,7520.990234375,20558000
2026-07-13 14:30:00-04:00,7518.31982421875,7521.39013671875,7515.47998046875,7518.18017578125,21477000
2026-07-13 14:35:00-04:00,7522.66015625,7523.22998046875,7517.93017578125,7518.18994140625,18063000
2026-07-13 14:40:00-04:00,7524.1201171875,7526.330078125,7521.85009765625,7522.68017578125,17914000
2026-07-13 14:45:00-04:00,7523.35986328125,7524.77978515625,7521.22998046875,7524.16015625,21869000
2026-07-13 14:50:00-04:00,7523.85986328125,7526.080078125,7521.33984375,7523.3701171875,18465000
2026-07-13 14:55:00-04:00,7521.56005859375,7524.64990234375,7520.06005859375,7523.81005859375,21269000
2026-07-13 15:00:00-04:00,7524.02978515625,7524.77001953125,7518.22021484375,7521.56982421875,22468000
2026-07-13 15:05:00-04:00,7520.490234375,7525.419921875,7520.47021484375,7524.169921875,21907000
2026-07-13 15:10:00-04:00,7518.14013671875,7520.740234375,7516.39990234375,7520.43017578125,24051000
2026-07-13 15:15:00-04:00,7517.85986328125,7519.8701171875,7516.68994140625,7518.10986328125,24295000
2026-07-13 15:20:00-04:00,7515.009765625,7518.02978515625,7512.68994140625,7517.8701171875,28417000
2026-07-13 15:25:00-04:00,7509.22998046875,7515.0,7508.330078125,7514.97021484375,28237000
2026-07-13 15:30:00-04:00,7511.490234375,7513.919921875,7508.68994140625,7509.39990234375,35492000
2026-07-13 15:35:00-04:00,7507.7998046875,7511.7099609375,7506.41015625,7511.7099609375,34336000
2026-07-13 15:40:00-04:00,7514.3798828125,7514.85009765625,7507.330078125,7507.97021484375,36600000
2026-07-13 15:45:00-04:00,7513.97998046875,7515.7001953125,7511.240234375,7514.64990234375,48706000
2026-07-13 15:50:00-04:00,7516.419921875,7519.580078125,7513.93994140625,7513.93994140625,76254000
2026-07-13 15:55:00-04:00,7515.89990234375,7521.31982421875,7514.77978515625,7515.81005859375,190670000
2026-07-14 09:30:00-04:00,7522.66015625,7538.830078125,7522.66015625,7536.7001953125,0
2026-07-14 09:35:00-04:00,7538.68994140625,7539.35009765625,7520.7900390625,7523.0,47156876
2026-07-14 09:40:00-04:00,7539.7900390625,7540.3701171875,7532.43017578125,7538.18017578125,42513401
2026-07-14 09:45:00-04:00,7535.97021484375,7544.4501953125,7533.81982421875,7539.35986328125,43371565
2026-07-14 09:50:00-04:00,7538.2900390625,7542.16015625,7533.43017578125,7536.0400390625,34407399
2026-07-14 09:55:00-04:00,7539.81982421875,7542.25,7534.0498046875,7537.58984375,33776942
2026-07-14 10:00:00-04:00,7531.2099609375,7540.64013671875,7528.490234375,7539.9599609375,34578061
2026-07-14 10:05:00-04:00,7528.830078125,7533.1298828125,7524.8701171875,7530.89990234375,36039411
2026-07-14 10:10:00-04:00,7530.16015625,7530.419921875,7523.89013671875,7528.43017578125,29852434
2026-07-14 10:15:00-04:00,7524.66015625,7530.06982421875,7513.22998046875,7530.06982421875,30621490
2026-07-14 10:20:00-04:00,7527.5498046875,7533.68994140625,7524.5400390625,7524.89013671875,31424312
2026-07-14 10:25:00-04:00,7533.85986328125,7537.83984375,7526.14013671875,7527.419921875,26925854
2026-07-14 10:30:00-04:00,7547.06005859375,7557.43994140625,7531.7001953125,7533.7001953125,43686825
2026-07-14 10:35:00-04:00,7545.75,7547.7900390625,7542.41015625,7547.08984375,29261737
2026-07-14 10:40:00-04:00,7538.0498046875,7548.490234375,7536.5498046875,7545.7099609375,25034343
2026-07-14 10:45:00-04:00,7534.490234375,7540.2099609375,7533.72021484375,7538.14990234375,23252028
2026-07-14 10:50:00-04:00,7542.10009765625,7542.10009765625,7531.06982421875,7534.43994140625,23136690
2026-07-14 10:55:00-04:00,7543.06005859375,7545.16015625,7541.580078125,7542.1201171875,22988101
2026-07-14 11:00:00-04:00,7550.52978515625,7554.72021484375,7538.919921875,7543.10009765625,34142559
2026-07-14 11:05:00-04:00,7555.02001953125,7556.75,7548.77001953125,7550.2099609375,24832013
2026-07-14 11:10:00-04:00,7552.08984375,7555.919921875,7549.89990234375,7554.830078125,26874017
2026-07-14 11:15:00-04:00,7546.009765625,7553.080078125,7544.0400390625,7552.02001953125,26198867
2026-07-14 11:20:00-04:00,7551.31005859375,7551.31005859375,7543.39990234375,7546.10009765625,25534127
2026-07-14 11:25:00-04:00,7552.93994140625,7553.4501953125,7549.60986328125,7551.419921875,24421697
2026-07-14 11:30:00-04:00,7546.6298828125,7554.669921875,7545.7900390625,7553.06005859375,26532188
2026-07-14 11:35:00-04:00,7545.0400390625,7546.89990234375,7542.41015625,7546.759765625,24088960
2026-07-14 11:40:00-04:00,7542.3701171875,7545.1298828125,7534.47021484375,7545.1298828125,23895996
2026-07-14 11:45:00-04:00,7542.8798828125,7545.8701171875,7542.14990234375,7542.509765625,21271379
2026-07-14 11:50:00-04:00,7536.77001953125,7543.47998046875,7536.06982421875,7542.64013671875,20413647
2026-07-14 11:55:00-04:00,7536.60009765625,7537.7900390625,7533.0,7536.7998046875,19089772
2026-07-14 12:00:00-04:00,7529.31005859375,7536.89990234375,7527.06982421875,7536.5400390625,21386000
2026-07-14 12:05:00-04:00,7531.16015625,7533.2900390625,7526.830078125,7529.68017578125,19317000
2026-07-14 12:10:00-04:00,7531.75,7532.77978515625,7527.16015625,7531.08984375,16672000
2026-07-14 12:15:00-04:00,7530.75,7532.0,7526.990234375,7531.7001953125,18666000
2026-07-14 12:20:00-04:00,7529.97998046875,7532.2900390625,7526.85009765625,7530.919921875,20163000
2026-07-14 12:25:00-04:00,7534.4599609375,7535.10009765625,7529.27978515625,7529.89013671875,20489000
2026-07-14 12:30:00-04:00,7537.25,7537.25,7532.22021484375,7534.3701171875,20856000
2026-07-14 12:35:00-04:00,7539.10986328125,7539.64013671875,7536.10986328125,7537.2998046875,18347000
2026-07-14 12:40:00-04:00,7541.18017578125,7543.7998046875,7538.14013671875,7539.16015625,17296000
2026-07-14 12:45:00-04:00,7540.0,7543.60986328125,7536.14990234375,7541.1201171875,17033000
2026-07-14 12:50:00-04:00,7541.16015625,7542.740234375,7539.1201171875,7540.10009765625,16953000
2026-07-14 12:55:00-04:00,7544.77001953125,7544.77001953125,7541.0498046875,7541.080078125,17089000
2026-07-14 13:00:00-04:00,7543.77978515625,7547.2998046875,7543.2998046875,7544.91015625,19041000
2026-07-14 13:05:00-04:00,7547.39990234375,7547.5498046875,7542.60986328125,7543.77001953125,15413000
2026-07-14 13:10:00-04:00,7544.77978515625,7548.5400390625,7544.77978515625,7547.39990234375,15411000
2026-07-14 13:15:00-04:00,7547.22998046875,7547.41015625,7543.14013671875,7544.830078125,17298000
2026-07-14 13:20:00-04:00,7550.990234375,7551.93017578125,7547.169921875,7547.169921875,16496000
2026-07-14 13:25:00-04:00,7549.580078125,7551.77001953125,7548.81982421875,7550.91015625,15338000
2026-07-14 13:30:00-04:00,7546.93017578125,7551.35986328125,7546.93017578125,7549.52001953125,18932000
2026-07-14 13:35:00-04:00,7547.43994140625,7547.81982421875,7544.580078125,7546.7001953125,15487000
2026-07-14 13:40:00-04:00,7546.68994140625,7547.9501953125,7545.6201171875,7547.39990234375,15017000
2026-07-14 13:45:00-04:00,7547.3701171875,7548.68017578125,7544.39013671875,7546.830078125,18558000
2026-07-14 13:50:00-04:00,7548.58984375,7549.27978515625,7547.259765625,7547.2998046875,17358000
2026-07-14 13:55:00-04:00,7548.81982421875,7549.35986328125,7547.7099609375,7548.60986328125,17705000
2026-07-14 14:00:00-04:00,7550.75,7550.759765625,7545.68994140625,7548.77978515625,21306000
2026-07-14 14:05:00-04:00,7550.75,7551.47998046875,7549.18017578125,7550.740234375,20909000
2026-07-14 14:10:00-04:00,7552.330078125,7552.56005859375,7549.9599609375,7550.81005859375,18458000
2026-07-14 14:15:00-04:00,7552.2998046875,7554.02001953125,7551.18994140625,7552.31982421875,17334000
2026-07-14 14:20:00-04:00,7550.5400390625,7554.169921875,7550.259765625,7552.330078125,18672000
2026-07-14 14:25:00-04:00,7551.18017578125,7552.5,7549.4501953125,7550.56005859375,19577000
2026-07-14 14:30:00-04:00,7551.10009765625,7551.72998046875,7549.83984375,7551.14990234375,22857000
2026-07-14 14:35:00-04:00,7550.10986328125,7552.18017578125,7548.10009765625,7551.18994140625,19189000
2026-07-14 14:40:00-04:00,7546.81982421875,7550.08984375,7545.080078125,7550.06982421875,19629000
2026-07-14 14:45:00-04:00,7546.31982421875,7548.35009765625,7545.7900390625,7546.72998046875,18841000
2026-07-14 14:50:00-04:00,7549.10009765625,7549.77001953125,7545.43017578125,7546.27001953125,18239000
2026-07-14 14:55:00-04:00,7548.39990234375,7549.22998046875,7547.52001953125,7549.1201171875,18341000
2026-07-14 15:00:00-04:00,7545.81982421875,7548.8798828125,7545.25,7548.3701171875,25740000
2026-07-14 15:05:00-04:00,7545.85009765625,7547.580078125,7544.7900390625,7545.85009765625,20322000
2026-07-14 15:10:00-04:00,7547.18017578125,7547.9501953125,7544.2099609375,7545.41015625,23322000
2026-07-14 15:15:00-04:00,7547.669921875,7548.7900390625,7546.89013671875,7547.169921875,23210000
2026-07-14 15:20:00-04:00,7550.52978515625,7550.5498046875,7547.259765625,7547.66015625,22471000
2026-07-14 15:25:00-04:00,7547.68017578125,7551.02978515625,7547.68017578125,7550.47998046875,24901000
2026-07-14 15:30:00-04:00,7546.52001953125,7547.6298828125,7544.08984375,7547.6298828125,33883000
2026-07-14 15:35:00-04:00,7545.419921875,7549.02001953125,7544.8701171875,7546.47021484375,32286000
2026-07-14 15:40:00-04:00,7548.81982421875,7549.259765625,7544.8798828125,7545.41015625,33977000
2026-07-14 15:45:00-04:00,7551.169921875,7551.25,7548.3701171875,7548.77001953125,41620000
2026-07-14 15:50:00-04:00,7546.52001953125,7551.06982421875,7546.52001953125,7551.06982421875,72333000
2026-07-14 15:55:00-04:00,7544.2900390625,7550.35009765625,7543.35009765625,7546.43994140625,181950000
2026-07-15 09:30:00-04:00,7579.169921875,7579.97021484375,7569.58984375,7571.72021484375,137163676
2026-07-15 09:35:00-04:00,7574.27001953125,7580.759765625,7572.0,7579.56005859375,47448357
2026-07-15 09:40:00-04:00,7570.2900390625,7574.81982421875,7569.43017578125,7574.64013671875,36151001
2026-07-15 09:45:00-04:00,7561.2900390625,7571.47021484375,7559.7099609375,7570.240234375,38230242
2026-07-15 09:50:00-04:00,7567.06005859375,7567.06005859375,7557.33984375,7561.75,35569928
2026-07-15 09:55:00-04:00,7570.08984375,7571.10986328125,7565.52001953125,7566.89013671875,34090038
2026-07-15 10:00:00-04:00,7573.97021484375,7577.7998046875,7571.2099609375,7571.2099609375,34367179
2026-07-15 10:05:00-04:00,7577.02978515625,7579.47021484375,7572.009765625,7573.9599609375,35157172
2026-07-15 10:10:00-04:00,7572.990234375,7578.43994140625,7572.52001953125,7576.68017578125,35356961
2026-07-15 10:15:00-04:00,7578.91015625,7581.5,7572.75,7573.25,36949621
2026-07-15 10:20:00-04:00,7562.35986328125,7579.080078125,7559.02001953125,7578.68017578125,40997568
2026-07-15 10:25:00-04:00,7571.85009765625,7572.43017578125,7559.02978515625,7562.47998046875,35863981
2026-07-15 10:30:00-04:00,7571.14990234375,7573.58984375,7564.47998046875,7571.52978515625,38290614
2026-07-15 10:35:00-04:00,7561.9501953125,7573.419921875,7560.47998046875,7571.2900390625,37234262
2026-07-15 10:40:00-04:00,7560.1201171875,7564.919921875,7553.8701171875,7561.72021484375,37029701
2026-07-15 10:45:00-04:00,7563.330078125,7563.5400390625,7554.85986328125,7560.169921875,30697274
2026-07-15 10:50:00-04:00,7555.77978515625,7563.64990234375,7552.9599609375,7563.14990234375,28728873
2026-07-15 10:55:00-04:00,7560.3798828125,7560.7099609375,7553.7900390625,7556.259765625,27419004
2026-07-15 11:00:00-04:00,7557.419921875,7562.16015625,7556.18017578125,7560.4501953125,28305730
2026-07-15 11:05:00-04:00,7566.58984375,7567.06005859375,7555.35986328125,7557.41015625,28499493
2026-07-15 11:10:00-04:00,7556.89013671875,7567.5498046875,7556.419921875,7566.58984375,28161436
2026-07-15 11:15:00-04:00,7558.22998046875,7558.81005859375,7548.06982421875,7556.830078125,30352115
2026-07-15 11:20:00-04:00,7554.009765625,7558.490234375,7550.419921875,7558.490234375,27978357
2026-07-15 11:25:00-04:00,7561.990234375,7561.990234375,7554.02978515625,7554.93994140625,27506893
2026-07-15 11:30:00-04:00,7561.18017578125,7564.56005859375,7557.72021484375,7561.85986328125,28372032
2026-07-15 11:35:00-04:00,7561.9501953125,7562.85986328125,7556.97021484375,7561.35986328125,23199974
2026-07-15 11:40:00-04:00,7556.7001953125,7563.08984375,7556.080078125,7562.41015625,21704897
2026-07-15 11:45:00-04:00,7554.009765625,7557.7900390625,7553.4599609375,7556.85986328125,25004621
2026-07-15 11:50:00-04:00,7552.1298828125,7554.0498046875,7549.08984375,7554.0498046875,22857000
2026-07-15 11:55:00-04:00,7552.2900390625,7553.83984375,7548.85009765625,7552.080078125,22977000
2026-07-15 12:00:00-04:00,7546.10986328125,7553.93017578125,7543.52978515625,7552.3798828125,27381000
2026-07-15 12:05:00-04:00,7544.9501953125,7546.259765625,7539.6298828125,7546.16015625,27521000
2026-07-15 12:10:00-04:00,7537.33984375,7546.33984375,7536.97998046875,7544.7900390625,28939000
2026-07-15 12:15:00-04:00,7535.10009765625,7538.919921875,7534.93994140625,7537.47021484375,26579000
2026-07-15 12:20:00-04:00,7530.490234375,7536.740234375,7529.4599609375,7535.35009765625,28145000
2026-07-15 12:25:00-04:00,7533.68994140625,7534.0,7529.4599609375,7530.64990234375,25898000
2026-07-15 12:30:00-04:00,7530.22021484375,7536.77001953125,7529.39990234375,7533.669921875,25352000
2026-07-15 12:35:00-04:00,7529.7099609375,7531.35986328125,7527.25,7530.240234375,25217000
2026-07-15 12:40:00-04:00,7533.81005859375,7534.080078125,7526.9501953125,7529.72021484375,24837000
2026-07-15 12:45:00-04:00,7539.08984375,7546.66015625,7532.18017578125,7533.77001953125,37007000
2026-07-15 12:50:00-04:00,7540.02001953125,7543.85009765625,7538.75,7538.75,22803000
2026-07-15 12:55:00-04:00,7542.10009765625,7542.10009765625,7535.47998046875,7539.990234375,18650000
2026-07-15 13:00:00-04:00,7544.52001953125,7546.0,7541.7001953125,7542.14990234375,22122000
2026-07-15 13:05:00-04:00,7546.4599609375,7549.91015625,7543.89990234375,7544.47021484375,19047000
2026-07-15 13:10:00-04:00,7543.39990234375,7547.97021484375,7543.33984375,7546.3701171875,19478000
2026-07-15 13:15:00-04:00,7549.490234375,7550.06005859375,7543.16015625,7543.509765625,20931000
2026-07-15 13:20:00-04:00,7550.47998046875,7551.43994140625,7547.52978515625,7549.68994140625,22691000
2026-07-15 13:25:00-04:00,7553.919921875,7553.919921875,7549.1298828125,7550.2900390625,19277000
2026-07-15 13:30:00-04:00,7556.18994140625,7557.6298828125,7553.75,7553.919921875,21786000
2026-07-15 13:35:00-04:00,7559.759765625,7560.3701171875,7555.7001953125,7556.66015625,19463000
2026-07-15 13:40:00-04:00,7558.89990234375,7560.14990234375,7557.81005859375,7559.85986328125,18379000
2026-07-15 13:45:00-04:00,7566.08984375,7566.5498046875,7558.43994140625,7559.02001953125,19522000
2026-07-15 13:50:00-04:00,7570.080078125,7570.56005859375,7564.68994140625,7565.97021484375,20502000
2026-07-15 13:55:00-04:00,7567.56982421875,7570.31005859375,7567.06982421875,7570.0498046875,19731000
2026-07-15 14:00:00-04:00,7569.1298828125,7571.41015625,7567.3701171875,7567.759765625,20903000
2026-07-15 14:05:00-04:00,7571.1298828125,7572.14990234375,7568.43994140625,7569.259765625,21093000
2026-07-15 14:10:00-04:00,7571.169921875,7573.14990234375,7570.85986328125,7571.1298828125,19811000
2026-07-15 14:15:00-04:00,7569.22021484375,7571.14013671875,7567.93994140625,7571.14013671875,22238000
2026-07-15 14:20:00-04:00,7573.0,7574.10986328125,7568.97021484375,7569.25,23507000
2026-07-15 14:25:00-04:00,7572.27001953125,7573.7001953125,7571.83984375,7573.0400390625,19301000
2026-07-15 14:30:00-04:00,7574.0498046875,7574.83984375,7571.740234375,7572.259765625,20513000
2026-07-15 14:35:00-04:00,7570.330078125,7573.93994140625,7570.02001953125,7573.93994140625,19752000
2026-07-15 14:40:00-04:00,7566.3798828125,7571.64013671875,7566.06982421875,7570.33984375,19534000
2026-07-15 14:45:00-04:00,7562.60009765625,7566.43994140625,7560.68017578125,7566.41015625,24038000
2026-07-15 14:50:00-04:00,7558.7998046875,7562.7900390625,7557.2001953125,7562.2099609375,21428000
2026-07-15 14:55:00-04:00,7556.830078125,7560.41015625,7556.47998046875,7558.8798828125,22442000
2026-07-15 15:00:00-04:00,7562.4599609375,7563.06982421875,7556.169921875,7557.02978515625,25397000
2026-07-15 15:05:00-04:00,7561.080078125,7564.259765625,7560.6298828125,7562.47998046875,24181000
2026-07-15 15:10:00-04:00,7563.259765625,7564.5400390625,7560.47021484375,7561.10009765625,25514000
2026-07-15 15:15:00-04:00,7560.4599609375,7563.75,7560.4599609375,7563.4599609375,27394000
2026-07-15 15:20:00-04:00,7558.31982421875,7560.6298828125,7557.0,7560.52001953125,26964000
2026-07-15 15:25:00-04:00,7561.25,7562.52001953125,7557.2001953125,7558.39013671875,30484000
2026-07-15 15:30:00-04:00,7558.080078125,7564.75,7557.0498046875,7561.5400390625,40558000
2026-07-15 15:35:00-04:00,7563.2099609375,7563.72998046875,7556.7099609375,7558.0498046875,34738000
2026-07-15 15:40:00-04:00,7566.33984375,7567.22998046875,7563.2001953125,7563.52001953125,39356000
2026-07-15 15:45:00-04:00,7561.31982421875,7566.7099609375,7560.27978515625,7566.27978515625,48731000
2026-07-15 15:50:00-04:00,7566.8701171875,7566.89990234375,7561.2998046875,7561.2998046875,75767000
2026-07-15 15:55:00-04:00,7572.2001953125,7573.3798828125,7566.93017578125,7566.93017578125,190827000
2026-07-16 09:30:00-04:00,7546.66015625,7560.669921875,7544.68017578125,7558.7998046875,0
2026-07-16 09:35:00-04:00,7541.39013671875,7550.830078125,7540.7001953125,7546.240234375,46832777
2026-07-16 09:40:00-04:00,7537.35986328125,7547.72021484375,7535.330078125,7541.64990234375,46086067
2026-07-16 09:45:00-04:00,7535.2099609375,7541.5400390625,7531.72021484375,7537.35986328125,45303625
2026-07-16 09:50:00-04:00,7539.89013671875,7547.60009765625,7534.41015625,7534.5,40100206
2026-07-16 09:55:00-04:00,7545.009765625,7546.490234375,7536.580078125,7539.85009765625,37656163
2026-07-16 10:00:00-04:00,7552.97998046875,7554.52978515625,7543.0400390625,7545.7099609375,37869759
2026-07-16 10:05:00-04:00,7560.330078125,7561.759765625,7552.080078125,7553.27978515625,36352371
2026-07-16 10:10:00-04:00,7560.06982421875,7562.7099609375,7558.64013671875,7560.2900390625,33693768
2026-07-16 10:15:00-04:00,7564.66015625,7565.18017578125,7558.7900390625,7560.009765625,30600687
2026-07-16 10:20:00-04:00,7563.0,7565.41015625,7557.02001953125,7564.7099609375,28972158
2026-07-16 10:25:00-04:00,7570.02001953125,7570.35986328125,7559.0400390625,7562.6201171875,28977395
2026-07-16 10:30:00-04:00,7568.06982421875,7570.740234375,7566.240234375,7570.169921875,28309418
2026-07-16 10:35:00-04:00,7564.7099609375,7570.4599609375,7564.02978515625,7568.10009765625,26565664
2026-07-16 10:40:00-04:00,7569.43994140625,7569.85986328125,7562.93994140625,7564.72998046875,30059807
2026-07-16 10:45:00-04:00,7567.5,7570.58984375,7566.8798828125,7569.64990234375,27923888
2026-07-16 10:50:00-04:00,7561.60986328125,7567.39013671875,7560.740234375,7567.39013671875,32786123
2026-07-16 10:55:00-04:00,7566.93994140625,7566.93994140625,7558.43017578125,7561.77001953125,28436284
2026-07-16 11:00:00-04:00,7562.14990234375,7569.419921875,7561.66015625,7567.27001953125,24344237
2026-07-16 11:05:00-04:00,7560.68017578125,7563.22998046875,7556.509765625,7562.009765625,28846148
2026-07-16 11:10:00-04:00,7558.830078125,7562.85986328125,7556.2998046875,7560.93017578125,27027161
2026-07-16 11:15:00-04:00,7561.68994140625,7562.0,7555.31982421875,7558.81982421875,24424647
2026-07-16 11:20:00-04:00,7561.5400390625,7562.06982421875,7555.5,7561.8798828125,29227191
2026-07-16 11:25:00-04:00,7563.990234375,7570.22998046875,7561.52978515625,7561.56005859375,26604416
2026-07-16 11:30:00-04:00,7567.77001953125,7567.77001953125,7558.52978515625,7564.0400390625,24062316
2026-07-16 11:35:00-04:00,7569.2998046875,7569.68017578125,7563.97021484375,7567.990234375,23639372
2026-07-16 11:40:00-04:00,7562.52978515625,7569.7998046875,7560.830078125,7569.22021484375,24161172
2026-07-16 11:45:00-04:00,7560.81005859375,7562.39013671875,7556.1298828125,7562.35009765625,25845892
2026-07-16 11:50:00-04:00,7564.02001953125,7566.7900390625,7560.68017578125,7560.68017578125,23158240
2026-07-16 11:55:00-04:00,7561.509765625,7564.1298828125,7558.7998046875,7564.1298828125,21114264
2026-07-16 12:00:00-04:00,7553.6201171875,7561.75,7553.6201171875,7561.5498046875,25697000
2026-07-16 12:05:00-04:00,7555.0498046875,7555.8798828125,7549.169921875,7553.56005859375,26590000
2026-07-16 12:10:00-04:00,7545.77001953125,7554.75,7545.27978515625,7554.75,24234000
2026-07-16 12:15:00-04:00,7547.66015625,7550.7998046875,7544.2998046875,7545.60009765625,24399000
2026-07-16 12:20:00-04:00,7541.35986328125,7547.64013671875,7540.830078125,7547.64013671875,26813000
2026-07-16 12:25:00-04:00,7544.39990234375,7546.490234375,7539.740234375,7541.22998046875,23490000
2026-07-16 12:30:00-04:00,7547.35986328125,7550.81982421875,7544.47021484375,7544.47021484375,23427000
2026-07-16 12:35:00-04:00,7544.39990234375,7548.56005859375,7544.33984375,7547.2001953125,20943000
2026-07-16 12:40:00-04:00,7544.990234375,7547.52001953125,7543.169921875,7544.4501953125,25331000
2026-07-16 12:45:00-04:00,7545.7099609375,7547.1201171875,7542.4501953125,7544.85009765625,25786000
2026-07-16 12:50:00-04:00,7551.8798828125,7551.8798828125,7544.56005859375,7545.9599609375,22015000
2026-07-16 12:55:00-04:00,7554.169921875,7555.22998046875,7551.4501953125,7551.77978515625,22627000
2026-07-16 13:00:00-04:00,7551.97021484375,7554.52978515625,7547.919921875,7554.18994140625,22758000
2026-07-16 13:05:00-04:00,7552.39013671875,7553.81982421875,7547.91015625,7551.7998046875,22061000
2026-07-16 13:10:00-04:00,7547.56982421875,7553.16015625,7547.5,7552.47998046875,18364000
2026-07-16 13:15:00-04:00,7549.77978515625,7550.60986328125,7547.1201171875,7547.7998046875,20517000
2026-07-16 13:20:00-04:00,7547.0,7550.759765625,7546.419921875,7549.91015625,20880000
2026-07-16 13:25:00-04:00,7552.85009765625,7554.2998046875,7545.89990234375,7546.2998046875,21305000
2026-07-16 13:30:00-04:00,7546.72998046875,7553.81005859375,7546.1298828125,7552.81982421875,20811000
2026-07-16 13:35:00-04:00,7542.18994140625,7547.22998046875,7541.39990234375,7546.77978515625,19547000
2026-07-16 13:40:00-04:00,7539.1298828125,7541.85986328125,7536.89013671875,7541.85986328125,25181000
2026-07-16 13:45:00-04:00,7542.080078125,7544.080078125,7536.0,7539.080078125,23037000
2026-07-16 13:50:00-04:00,7541.22021484375,7543.6298828125,7539.14013671875,7542.169921875,22899000
2026-07-16 13:55:00-04:00,7538.10986328125,7541.1298828125,7535.72021484375,7541.080078125,21191000
2026-07-16 14:00:00-04:00,7534.169921875,7540.009765625,7534.02978515625,7537.9599609375,23436000
2026-07-16 14:05:00-04:00,7532.33984375,7534.75,7529.64990234375,7534.14013671875,28313000
2026-07-16 14:10:00-04:00,7532.22021484375,7539.56982421875,7531.8701171875,7531.8701171875,27195000
2026-07-16 14:15:00-04:00,7537.10986328125,7538.7998046875,7529.9599609375,7532.330078125,23844000
2026-07-16 14:20:00-04:00,7537.8701171875,7542.52978515625,7536.740234375,7537.1298828125,26431000
2026-07-16 14:25:00-04:00,7534.16015625,7540.22998046875,7534.16015625,7537.93017578125,26371000
2026-07-16 14:30:00-04:00,7532.2998046875,7534.75,7530.43017578125,7534.75,23632000
2026-07-16 14:35:00-04:00,7528.93017578125,7532.10986328125,7528.919921875,7532.10986328125,22866000
2026-07-16 14:40:00-04:00,7530.2099609375,7532.0,7525.2001953125,7528.85986328125,23340000
2026-07-16 14:45:00-04:00,7532.72021484375,7534.06982421875,7528.4599609375,7530.259765625,24816000
2026-07-16 14:50:00-04:00,7528.419921875,7534.7099609375,7528.18017578125,7532.97998046875,24968000
2026-07-16 14:55:00-04:00,7527.75,7530.22998046875,7526.7998046875,7528.2998046875,23874000
2026-07-16 15:00:00-04:00,7530.5498046875,7532.9599609375,7526.68017578125,7527.509765625,27335000
2026-07-16 15:05:00-04:00,7522.3701171875,7532.6298828125,7522.3701171875,7531.02001953125,31386000
2026-07-16 15:10:00-04:00,7522.5,7523.31005859375,7520.9599609375,7522.47998046875,31050000
2026-07-16 15:15:00-04:00,7522.60986328125,7523.39990234375,7519.18017578125,7522.31005859375,32893000
2026-07-16 15:20:00-04:00,7520.5,7524.91015625,7519.97021484375,7522.5,32678000
2026-07-16 15:25:00-04:00,7516.27001953125,7521.35986328125,7514.06982421875,7520.4501953125,36400000
2026-07-16 15:30:00-04:00,7513.080078125,7517.14990234375,7510.2099609375,7516.02001953125,49484000
2026-07-16 15:35:00-04:00,7515.91015625,7517.0400390625,7509.56005859375,7512.91015625,39928000
2026-07-16 15:40:00-04:00,7510.330078125,7517.02001953125,7510.2099609375,7515.77978515625,45040000
2026-07-16 15:45:00-04:00,7506.9501953125,7510.990234375,7504.02001953125,7510.240234375,63175000
2026-07-16 15:50:00-04:00,7524.419921875,7524.72998046875,7507.10986328125,7507.10986328125,92413000
2026-07-16 15:55:00-04:00,7534.6201171875,7534.68017578125,7524.47998046875,7524.47998046875,212689000
2026-07-17 09:30:00-04:00,7433.6298828125,7448.47998046875,7433.2998046875,7447.52001953125,0
2026-07-17 09:35:00-04:00,7437.91015625,7439.47021484375,7431.259765625,7433.8701171875,72412311
2026-07-17 09:40:00-04:00,7434.080078125,7449.7998046875,7433.0,7438.2001953125,63673085
2026-07-17 09:45:00-04:00,7454.91015625,7455.8701171875,7434.06005859375,7434.080078125,63644229
2026-07-17 09:50:00-04:00,7464.97021484375,7467.509765625,7454.35986328125,7454.85986328125,51570728
2026-07-17 09:55:00-04:00,7473.10986328125,7473.669921875,7461.759765625,7464.64990234375,48396160
2026-07-17 10:00:00-04:00,7477.56005859375,7482.47998046875,7472.4501953125,7473.58984375,51702935
2026-07-17 10:05:00-04:00,7488.31005859375,7489.35009765625,7477.97021484375,7477.97021484375,48674897
2026-07-17 10:10:00-04:00,7489.02001953125,7492.31005859375,7485.18017578125,7487.75,48828189
2026-07-17 10:15:00-04:00,7491.52001953125,7498.43017578125,7486.81005859375,7488.60009765625,41871870
2026-07-17 10:20:00-04:00,7493.93017578125,7496.18994140625,7487.41015625,7491.43017578125,34476398
2026-07-17 10:25:00-04:00,7488.85009765625,7497.08984375,7487.509765625,7494.22998046875,29248972
2026-07-17 10:30:00-04:00,7485.66015625,7490.89013671875,7481.0498046875,7488.8701171875,38506100
2026-07-17 10:35:00-04:00,7492.419921875,7493.39013671875,7483.6201171875,7485.16015625,30771185
2026-07-17 10:40:00-04:00,7484.18994140625,7493.31982421875,7483.39013671875,7493.10986328125,32707099
2026-07-17 10:45:00-04:00,7482.509765625,7490.9599609375,7478.85986328125,7484.43017578125,31239839
2026-07-17 10:50:00-04:00,7478.3701171875,7483.27001953125,7477.31005859375,7482.27978515625,28285961
2026-07-17 10:55:00-04:00,7475.39013671875,7486.009765625,7473.580078125,7478.7099609375,28679009
2026-07-17 11:00:00-04:00,7467.41015625,7477.16015625,7466.580078125,7475.27978515625,29193000
2026-07-17 11:05:00-04:00,7473.22021484375,7474.89990234375,7466.8798828125,7467.27978515625,27609000
2026-07-17 11:10:00-04:00,7468.5400390625,7476.8701171875,7466.7001953125,7473.509765625,27776000
2026-07-17 11:15:00-04:00,7470.16015625,7473.52001953125,7465.02978515625,7468.39990234375,25948000
2026-07-17 11:20:00-04:00,7467.77001953125,7473.64013671875,7464.10009765625,7470.16015625,26016000
2026-07-17 11:25:00-04:00,7479.72998046875,7480.83984375,7467.60986328125,7467.60986328125,22625000
2026-07-17 11:30:00-04:00,7475.64990234375,7483.52001953125,7474.89990234375,7479.72998046875,30820000
2026-07-17 11:35:00-04:00,7482.169921875,7482.8798828125,7470.33984375,7475.7099609375,28904000
2026-07-17 11:40:00-04:00,7479.83984375,7484.6201171875,7475.85009765625,7482.1298828125,23004000
2026-07-17 11:45:00-04:00,7480.7900390625,7481.77001953125,7475.2099609375,7480.02978515625,24313000
2026-07-17 11:50:00-04:00,7486.2900390625,7486.31982421875,7477.83984375,7480.97998046875,23566000
2026-07-17 11:55:00-04:00,7494.56005859375,7495.89990234375,7485.990234375,7486.43994140625,28713000
2026-07-17 12:00:00-04:00,7480.259765625,7496.93017578125,7478.14013671875,7494.75,38226000
2026-07-17 12:05:00-04:00,7485.14990234375,7485.14990234375,7474.93017578125,7481.02001953125,24084000
2026-07-17 12:10:00-04:00,7488.8798828125,7488.97998046875,7483.02001953125,7485.52001953125,24286000
2026-07-17 12:15:00-04:00,7489.8701171875,7491.6201171875,7486.16015625,7488.759765625,23762000
2026-07-17 12:20:00-04:00,7478.490234375,7490.64990234375,7478.10986328125,7489.64990234375,25577000
2026-07-17 12:25:00-04:00,7485.18994140625,7489.91015625,7477.0498046875,7478.31005859375,21214000
2026-07-17 12:30:00-04:00,7481.93017578125,7486.7900390625,7481.33984375,7485.009765625,21300000
2026-07-17 12:35:00-04:00,7484.490234375,7486.02001953125,7481.740234375,7481.89990234375,20119000
2026-07-17 12:40:00-04:00,7488.83984375,7489.60009765625,7481.56982421875,7484.5,20616000
2026-07-17 12:45:00-04:00,7494.18017578125,7495.18017578125,7488.0,7488.9501953125,22810000
2026-07-17 12:50:00-04:00,7495.02978515625,7498.47021484375,7492.06982421875,7494.10986328125,24563000
2026-07-17 12:55:00-04:00,7488.81005859375,7495.41015625,7487.64013671875,7494.72021484375,22986000
2026-07-17 13:00:00-04:00,7492.56005859375,7496.64013671875,7488.669921875,7489.009765625,23396000
2026-07-17 13:05:00-04:00,7495.75,7496.02001953125,7490.669921875,7492.490234375,26683000
2026-07-17 13:10:00-04:00,7489.9599609375,7496.7998046875,7489.9599609375,7495.7998046875,23274000
2026-07-17 13:15:00-04:00,7489.41015625,7495.52001953125,7488.52978515625,7490.02978515625,23597000
2026-07-17 13:20:00-04:00,7488.68017578125,7490.009765625,7485.97998046875,7489.14990234375,24704000
2026-07-17 13:25:00-04:00,7494.5,7496.02001953125,7488.52001953125,7488.919921875,21191000
2026-07-17 13:30:00-04:00,7492.2099609375,7495.7998046875,7491.72998046875,7494.83984375,22833000
2026-07-17 13:35:00-04:00,7486.5498046875,7492.5,7485.169921875,7492.16015625,22807000
2026-07-17 13:40:00-04:00,7481.81005859375,7486.35009765625,7481.08984375,7486.35009765625,21570000
2026-07-17 13:45:00-04:00,7480.75,7484.330078125,7480.10986328125,7481.72998046875,20690000
2026-07-17 13:50:00-04:00,7475.2998046875,7481.64990234375,7473.419921875,7481.169921875,21281000
2026-07-17 13:55:00-04:00,7471.22998046875,7475.35986328125,7469.31982421875,7475.2001953125,22244000
2026-07-17 14:00:00-04:00,7472.2998046875,7477.0498046875,7469.60009765625,7471.25,23958000
2026-07-17 14:05:00-04:00,7468.490234375,7472.33984375,7467.31005859375,7472.33984375,22729000
2026-07-17 14:10:00-04:00,7466.669921875,7470.68017578125,7466.14990234375,7468.64013671875,20381000
2026-07-17 14:15:00-04:00,7463.75,7467.10009765625,7461.85009765625,7466.60986328125,21998000
2026-07-17 14:20:00-04:00,7462.93017578125,7466.81005859375,7461.56982421875,7463.66015625,20458000
2026-07-17 14:25:00-04:00,7462.240234375,7462.9501953125,7458.4501953125,7462.89990234375,20499000
2026-07-17 14:30:00-04:00,7462.35986328125,7468.7900390625,7460.08984375,7462.2998046875,21884000
2026-07-17 14:35:00-04:00,7462.759765625,7464.66015625,7460.77978515625,7462.2900390625,20268000
2026-07-17 14:40:00-04:00,7458.43994140625,7463.43017578125,7456.64013671875,7462.81005859375,20730000
2026-07-17 14:45:00-04:00,7464.5498046875,7467.89013671875,7456.8701171875,7458.3701171875,21624000
2026-07-17 14:50:00-04:00,7470.9501953125,7470.9501953125,7462.3701171875,7464.669921875,19873000
2026-07-17 14:55:00-04:00,7469.81005859375,7471.6298828125,7467.3798828125,7471.0498046875,27321000
2026-07-17 15:00:00-04:00,7464.009765625,7469.4599609375,7462.81982421875,7469.06005859375,22342000
2026-07-17 15:05:00-04:00,7459.4501953125,7464.81005859375,7459.18994140625,7463.97021484375,23227000
2026-07-17 15:10:00-04:00,7452.4599609375,7460.14990234375,7452.4599609375,7459.43017578125,25835000
2026-07-17 15:15:00-04:00,7454.259765625,7454.47021484375,7450.509765625,7452.4599609375,29449000
2026-07-17 15:20:00-04:00,7448.64990234375,7454.18017578125,7448.64990234375,7454.18017578125,25339000
2026-07-17 15:25:00-04:00,7456.6298828125,7458.31982421875,7446.27001953125,7448.5,32252000
2026-07-17 15:30:00-04:00,7455.35986328125,7461.25,7453.64013671875,7456.68994140625,38842000
2026-07-17 15:35:00-04:00,7453.85986328125,7460.2998046875,7452.9501953125,7455.6201171875,37226000
2026-07-17 15:40:00-04:00,7460.3701171875,7461.5,7451.91015625,7453.830078125,39542000
2026-07-17 15:45:00-04:00,7465.43017578125,7465.5400390625,7459.39013671875,7460.47021484375,55279000
2026-07-17 15:50:00-04:00,7465.58984375,7467.83984375,7460.89990234375,7465.490234375,79001000
2026-07-17 15:55:00-04:00,7457.77978515625,7469.0,7455.4599609375,7465.18994140625,213305000
2026-07-20 09:30:00-04:00,7505.60009765625,7506.169921875,7489.18017578125,7489.18017578125,0
2026-07-20 09:35:00-04:00,7506.91015625,7513.22998046875,7503.8701171875,7506.14013671875,42770040
2026-07-20 09:40:00-04:00,7512.14013671875,7512.60986328125,7506.68994140625,7507.2001953125,36591156
2026-07-20 09:45:00-04:00,7502.2099609375,7513.0498046875,7501.72021484375,7512.2099609375,39757063
2026-07-20 09:50:00-04:00,7490.85009765625,7503.52978515625,7488.85986328125,7501.97021484375,37754658
2026-07-20 09:55:00-04:00,7483.41015625,7491.16015625,7481.52001953125,7490.60009765625,33021718
2026-07-20 10:00:00-04:00,7484.830078125,7489.02001953125,7479.83984375,7483.60009765625,35218131
2026-07-20 10:05:00-04:00,7479.7998046875,7486.7998046875,7478.81005859375,7484.7001953125,28096283
2026-07-20 10:10:00-04:00,7475.08984375,7480.009765625,7472.990234375,7480.009765625,30528236
2026-07-20 10:15:00-04:00,7474.39013671875,7479.6201171875,7471.7998046875,7475.10986328125,27859898
2026-07-20 10:20:00-04:00,7475.919921875,7477.91015625,7468.60986328125,7474.56005859375,27989027
2026-07-20 10:25:00-04:00,7482.85986328125,7482.85986328125,7475.31005859375,7475.85009765625,24244634
2026-07-20 10:30:00-04:00,7478.240234375,7484.16015625,7476.4599609375,7482.490234375,27737849
2026-07-20 10:35:00-04:00,7478.7998046875,7480.009765625,7474.77978515625,7478.2001953125,24511658
2026-07-20 10:40:00-04:00,7474.83984375,7482.77978515625,7473.3798828125,7478.77978515625,24031275
2026-07-20 10:45:00-04:00,7471.64013671875,7481.56982421875,7470.8798828125,7474.740234375,23245966
2026-07-20 10:50:00-04:00,7468.580078125,7474.419921875,7467.22021484375,7471.669921875,22567165
2026-07-20 10:55:00-04:00,7466.02001953125,7469.77978515625,7462.3701171875,7468.47021484375,24440950
2026-07-20 11:00:00-04:00,7471.47021484375,7474.2998046875,7463.43994140625,7465.9599609375,27980941
2026-07-20 11:05:00-04:00,7479.27001953125,7479.4599609375,7463.97021484375,7471.259765625,27330461
2026-07-20 11:10:00-04:00,7473.47998046875,7479.52978515625,7472.43017578125,7479.43017578125,24083194
2026-07-20 11:15:00-04:00,7478.2099609375,7480.39990234375,7471.60009765625,7473.47998046875,24190600
2026-07-20 11:20:00-04:00,7482.669921875,7484.5400390625,7476.41015625,7478.18017578125,25064814
2026-07-20 11:25:00-04:00,7484.35009765625,7484.83984375,7478.0400390625,7482.669921875,27384723
2026-07-20 11:30:00-04:00,7484.14990234375,7485.580078125,7483.43017578125,7484.31982421875,22619775
2026-07-20 11:35:00-04:00,7480.3701171875,7484.7998046875,7479.60009765625,7484.2099609375,22572776
2026-07-20 11:40:00-04:00,7484.60986328125,7484.60986328125,7478.7001953125,7480.22998046875,19938217
2026-07-20 11:45:00-04:00,7478.259765625,7485.47021484375,7476.60986328125,7484.990234375,19644144
2026-07-20 11:50:00-04:00,7488.06982421875,7489.02001953125,7476.91015625,7478.330078125,20309654
2026-07-20 11:55:00-04:00,7485.56005859375,7489.9501953125,7485.240234375,7488.02978515625,21187622
2026-07-20 12:00:00-04:00,7487.68017578125,7488.10986328125,7481.6201171875,7485.64990234375,23446483
2026-07-20 12:05:00-04:00,7493.64013671875,7493.89013671875,7487.60009765625,7487.64013671875,21165388
2026-07-20 12:10:00-04:00,7493.72021484375,7495.509765625,7492.3701171875,7493.52978515625,19712834
2026-07-20 12:15:00-04:00,7492.56982421875,7494.02978515625,7489.97998046875,7493.77001953125,18017586
2026-07-20 12:20:00-04:00,7493.2900390625,7494.60009765625,7492.080078125,7492.6298828125,18475403
2026-07-20 12:25:00-04:00,7490.75,7493.81982421875,7487.64990234375,7493.419921875,17981523
2026-07-20 12:30:00-04:00,7484.27978515625,7493.35986328125,7484.2099609375,7490.68017578125,20502000
2026-07-20 12:35:00-04:00,7489.2099609375,7489.27001953125,7483.89013671875,7484.2001953125,17738000
2026-07-20 12:40:00-04:00,7479.52978515625,7490.35009765625,7473.2099609375,7489.240234375,30220000
2026-07-20 12:45:00-04:00,7487.06005859375,7487.35986328125,7478.3798828125,7479.60986328125,17296000
2026-07-20 12:50:00-04:00,7475.58984375,7487.2998046875,7475.10009765625,7487.2099609375,19874000
2026-07-20 12:55:00-04:00,7475.2900390625,7476.8798828125,7473.22998046875,7475.56005859375,20914000
2026-07-20 13:00:00-04:00,7470.9501953125,7477.14990234375,7470.93994140625,7475.240234375,20033000
2026-07-20 13:05:00-04:00,7471.18994140625,7471.93017578125,7467.3701171875,7470.83984375,19315000
2026-07-20 13:10:00-04:00,7464.8798828125,7471.77001953125,7464.18017578125,7471.27978515625,18337000
2026-07-20 13:15:00-04:00,7467.10009765625,7468.240234375,7461.3798828125,7464.830078125,17545000
2026-07-20 13:20:00-04:00,7466.66015625,7470.3701171875,7465.75,7467.06982421875,18509000
2026-07-20 13:25:00-04:00,7466.83984375,7468.919921875,7464.85009765625,7466.68017578125,18224000
2026-07-20 13:30:00-04:00,7468.60009765625,7469.759765625,7465.3798828125,7466.85986328125,21178000
2026-07-20 13:35:00-04:00,7465.919921875,7471.02001953125,7465.81982421875,7468.740234375,18240000
2026-07-20 13:40:00-04:00,7463.18994140625,7466.06005859375,7461.75,7466.0400390625,22729000
2026-07-20 13:45:00-04:00,7467.9599609375,7468.8798828125,7462.89990234375,7463.18994140625,17414000
2026-07-20 13:50:00-04:00,7472.31982421875,7473.9501953125,7467.7998046875,7467.97998046875,19493000
2026-07-20 13:55:00-04:00,7471.10986328125,7472.39990234375,7467.9599609375,7472.39990234375,19293000
2026-07-20 14:00:00-04:00,7473.60986328125,7476.93994140625,7471.1201171875,7471.1201171875,21688000
2026-07-20 14:05:00-04:00,7474.35009765625,7474.7099609375,7471.1201171875,7473.830078125,17373000
2026-07-20 14:10:00-04:00,7475.9501953125,7477.6298828125,7472.81005859375,7474.419921875,17406000
2026-07-20 14:15:00-04:00,7477.740234375,7479.080078125,7474.6298828125,7476.080078125,17160000
2026-07-20 14:20:00-04:00,7468.419921875,7478.169921875,7468.2099609375,7477.759765625,20204000
2026-07-20 14:25:00-04:00,7470.5400390625,7472.9599609375,7466.93017578125,7468.3798828125,17845000
2026-07-20 14:30:00-04:00,7462.02001953125,7470.60009765625,7460.4599609375,7470.60009765625,19405000
2026-07-20 14:35:00-04:00,7460.31982421875,7467.83984375,7459.91015625,7461.8798828125,23224000
2026-07-20 14:40:00-04:00,7450.7998046875,7460.68017578125,7450.7998046875,7460.31982421875,23035000
2026-07-20 14:45:00-04:00,7452.9501953125,7455.25,7449.5400390625,7450.509765625,20389000
2026-07-20 14:50:00-04:00,7455.91015625,7456.9599609375,7451.14990234375,7452.080078125,21262000
2026-07-20 14:55:00-04:00,7452.8701171875,7456.41015625,7450.41015625,7455.91015625,23031000
2026-07-20 15:00:00-04:00,7451.2900390625,7457.02001953125,7449.7998046875,7452.7099609375,25334000
2026-07-20 15:05:00-04:00,7452.43017578125,7453.14990234375,7448.2001953125,7451.14013671875,27913000
2026-07-20 15:10:00-04:00,7442.830078125,7455.89990234375,7442.830078125,7452.0498046875,26619000
2026-07-20 15:15:00-04:00,7444.2998046875,7446.89990234375,7440.52978515625,7442.64990234375,27423000
2026-07-20 15:20:00-04:00,7448.3701171875,7449.27978515625,7443.35986328125,7444.330078125,26901000
2026-07-20 15:25:00-04:00,7452.14013671875,7453.58984375,7443.7001953125,7448.419921875,29228000
2026-07-20 15:30:00-04:00,7455.240234375,7457.06005859375,7449.2998046875,7452.419921875,37755000
2026-07-20 15:35:00-04:00,7454.25,7455.8701171875,7450.18017578125,7455.27978515625,31718000
2026-07-20 15:40:00-04:00,7454.68994140625,7458.509765625,7453.27001953125,7454.2900390625,34199000
2026-07-20 15:45:00-04:00,7455.990234375,7457.0,7451.72021484375,7454.7001953125,45054000
2026-07-20 15:50:00-04:00,7446.740234375,7455.97021484375,7444.240234375,7455.97021484375,69529000
2026-07-20 15:55:00-04:00,7444.72998046875,7446.93017578125,7441.33984375,7446.93017578125,190675000
2026-07-21 09:30:00-04:00,7483.14013671875,7492.5,7477.9501953125,7489.9501953125,0
2026-07-21 09:35:00-04:00,7480.259765625,7488.85986328125,7479.6298828125,7482.7001953125,51222639
2026-07-21 09:40:00-04:00,7470.75,7479.89990234375,7469.0498046875,7479.72998046875,43169622
2026-07-21 09:45:00-04:00,7474.89990234375,7475.4501953125,7467.85986328125,7471.240234375,43632078
2026-07-21 09:50:00-04:00,7476.490234375,7478.93017578125,7468.18994140625,7475.1201171875,36698456
2026-07-21 09:55:00-04:00,7478.6298828125,7479.5,7471.8701171875,7476.009765625,34189127
2026-07-21 10:00:00-04:00,7479.83984375,7483.85009765625,7475.39990234375,7479.2099609375,34536920
2026-07-21 10:05:00-04:00,7477.5498046875,7482.31982421875,7476.4599609375,7479.919921875,31356694
2026-07-21 10:10:00-04:00,7482.14990234375,7482.6201171875,7474.4501953125,7477.58984375,30044333
2026-07-21 10:15:00-04:00,7485.31005859375,7485.9501953125,7473.14990234375,7482.2001953125,30449146
2026-07-21 10:20:00-04:00,7485.43017578125,7487.330078125,7480.1298828125,7485.2900390625,25960739
2026-07-21 10:25:00-04:00,7493.7998046875,7494.77001953125,7484.5,7485.56982421875,27269441
2026-07-21 10:30:00-04:00,7493.52978515625,7496.91015625,7491.669921875,7494.22998046875,30139585
2026-07-21 10:35:00-04:00,7488.10986328125,7495.08984375,7486.490234375,7493.66015625,24718847
2026-07-21 10:40:00-04:00,7491.169921875,7491.4501953125,7483.0498046875,7488.35986328125,25163668
2026-07-21 10:45:00-04:00,7493.8798828125,7496.8701171875,7489.85986328125,7491.1201171875,26618974
2026-07-21 10:50:00-04:00,7491.43994140625,7494.669921875,7489.990234375,7494.06005859375,22039710
2026-07-21 10:55:00-04:00,7492.72021484375,7492.72021484375,7488.419921875,7491.5,26088992
2026-07-21 11:00:00-04:00,7485.22021484375,7494.3701171875,7483.02001953125,7492.7099609375,28140694
2026-07-21 11:05:00-04:00,7495.58984375,7495.990234375,7483.6298828125,7485.3701171875,26300719
2026-07-21 11:10:00-04:00,7497.490234375,7500.33984375,7495.27978515625,7495.68994140625,25802702
2026-07-21 11:15:00-04:00,7499.81982421875,7500.6298828125,7496.93994140625,7497.35986328125,26110536
2026-07-21 11:20:00-04:00,7501.83984375,7504.35986328125,7498.77978515625,7499.52978515625,26568127
2026-07-21 11:25:00-04:00,7504.72021484375,7505.14990234375,7501.47998046875,7501.7998046875,22338537
2026-07-21 11:30:00-04:00,7503.330078125,7505.0498046875,7499.89990234375,7504.81982421875,23448558
2026-07-21 11:35:00-04:00,7500.97021484375,7504.919921875,7499.75,7503.259765625,22429042
2026-07-21 11:40:00-04:00,7501.25,7503.66015625,7500.6201171875,7500.830078125,21004246
2026-07-21 11:45:00-04:00,7503.93017578125,7504.47998046875,7500.66015625,7501.39013671875,22226809
2026-07-21 11:50:00-04:00,7501.9599609375,7505.14013671875,7501.72021484375,7503.85009765625,28856962
2026-07-21 11:55:00-04:00,7499.52001953125,7504.08984375,7499.14013671875,7502.06982421875,21924077
2026-07-21 12:00:00-04:00,7506.759765625,7506.759765625,7499.25,7499.56982421875,25497933
2026-07-21 12:05:00-04:00,7506.4599609375,7508.14990234375,7505.93994140625,7506.759765625,21315974
2026-07-21 12:10:00-04:00,7507.39990234375,7507.7900390625,7505.5,7506.580078125,20265000
2026-07-21 12:15:00-04:00,7509.9599609375,7510.06005859375,7507.18994140625,7507.4599609375,23847000
2026-07-21 12:20:00-04:00,7510.93994140625,7512.64990234375,7509.56982421875,7509.89990234375,20429000
2026-07-21 12:25:00-04:00,7511.47021484375,7512.60986328125,7509.91015625,7510.990234375,20002000
2026-07-21 12:30:00-04:00,7512.68994140625,7512.81982421875,7510.27978515625,7511.43994140625,22173000
2026-07-21 12:35:00-04:00,7512.22998046875,7512.669921875,7510.5498046875,7512.669921875,19035000
2026-07-21 12:40:00-04:00,7511.52001953125,7513.169921875,7510.56982421875,7512.31982421875,19784000
2026-07-21 12:45:00-04:00,7510.2998046875,7511.8701171875,7509.5400390625,7511.43994140625,20200000
2026-07-21 12:50:00-04:00,7514.7998046875,7514.7998046875,7510.02001953125,7510.35986328125,20019000
2026-07-21 12:55:00-04:00,7511.77978515625,7515.31005859375,7511.7001953125,7514.72998046875,20227000
2026-07-21 13:00:00-04:00,7511.22998046875,7513.2099609375,7510.93994140625,7511.83984375,22107000
2026-07-21 13:05:00-04:00,7512.52001953125,7513.7998046875,7510.89990234375,7511.169921875,19039000
2026-07-21 13:10:00-04:00,7511.89013671875,7512.97021484375,7510.9501953125,7512.52978515625,20772000
2026-07-21 13:15:00-04:00,7508.830078125,7512.0498046875,7508.7900390625,7511.89013671875,19990000
2026-07-21 13:20:00-04:00,7509.66015625,7510.47998046875,7508.0498046875,7508.85986328125,19269000
2026-07-21 13:25:00-04:00,7509.33984375,7510.27001953125,7507.97998046875,7509.759765625,16239000
2026-07-21 13:30:00-04:00,7508.97021484375,7511.08984375,7507.919921875,7509.330078125,17877000
2026-07-21 13:35:00-04:00,7512.58984375,7512.7099609375,7508.66015625,7508.97998046875,17355000
2026-07-21 13:40:00-04:00,7511.97998046875,7512.72998046875,7510.6298828125,7512.5498046875,17571000
2026-07-21 13:45:00-04:00,7513.669921875,7513.85986328125,7510.72998046875,7512.0,17356000
2026-07-21 13:50:00-04:00,7512.16015625,7514.52001953125,7512.1298828125,7513.5498046875,18238000
2026-07-21 13:55:00-04:00,7511.52978515625,7512.33984375,7510.47998046875,7512.25,18693000
2026-07-21 14:00:00-04:00,7509.7900390625,7512.9501953125,7508.52001953125,7511.47021484375,20618000
2026-07-21 14:05:00-04:00,7510.10009765625,7510.97998046875,7508.580078125,7508.830078125,21132000
2026-07-21 14:10:00-04:00,7507.47021484375,7510.77001953125,7507.18994140625,7510.2001953125,19138000
2026-07-21 14:15:00-04:00,7507.25,7508.02001953125,7506.66015625,7507.33984375,17595000
2026-07-21 14:20:00-04:00,7508.72998046875,7509.75,7506.580078125,7507.3798828125,18440000
2026-07-21 14:25:00-04:00,7507.4501953125,7508.66015625,7505.89990234375,7508.66015625,18681000
2026-07-21 14:30:00-04:00,7505.27001953125,7508.02978515625,7504.6201171875,7507.5400390625,18755000
2026-07-21 14:35:00-04:00,7507.0,7507.5498046875,7505.08984375,7505.18994140625,20149000
2026-07-21 14:40:00-04:00,7510.97021484375,7511.31982421875,7505.60986328125,7506.91015625,21001000
2026-07-21 14:45:00-04:00,7510.419921875,7511.919921875,7509.31005859375,7510.89990234375,24734000
2026-07-21 14:50:00-04:00,7507.91015625,7510.5,7507.89013671875,7510.06982421875,21345000
2026-07-21 14:55:00-04:00,7509.0400390625,7509.43017578125,7507.580078125,7507.83984375,20549000
2026-07-21 15:00:00-04:00,7508.259765625,7509.8701171875,7506.740234375,7508.990234375,22728000
2026-07-21 15:05:00-04:00,7506.490234375,7509.6201171875,7506.4599609375,7508.18994140625,24075000
2026-07-21 15:10:00-04:00,7507.759765625,7508.4599609375,7506.02001953125,7506.56005859375,23838000
2026-07-21 15:15:00-04:00,7508.60986328125,7509.7099609375,7507.14013671875,7507.8798828125,27527000
2026-07-21 15:20:00-04:00,7508.3798828125,7508.85009765625,7506.85986328125,7508.52978515625,26220000
2026-07-21 15:25:00-04:00,7507.66015625,7509.18017578125,7507.14013671875,7508.27001953125,30228000
2026-07-21 15:30:00-04:00,7506.66015625,7508.7998046875,7506.5400390625,7507.41015625,34407000
2026-07-21 15:35:00-04:00,7509.6201171875,7510.81982421875,7506.3798828125,7506.740234375,33043000
2026-07-21 15:40:00-04:00,7510.7099609375,7511.14990234375,7507.89990234375,7509.66015625,34830000
2026-07-21 15:45:00-04:00,7511.10986328125,7511.419921875,7508.06982421875,7510.5400390625,45507000
2026-07-21 15:50:00-04:00,7509.2099609375,7512.06005859375,7508.7099609375,7511.06005859375,74864000
2026-07-21 15:55:00-04:00,7507.31982421875,7511.240234375,7507.169921875,7509.2998046875,196580000
2026-07-22 09:30:00-04:00,7497.7998046875,7500.81982421875,7485.85009765625,7497.47021484375,49489002
2026-07-22 09:35:00-04:00,7498.990234375,7500.52978515625,7495.43994140625,7497.85986328125,51436794
2026-07-22 09:40:00-04:00,7501.2998046875,7502.52001953125,7496.240234375,7499.2001953125,46407736
2026-07-22 09:45:00-04:00,7502.830078125,7506.27001953125,7501.25,7501.25,42502401
2026-07-22 09:50:00-04:00,7506.9599609375,7506.9599609375,7500.0,7502.7099609375,41430476
2026-07-22 09:55:00-04:00,7513.240234375,7513.240234375,7505.509765625,7507.02978515625,37658569
2026-07-22 10:00:00-04:00,7515.22998046875,7515.31005859375,7511.56982421875,7513.2099609375,37882676
2026-07-22 10:05:00-04:00,7510.1298828125,7519.22021484375,7509.91015625,7515.18017578125,32470995
2026-07-22 10:10:00-04:00,7507.7900390625,7513.240234375,7506.81005859375,7510.0400390625,31373353
2026-07-22 10:15:00-04:00,7506.66015625,7508.52978515625,7503.22998046875,7507.97998046875,32156389
2026-07-22 10:20:00-04:00,7501.3701171875,7509.2900390625,7499.52001953125,7506.7998046875,32063425
2026-07-22 10:25:00-04:00,7499.0,7502.68017578125,7496.93994140625,7501.56982421875,24765613
2026-07-22 10:30:00-04:00,7497.47998046875,7503.35986328125,7497.2998046875,7499.10009765625,28736988
2026-07-22 10:35:00-04:00,7498.35986328125,7499.740234375,7496.22998046875,7497.64990234375,26002450
2026-07-22 10:40:00-04:00,7493.330078125,7499.740234375,7493.259765625,7498.4501953125,29504072
2026-07-22 10:45:00-04:00,7498.5498046875,7499.7099609375,7492.10986328125,7493.33984375,26708753
2026-07-22 10:50:00-04:00,7499.39990234375,7501.39990234375,7496.18994140625,7498.509765625,24312302
2026-07-22 10:55:00-04:00,7505.10009765625,7505.5,7496.81005859375,7499.1298828125,27033688
2026-07-22 11:00:00-04:00,7508.68017578125,7509.47998046875,7504.2099609375,7504.85986328125,26386452
2026-07-22 11:05:00-04:00,7511.7998046875,7513.08984375,7507.6201171875,7508.64013671875,28778186
2026-07-22 11:10:00-04:00,7514.830078125,7515.669921875,7511.47998046875,7511.66015625,29868657
2026-07-22 11:15:00-04:00,7514.16015625,7515.33984375,7510.64013671875,7514.72998046875,28581911
2026-07-22 11:20:00-04:00,7518.39013671875,7518.740234375,7514.169921875,7514.2900390625,28272810
2026-07-22 11:25:00-04:00,7519.7998046875,7522.22021484375,7518.08984375,7518.56005859375,26168297
2026-07-22 11:30:00-04:00,7515.41015625,7520.6201171875,7514.77001953125,7519.89013671875,25916364
2026-07-22 11:35:00-04:00,7514.33984375,7516.56982421875,7513.18994140625,7515.2099609375,25194148
2026-07-22 11:40:00-04:00,7515.2998046875,7517.31005859375,7513.85986328125,7514.3701171875,24608680
2026-07-22 11:45:00-04:00,7519.06005859375,7519.1298828125,7515.35986328125,7515.35986328125,19970582
2026-07-22 11:50:00-04:00,7518.39013671875,7521.68994140625,7517.81982421875,7519.25,21720801
2026-07-22 11:55:00-04:00,7523.0,7523.0498046875,7517.3701171875,7518.3701171875,23258950
2026-07-22 12:00:00-04:00,7522.60986328125,7523.52978515625,7520.47998046875,7523.02978515625,22333000
2026-07-22 12:05:00-04:00,7522.9501953125,7524.77978515625,7521.35986328125,7522.68994140625,22959000
2026-07-22 12:10:00-04:00,7523.02001953125,7523.77001953125,7521.39013671875,7522.89013671875,21418000
2026-07-22 12:15:00-04:00,7524.97021484375,7525.330078125,7522.27001953125,7522.81005859375,23214000
2026-07-22 12:20:00-04:00,7524.25,7524.9501953125,7523.1201171875,7524.93017578125,21432000
2026-07-22 12:25:00-04:00,7524.1298828125,7524.7099609375,7522.52001953125,7524.31005859375,21179000
2026-07-22 12:30:00-04:00,7524.8701171875,7525.93994140625,7523.4501953125,7524.22021484375,19464000
2026-07-22 12:35:00-04:00,7524.009765625,7525.14013671875,7523.2998046875,7524.85986328125,20516000
2026-07-22 12:40:00-04:00,7522.9599609375,7524.27978515625,7521.81005859375,7524.10009765625,19860000
2026-07-22 12:45:00-04:00,7521.56005859375,7524.2099609375,7520.9599609375,7522.91015625,20753000
2026-07-22 12:50:00-04:00,7520.85009765625,7522.419921875,7520.5498046875,7521.3798828125,19068000
2026-07-22 12:55:00-04:00,7523.8798828125,7525.14990234375,7520.56005859375,7520.830078125,18591000
2026-07-22 13:00:00-04:00,7520.81982421875,7525.22998046875,7520.259765625,7523.85986328125,19074000
2026-07-22 13:05:00-04:00,7521.8701171875,7523.169921875,7520.60009765625,7520.81005859375,19322000
2026-07-22 13:10:00-04:00,7518.990234375,7522.08984375,7518.43017578125,7521.93017578125,18584000
2026-07-22 13:15:00-04:00,7518.25,7519.68017578125,7517.18994140625,7518.830078125,21256000
2026-07-22 13:20:00-04:00,7517.419921875,7518.2099609375,7515.419921875,7518.1298828125,19813000
2026-07-22 13:25:00-04:00,7516.18017578125,7518.47021484375,7515.5400390625,7517.47998046875,18697000
2026-07-22 13:30:00-04:00,7514.81982421875,7518.3798828125,7514.81982421875,7516.10009765625,25263000
2026-07-22 13:35:00-04:00,7519.27978515625,7519.31982421875,7514.4501953125,7514.83984375,19373000
2026-07-22 13:40:00-04:00,7516.669921875,7519.2998046875,7516.22021484375,7519.240234375,18116000
2026-07-22 13:45:00-04:00,7515.97021484375,7517.68994140625,7515.64990234375,7516.68017578125,18245000
2026-07-22 13:50:00-04:00,7512.3701171875,7516.81005859375,7512.35009765625,7515.89990234375,19895000
2026-07-22 13:55:00-04:00,7510.10009765625,7512.330078125,7509.68017578125,7512.330078125,21689000
2026-07-22 14:00:00-04:00,7509.5,7511.97021484375,7507.3798828125,7510.14990234375,22663000
2026-07-22 14:05:00-04:00,7508.6298828125,7512.58984375,7508.60009765625,7509.58984375,21840000
2026-07-22 14:10:00-04:00,7506.25,7509.72021484375,7505.91015625,7508.5498046875,22519000
2026-07-22 14:15:00-04:00,7508.1298828125,7509.72021484375,7505.830078125,7505.97998046875,21667000
2026-07-22 14:20:00-04:00,7507.8701171875,7510.7998046875,7507.41015625,7508.18017578125,19811000
2026-07-22 14:25:00-04:00,7510.25,7511.0,7507.58984375,7507.81982421875,19819000
2026-07-22 14:30:00-04:00,7507.169921875,7510.33984375,7505.77001953125,7510.25,24410000
2026-07-22 14:35:00-04:00,7508.990234375,7509.77001953125,7506.64013671875,7507.10009765625,19757000
2026-07-22 14:40:00-04:00,7508.56982421875,7509.7001953125,7507.66015625,7509.14013671875,23057000
2026-07-22 14:45:00-04:00,7507.2001953125,7510.93994140625,7507.2001953125,7508.5,22523000
2026-07-22 14:50:00-04:00,7510.240234375,7510.419921875,7505.9501953125,7507.31982421875,23936000
2026-07-22 14:55:00-04:00,7509.72998046875,7511.06982421875,7508.9501953125,7510.2998046875,23082000
2026-07-22 15:00:00-04:00,7508.240234375,7510.02978515625,7507.06005859375,7509.68994140625,28327000
2026-07-22 15:05:00-04:00,7507.5400390625,7508.60009765625,7507.080078125,7508.02001953125,26453000
2026-07-22 15:10:00-04:00,7504.56005859375,7507.47998046875,7503.5,7507.47998046875,30540000
2026-07-22 15:15:00-04:00,7506.7099609375,7507.33984375,7503.5498046875,7504.3798828125,29437000
2026-07-22 15:20:00-04:00,7503.58984375,7506.669921875,7503.259765625,7506.669921875,29909000
2026-07-22 15:25:00-04:00,7504.83984375,7505.8701171875,7501.35986328125,7503.580078125,37780000
2026-07-22 15:30:00-04:00,7501.68017578125,7505.0498046875,7501.47998046875,7504.97021484375,39936000
2026-07-22 15:35:00-04:00,7498.9501953125,7502.64013671875,7498.27001953125,7501.8798828125,41261000
2026-07-22 15:40:00-04:00,7502.39013671875,7503.85986328125,7498.9501953125,7498.97998046875,42659000
2026-07-22 15:45:00-04:00,7504.5400390625,7505.35986328125,7502.31005859375,7502.41015625,52198000
2026-07-22 15:50:00-04:00,7503.06005859375,7507.18994140625,7501.41015625,7504.5400390625,81383000
2026-07-22 15:55:00-04:00,7499.43994140625,7506.68017578125,7499.330078125,7502.89013671875,199425000
