Datetime,Close,High,Low,Open,Volume
2025-07-16 09:30:00-04:00,212.0850067138672,212.39999389648438,209.91050720214844,210.2899932861328,11863740
2025-07-16 10:30:00-04:00,210.1199951171875,212.1844940185547,209.2899932861328,212.11000061035156,6716190
2025-07-16 11:30:00-04:00,209.58999633789062,210.5,208.63999938964844,210.1488037109375,5283557
2025-07-16 12:30:00-04:00,210.35000610351562,210.947998046875,209.3699951171875,209.60000610351562,2958239
2025-07-16 13:30:00-04:00,210.0384979248047,210.63189697265625,209.87100219726562,210.33999633789062,2325549
2025-07-16 14:30:00-04:00,210.3249969482422,210.58509826660156,210.0399932861328,210.0399932861328,2064165
2025-07-16 15:30:00-04:00,210.22000122070312,210.6365966796875,209.97000122070312,210.32000732421875,4310071
2025-07-17 09:30:00-04:00,209.9499969482422,211.00999450683594,209.58999633789062,210.625,9963627
2025-07-17 10:30:00-04:00,210.44000244140625,210.8300018310547,209.77000427246094,209.94000244140625,4483480
2025-07-17 11:30:00-04:00,211.38999938964844,211.4499969482422,210.10499572753906,210.4499969482422,5714933
2025-07-17 12:30:00-04:00,210.9550018310547,211.50999450683594,210.7899932861328,211.38890075683594,3852173
2025-07-17 13:30:00-04:00,211.27999877929688,211.8000030517578,210.9001007080078,210.9499969482422,5287499
2025-07-17 14:30:00-04:00,210.9949951171875,211.27999877929688,210.77999877929688,211.27999877929688,4445454
2025-07-17 15:30:00-04:00,210.06100463867188,211.0500030517578,209.74000549316406,210.99989318847656,7016080
2025-07-18 09:30:00-04:00,209.9542999267578,211.00999450683594,209.70449829101562,210.7550048828125,15729684
2025-07-18 10:30:00-04:00,210.85000610351562,211.00999450683594,209.77000427246094,209.9600067138672,4957360
2025-07-18 11:30:00-04:00,211.00999450683594,211.1300048828125,210.67999267578125,210.85499572753906,3993353
2025-07-18 12:30:00-04:00,211.19000244140625,211.7899932861328,210.8800048828125,211.02000427246094,3840387
2025-07-18 13:30:00-04:00,210.93499755859375,211.5399932861328,210.75999450683594,211.17999267578125,3054294
2025-07-18 14:30:00-04:00,210.9499969482422,211.19500732421875,210.7899932861328,210.92999267578125,2639727
2025-07-18 15:30:00-04:00,211.22000122070312,211.34500122070312,210.8300018310547,210.94000244140625,4433304
2025-07-21 09:30:00-04:00,214.64500427246094,215.77999877929688,211.64089965820312,212.0500030517578,19931497
2025-07-21 10:30:00-04:00,213.47000122070312,214.7100067138672,212.8699951171875,214.63999938964844,7487806
2025-07-21 11:30:00-04:00,213.31959533691406,213.7100067138672,213.16000366210938,213.4600067138672,3139375
2025-07-21 12:30:00-04:00,213.67999267578125,213.86000061035156,213.13999938964844,213.31500244140625,2907043
2025-07-21 13:30:00-04:00,213.25999450683594,213.7100067138672,212.50999450683594,213.66000366210938,4055325
2025-07-21 14:30:00-04:00,212.5800018310547,213.42999267578125,212.50999450683594,213.268798828125,2890224
2025-07-21 15:30:00-04:00,212.5399932861328,212.71859741210938,212.07000732421875,212.5800018310547,3808451
2025-07-22 09:30:00-04:00,213.2655029296875,214.02999877929688,212.2301025390625,213.23500061035156,12377510
2025-07-22 10:30:00-04:00,213.477294921875,213.69000244140625,212.72000122070312,213.25999450683594,4721399
2025-07-22 11:30:00-04:00,213.27999877929688,213.82000732421875,212.75999450683594,213.47000122070312,5611485
2025-07-22 12:30:00-04:00,214.41119384765625,214.47999572753906,212.83999633789062,213.24000549316406,4068346
2025-07-22 13:30:00-04:00,213.7100067138672,214.42340087890625,213.44000244140625,214.39999389648438,3620984
2025-07-22 14:30:00-04:00,214.18499755859375,214.41990661621094,213.7100067138672,213.7100067138672,3749973
2025-07-22 15:30:00-04:00,214.38999938964844,214.64500427246094,213.92999267578125,214.17999267578125,4788294
2025-07-23 09:30:00-04:00,212.9351043701172,215.10000610351562,212.41000366210938,215.0449981689453,13479209
2025-07-23 10:30:00-04:00,213.14999389648438,213.1699981689453,212.5,212.9499053955078,4588657
2025-07-23 11:30:00-04:00,213.5,213.80999755859375,212.64999389648438,213.14999389648438,4465099
2025-07-23 12:30:00-04:00,214.125,214.22850036621094,213.36000061035156,213.5,2552446
2025-07-23 13:30:00-04:00,214.40499877929688,214.63499450683594,214.07000732421875,214.1199951171875,4350901
2025-07-23 14:30:00-04:00,214.13999938964844,214.69500732421875,213.94000244140625,214.40499877929688,3541364
2025-07-23 15:30:00-04:00,214.30999755859375,214.30999755859375,213.61000061035156,214.14500427246094,4190088
2025-07-24 09:30:00-04:00,214.4600067138672,215.69000244140625,213.52999877929688,214.05999755859375,11740713
2025-07-24 10:30:00-04:00,215.25999450683594,215.35000610351562,214.05960083007812,214.4499969482422,6108820
2025-07-24 11:30:00-04:00,214.33999633789062,215.49000549316406,214.1999969482422,215.2615966796875,4945138
2025-07-24 12:30:00-04:00,214.7899932861328,215.1999969482422,214.27999877929688,214.33999633789062,2987772
2025-07-24 13:30:00-04:00,214.73500061035156,215.1999969482422,214.55999755859375,214.7899932861328,2538966
2025-07-24 14:30:00-04:00,214.80999755859375,215.02000427246094,214.3300018310547,214.73890686035156,3138944
2025-07-24 15:30:00-04:00,213.75999450683594,214.94000244140625,213.72000122070312,214.81100463867188,5843431
2025-07-25 09:30:00-04:00,214.58529663085938,214.86000061035156,213.74000549316406,214.6999969482422,10049767
2025-07-25 10:30:00-04:00,214.50999450683594,215.24000549316406,214.2100067138672,214.58999633789062,5133351
2025-07-25 11:30:00-04:00,214.3896026611328,214.63999938964844,214.0500030517578,214.5850067138672,5205668
2025-07-25 12:30:00-04:00,214.1699981689453,214.58999633789062,214.0399932861328,214.38999938964844,2636543
2025-07-25 13:30:00-04:00,213.88999938964844,214.50999450683594,213.82000732421875,214.17039489746094,3060915
2025-07-25 14:30:00-04:00,213.5,214.00999450683594,213.39999389648438,213.91000366210938,2957957
2025-07-25 15:30:00-04:00,213.9600067138672,214.0,213.49000549316406,213.5050048828125,4400863
2025-07-28 09:30:00-04:00,214.52000427246094,214.74000549316406,213.5800018310547,214.02999877929688,7838862
2025-07-28 10:30:00-04:00,214.43499755859375,214.84500122070312,214.12229919433594,214.53500366210938,3872401
2025-07-28 11:30:00-04:00,214.5399932861328,214.75,214.2899932861328,214.44000244140625,2571343
2025-07-28 12:30:00-04:00,213.64500427246094,214.5749969482422,213.4149932861328,214.53500366210938,3975039
2025-07-28 13:30:00-04:00,213.8000030517578,214.02000427246094,213.6199951171875,213.63499450683594,2392173
2025-07-28 14:30:00-04:00,213.42999267578125,213.8300018310547,213.05999755859375,213.82000732421875,4397176
2025-07-28 15:30:00-04:00,214.0399932861328,214.0500030517578,213.32000732421875,213.4199981689453,3976187
2025-07-29 09:30:00-04:00,213.0500030517578,214.80999755859375,211.50999450683594,214.16000366210938,11789728
2025-07-29 10:30:00-04:00,211.89999389648438,213.24830627441406,211.88999938964844,213.0399932861328,5404192
2025-07-29 11:30:00-04:00,212.0,212.92999267578125,211.6999969482422,211.88099670410156,4842502
2025-07-29 12:30:00-04:00,212.1999969482422,212.38999938964844,210.8249969482422,211.99000549316406,4558639
2025-07-29 13:30:00-04:00,211.9600067138672,212.38999938964844,211.81500244140625,212.2100067138672,3024877
2025-07-29 14:30:00-04:00,211.88999938964844,212.44000244140625,211.60000610351562,211.96499633789062,3376083
2025-07-29 15:30:00-04:00,211.35000610351562,211.91000366210938,211.05450439453125,211.88999938964844,4836491
2025-07-30 09:30:00-04:00,210.61000061035156,212.38999938964844,210.02000427246094,211.89500427246094,7424119
2025-07-30 10:30:00-04:00,209.71499633789062,210.72000122070312,209.6199951171875,210.6199951171875,3733727
2025-07-30 11:30:00-04:00,210.1199951171875,210.4199981689453,209.57000732421875,209.72000122070312,2767617
2025-07-30 12:30:00-04:00,209.75650024414062,210.1699981689453,209.32000732421875,210.11000061035156,2841873
2025-07-30 13:30:00-04:00,209.85499572753906,210.14990234375,209.47999572753906,209.75,3212089
2025-07-30 14:30:00-04:00,208.52000427246094,210.13999938964844,207.72000122070312,209.85499572753906,5902392
2025-07-30 15:30:00-04:00,209.02000427246094,209.10989379882812,208.1300048828125,208.50999450683594,4190797
2025-07-31 09:30:00-04:00,208.8424072265625,209.68150329589844,207.8249969482422,208.3800048828125,11337524
2025-07-31 10:30:00-04:00,208.28280639648438,209.5500030517578,208.07000732421875,208.86000061035156,6709067
2025-07-31 11:30:00-04:00,208.95449829101562,209.0,208.1699981689453,208.27000427246094,4492059
2025-07-31 12:30:00-04:00,208.6649932861328,209.83999633789062,208.5,208.9499969482422,5149802
2025-07-31 13:30:00-04:00,208.61000061035156,208.9199981689453,207.58999633789062,208.6649932861328,5001721
2025-07-31 14:30:00-04:00,208.5699005126953,209.38429260253906,208.49000549316406,208.61000061035156,6029902
2025-07-31 15:30:00-04:00,207.61000061035156,208.85000610351562,207.16000366210938,208.57000732421875,8246453
2025-08-01 09:30:00-04:00,205.36000061035156,213.5800018310547,204.3699951171875,210.83999633789062,29330279
2025-08-01 10:30:00-04:00,203.44000244140625,205.72999572753906,203.07000732421875,205.3300018310547,11748154
2025-08-01 11:30:00-04:00,202.75,204.58999633789062,202.64999389648438,203.4199981689453,9260890
2025-08-01 12:30:00-04:00,201.9824981689453,203.2895050048828,201.5,202.75999450683594,8501358
2025-08-01 13:30:00-04:00,203.5500030517578,203.72999572753906,201.63009643554688,201.9801025390625,8026633
2025-08-01 14:30:00-04:00,203.19000244140625,204.32119750976562,202.89999389648438,203.5500030517578,7684390
2025-08-01 15:30:00-04:00,202.27000427246094,203.24000549316406,202.1699981689453,203.17999267578125,8416967
2025-08-04 09:30:00-04:00,206.75999450683594,206.83999633789062,204.19500732421875,204.5050048828125,13367550
2025-08-04 10:30:00-04:00,205.77000427246094,207.8800048828125,205.74000549316406,206.75999450683594,8818623
2025-08-04 11:30:00-04:00,203.93499755859375,205.8800048828125,203.92999267578125,205.75999450683594,5759426
2025-08-04 12:30:00-04:00,204.14999389648438,204.47999572753906,203.86500549316406,203.94000244140625,5046794
2025-08-04 13:30:00-04:00,203.42999267578125,204.22000122070312,203.41000366210938,204.13999938964844,4659225
2025-08-04 14:30:00-04:00,202.3249969482422,203.52999877929688,202.07000732421875,203.44000244140625,10594574
2025-08-04 15:30:00-04:00,203.33999633789062,203.4499969482422,201.6750030517578,202.3300018310547,8673869
2025-08-05 09:30:00-04:00,204.52999877929688,204.55499267578125,202.16000366210938,203.43499755859375,9812948
2025-08-05 10:30:00-04:00,204.6300048828125,205.33999633789062,203.90499877929688,204.53500366210938,6466189
2025-08-05 11:30:00-04:00,203.7100067138672,204.69000244140625,203.44000244140625,204.6199951171875,3782674
2025-08-05 12:30:00-04:00,204.03500366210938,204.1699981689453,203.08999633789062,203.7100067138672,3720976
2025-08-05 13:30:00-04:00,203.8699951171875,204.3000030517578,203.75999450683594,204.0500030517578,2677706
2025-08-05 14:30:00-04:00,203.3350067138672,203.97000122070312,203.19009399414062,203.86000061035156,3354757
2025-08-05 15:30:00-04:00,202.92999267578125,203.41000366210938,202.6699981689453,203.33999633789062,3784751
2025-08-06 09:30:00-04:00,210.75999450683594,211.14999389648438,205.58999633789062,205.60000610351562,23760541
2025-08-06 10:30:00-04:00,214.22500610351562,214.33999633789062,210.6300048828125,210.75999450683594,15618173
2025-08-06 11:30:00-04:00,214.49989318847656,214.99000549316406,213.6699981689453,214.22500610351562,15397308
2025-08-06 12:30:00-04:00,214.5399932861328,214.8699951171875,213.86900329589844,214.5196990966797,7331995
2025-08-06 13:30:00-04:00,214.6024932861328,215.3800048828125,214.08999633789062,214.51499938964844,8218314
2025-08-06 14:30:00-04:00,213.875,214.7949981689453,213.75,214.61000061035156,7181809
2025-08-06 15:30:00-04:00,213.25,214.4199981689453,212.80999755859375,213.88499450683594,9553119
2025-08-07 09:30:00-04:00,218.27000427246094,220.3300018310547,216.5800018310547,218.875,30765656
2025-08-07 10:30:00-04:00,219.62899780273438,220.1300048828125,217.64999389648438,218.05999755859375,11957311
2025-08-07 11:30:00-04:00,219.9149932861328,220.33999633789062,219.4199981689453,219.6199951171875,9896825
2025-08-07 12:30:00-04:00,218.7100067138672,220.2100067138672,213.25,219.9199981689453,7182645
2025-08-07 13:30:00-04:00,219.5,219.72999572753906,218.71009826660156,218.72000122070312,4729353
2025-08-07 14:30:00-04:00,219.3000946044922,220.85000610351562,219.24349975585938,219.49000549316406,9312135
2025-08-07 15:30:00-04:00,220.1300048828125,220.1999969482422,219.25,219.30450439453125,6898669
2025-08-08 09:30:00-04:00,222.7816925048828,223.10000610351562,219.25,220.42999267578125,15552244
2025-08-08 10:30:00-04:00,224.36000061035156,224.6300048828125,222.6300048828125,222.77999877929688,10674558
2025-08-08 11:30:00-04:00,228.1999969482422,228.22500610351562,224.30999755859375,224.35499572753906,16989559
2025-08-08 12:30:00-04:00,228.6750030517578,230.88999938964844,227.943603515625,228.2097930908203,25554276
2025-08-08 13:30:00-04:00,229.2899932861328,230.99000549316406,228.5500030517578,228.6699981689453,12552865
2025-08-08 14:30:00-04:00,228.8300018310547,229.87989807128906,228.50999450683594,229.29159545898438,11212305
2025-08-08 15:30:00-04:00,229.3699951171875,229.69000244140625,228.4600067138672,228.82000732421875,11188500
2025-08-11 09:30:00-04:00,226.77499389648438,228.72999572753906,224.7624053955078,226.75,16158774
2025-08-11 10:30:00-04:00,227.47000122070312,227.88999938964844,226.10000610351562,226.7899932861328,7977854
2025-08-11 11:30:00-04:00,228.72999572753906,229.55999755859375,227.47000122070312,227.47000122070312,7420183
2025-08-11 12:30:00-04:00,228.10000610351562,229.0998992919922,228.0,228.73500061035156,4120877
2025-08-11 13:30:00-04:00,227.73500061035156,228.19500732421875,227.00999450683594,228.08999633789062,5313497
2025-08-11 14:30:00-04:00,227.64999389648438,227.9600067138672,227.10000610351562,227.75999450683594,7584927
2025-08-11 15:30:00-04:00,227.2050018310547,227.69500732421875,226.63999938964844,227.65919494628906,5849057
2025-08-12 09:30:00-04:00,228.57000732421875,229.9398956298828,227.10000610351562,228.0050048828125,12571415
2025-08-12 10:30:00-04:00,229.72999572753906,230.5865020751953,228.25999450683594,228.58999633789062,10092499
2025-08-12 11:30:00-04:00,229.77999877929688,230.11000061035156,228.32000732421875,229.7299041748047,4868374
2025-08-12 12:30:00-04:00,229.77499389648438,230.77999877929688,229.66000366210938,229.77999877929688,5072601
2025-08-12 13:30:00-04:00,229.57000732421875,230.5500030517578,229.4499969482422,229.7700958251953,3593400
2025-08-12 14:30:00-04:00,229.18299865722656,229.61000061035156,228.9199981689453,229.5800018310547,3327871
2025-08-12 15:30:00-04:00,229.64999389648438,230.10000610351562,229.05999755859375,229.1699981689453,4734707
2025-08-13 09:30:00-04:00,231.80999755859375,232.72000122070312,230.42999267578125,231.52499389648438,14738656
2025-08-13 10:30:00-04:00,232.2899932861328,234.5500030517578,231.77000427246094,231.80999755859375,11605576
2025-08-13 11:30:00-04:00,233.09500122070312,233.3972930908203,232.0301971435547,232.27999877929688,5966244
2025-08-13 12:30:00-04:00,232.4550018310547,233.36000061035156,231.5601043701172,233.07000732421875,5417224
2025-08-13 13:30:00-04:00,232.9250030517578,234.99000549316406,232.02000427246094,232.4499969482422,8137347
2025-08-13 14:30:00-04:00,233.5850067138672,233.91000366210938,230.8000030517578,232.94000244140625,9192848
2025-08-13 15:30:00-04:00,233.3300018310547,234.3300018310547,233.11000061035156,233.5850067138672,5738352
2025-08-14 09:30:00-04:00,232.2100067138672,235.11000061035156,231.67019653320312,234.05499267578125,16052941
2025-08-14 10:30:00-04:00,231.74020385742188,232.4600067138672,230.85000610351562,232.2050018310547,6624676
2025-08-14 11:30:00-04:00,232.00999450683594,232.2949981689453,230.91000366210938,231.75,4323697
2025-08-14 12:30:00-04:00,232.92730712890625,233.13999938964844,231.9687957763672,232.02999877929688,3209373
2025-08-14 13:30:00-04:00,232.72999572753906,233.1300048828125,232.32000732421875,232.92999267578125,3634219
2025-08-14 14:30:00-04:00,232.94500732421875,233.49000549316406,232.44000244140625,232.7100067138672,4523178
2025-08-14 15:30:00-04:00,232.8300018310547,233.50999450683594,232.69000244140625,232.92999267578125,4542543
2025-08-15 09:30:00-04:00,232.1699981689453,234.22140502929688,231.5500946044922,233.72999572753906,11603282
2025-08-15 10:30:00-04:00,231.07000732421875,232.2899932861328,230.47000122070312,232.16140747070312,5319424
2025-08-15 11:30:00-04:00,230.74000549316406,231.4550018310547,230.6197052001953,231.02000427246094,3957281
2025-08-15 12:30:00-04:00,230.57000732421875,231.22500610351562,230.22999572753906,230.74420166015625,6137966
2025-08-15 13:30:00-04:00,230.85000610351562,231.28990173339844,229.36000061035156,230.55999755859375,4535672
2025-08-15 14:30:00-04:00,231.36000061035156,231.5,230.47999572753906,230.86000061035156,6170754
2025-08-15 15:30:00-04:00,231.64999389648438,231.77000427246094,231.02000427246094,231.3699951171875,4696096
2025-08-18 09:30:00-04:00,230.66000366210938,233.1199951171875,230.61000061035156,231.77999877929688,9348530
2025-08-18 10:30:00-04:00,230.86000061035156,231.22000122070312,230.3699951171875,230.6199951171875,4699541
2025-08-18 11:30:00-04:00,230.67999267578125,231.10000610351562,230.5,230.86500549316406,2959031
2025-08-18 12:30:00-04:00,231.07000732421875,231.14999389648438,230.11000061035156,230.67999267578125,2944837
2025-08-18 13:30:00-04:00,231.14500427246094,231.6699981689453,230.89999389648438,231.0800018310547,3270491
2025-08-18 14:30:00-04:00,231.22500610351562,231.6750030517578,231.10000610351562,231.14999389648438,2886450
2025-08-18 15:30:00-04:00,230.8800048828125,231.5500030517578,230.8800048828125,231.22000122070312,2842575
2025-08-19 09:30:00-04:00,231.8300018310547,232.86500549316406,230.58999633789062,231.27499389648438,7589938
2025-08-19 10:30:00-04:00,231.32260131835938,232.27000427246094,230.47000122070312,231.82000732421875,5331365
2025-08-19 11:30:00-04:00,231.30990600585938,231.66000366210938,231.05499267578125,231.32000732421875,3317736
2025-08-19 12:30:00-04:00,230.625,231.3300018310547,230.05999755859375,231.27999877929688,3326154
2025-08-19 13:30:00-04:00,230.0500030517578,230.89999389648438,229.8699951171875,230.6199951171875,3163874
2025-08-19 14:30:00-04:00,230.18499755859375,230.19000244140625,229.35000610351562,230.02499389648438,3535859
2025-08-19 15:30:00-04:00,230.47659301757812,230.67999267578125,229.99000549316406,230.18499755859375,2889925
2025-08-20 09:30:00-04:00,226.7200927734375,230.4698944091797,226.5,229.97000122070312,10654146
2025-08-20 10:30:00-04:00,227.3350067138672,227.5500030517578,226.11000061035156,226.74000549316406,4855593
2025-08-20 11:30:00-04:00,227.1345977783203,227.3699951171875,226.41000366210938,227.3300018310547,3599979
2025-08-20 12:30:00-04:00,226.2949981689453,227.16000366210938,225.88999938964844,227.1300048828125,3171568
2025-08-20 13:30:00-04:00,225.99009704589844,226.8300018310547,225.77000427246094,226.3000030517578,2697011
2025-08-20 14:30:00-04:00,226.44500732421875,226.72999572753906,225.8699951171875,225.99000549316406,3388687
2025-08-20 15:30:00-04:00,225.9600067138672,227.0,225.92999267578125,226.44000244140625,4504957
2025-08-21 09:30:00-04:00,225.57989501953125,226.52000427246094,224.67999267578125,226.27999877929688,6246020
2025-08-21 10:30:00-04:00,225.1300048828125,225.5850067138672,224.51010131835938,225.5272979736328,3627965
2025-08-21 11:30:00-04:00,224.8300018310547,225.83999633789062,224.8000030517578,225.13499450683594,2756586
2025-08-21 12:30:00-04:00,224.1750030517578,225.00999450683594,223.7803955078125,224.8300018310547,3327885
2025-08-21 13:30:00-04:00,224.22999572753906,224.77850341796875,224.16000366210938,224.17080688476562,2428717
2025-08-21 14:30:00-04:00,224.8800048828125,225.05499267578125,224.0941925048828,224.22349548339844,2704582
2025-08-21 15:30:00-04:00,224.91000366210938,225.25,224.38839721679688,224.89999389648438,3977376
2025-08-22 09:30:00-04:00,227.9499969482422,228.19000244140625,225.41000366210938,226.4499969482422,8240998
2025-08-22 10:30:00-04:00,228.05999755859375,228.72000122070312,227.8000030517578,227.97000122070312,5233127
2025-08-22 11:30:00-04:00,227.16929626464844,228.43499755859375,226.9250030517578,228.0399932861328,3176741
2025-08-22 12:30:00-04:00,228.61000061035156,229.08999633789062,227.07000732421875,227.1699981689453,4947377
2025-08-22 13:30:00-04:00,227.8699951171875,228.6273956298828,227.77999877929688,228.6273956298828,4653621
2025-08-22 14:30:00-04:00,227.85000610351562,228.51980590820312,227.78500366210938,227.8800048828125,4051520
2025-08-22 15:30:00-04:00,227.75,228.30999755859375,227.44000244140625,227.83999633789062,4139072
2025-08-25 09:30:00-04:00,228.80999755859375,229.1199951171875,226.24000549316406,226.40499877929688,8000835
2025-08-25 10:30:00-04:00,228.56500244140625,229.24000549316406,228.2899932861328,228.77000427246094,4318256
2025-08-25 11:30:00-04:00,228.5399932861328,229.3000030517578,228.50010681152344,228.57000732421875,2427231
2025-08-25 12:30:00-04:00,228.43499755859375,228.75999450683594,228.32000732421875,228.5399932861328,2355527
2025-08-25 13:30:00-04:00,227.88499450683594,228.65499877929688,227.74000549316406,228.43499755859375,2684903
2025-08-25 14:30:00-04:00,227.59840393066406,227.90499877929688,227.44500732421875,227.875,2661985
2025-08-25 15:30:00-04:00,227.14999389648438,227.72000122070312,227.1199951171875,227.60000610351562,3262464
2025-08-26 09:30:00-04:00,226.5,227.0500030517578,224.69000244140625,226.8699951171875,7799571
2025-08-26 10:30:00-04:00,226.9615936279297,227.29989624023438,226.2899932861328,226.50999450683594,3785331
2025-08-26 11:30:00-04:00,227.57049560546875,227.6999969482422,226.5500030517578,226.96499633789062,4519154
2025-08-26 12:30:00-04:00,228.11160278320312,228.1699981689453,227.4199981689453,227.55999755859375,2684567
2025-08-26 13:30:00-04:00,228.3592071533203,228.50999450683594,227.73500061035156,228.11000061035156,2399616
2025-08-26 14:30:00-04:00,228.56820678710938,228.6199951171875,227.77000427246094,228.36000061035156,2604761
2025-08-26 15:30:00-04:00,229.3000030517578,229.49000549316406,227.72500610351562,228.57000732421875,5151468
2025-08-27 09:30:00-04:00,230.01499938964844,230.25,228.2949981689453,228.5800018310547,7840101
2025-08-27 10:30:00-04:00,229.5740966796875,230.6999969482422,229.47999572753906,230.02999877929688,4445165
2025-08-27 11:30:00-04:00,229.8699951171875,230.08799743652344,229.30999755859375,229.57000732421875,2490171
2025-08-27 12:30:00-04:00,229.83999633789062,230.08999633789062,229.60000610351562,229.88999938964844,1919036
2025-08-27 13:30:00-04:00,230.625,230.67999267578125,229.8000030517578,229.83999633789062,2268584
2025-08-27 14:30:00-04:00,230.13250732421875,230.63499450683594,229.72000122070312,230.6199951171875,2256272
2025-08-27 15:30:00-04:00,230.44000244140625,230.89999389648438,230.1199951171875,230.125,3801508
2025-08-28 09:30:00-04:00,230.41580200195312,230.89999389648438,229.3350067138672,230.80999755859375,7213423
2025-08-28 10:30:00-04:00,230.9499969482422,231.89999389648438,230.35000610351562,230.4300994873047,3919070
2025-08-28 11:30:00-04:00,232.2899932861328,232.35499572753906,230.9481964111328,230.9600067138672,3117170
2025-08-28 12:30:00-04:00,233.0,233.1199951171875,232.0800018310547,232.27999877929688,3773992
2025-08-28 13:30:00-04:00,232.91920471191406,233.41000366210938,232.83009338378906,233.00999450683594,3045856
2025-08-28 14:30:00-04:00,232.97500610351562,233.1699981689453,232.69000244140625,232.9199981689453,2740378
2025-08-28 15:30:00-04:00,232.49000549316406,233.3300018310547,232.47999572753906,232.97500610351562,4904323
2025-08-29 09:30:00-04:00,232.80960083007812,233.36129760742188,231.3699951171875,232.55999755859375,8795007
2025-08-29 10:30:00-04:00,232.9600067138672,233.16000366210938,232.5,232.80499267578125,3599986
2025-08-29 11:30:00-04:00,232.5,233.02999877929688,231.39999389648438,232.98500061035156,4414822
2025-08-29 12:30:00-04:00,232.02999877929688,232.9600067138672,231.97999572753906,232.50999450683594,2677553
2025-08-29 13:30:00-04:00,232.17999267578125,232.5749969482422,231.97000122070312,232.03250122070312,3415896
2025-08-29 14:30:00-04:00,232.3542938232422,232.75,232.0,232.19000244140625,2433703
2025-08-29 15:30:00-04:00,232.27000427246094,232.83770751953125,231.47999572753906,232.35000610351562,4673659
2025-09-02 09:30:00-04:00,230.60000610351562,230.77999877929688,227.69000244140625,228.75,9687341
2025-09-02 10:30:00-04:00,227.82899475097656,230.75,227.5283966064453,230.60000610351562,5124954
2025-09-02 11:30:00-04:00,227.85000610351562,228.1468963623047,227.1699981689453,227.82000732421875,3136378
2025-09-02 12:30:00-04:00,228.41000366210938,228.54539489746094,227.64999389648438,227.8437042236328,2530443
2025-09-02 13:30:00-04:00,228.39999389648438,229.33999633789062,228.3300018310547,228.4199981689453,2346892
2025-09-02 14:30:00-04:00,228.94000244140625,229.0800018310547,226.97000122070312,228.39999389648438,3504389
2025-09-02 15:30:00-04:00,229.7100067138672,230.0,228.89500427246094,228.92469787597656,4687318
2025-09-03 09:30:00-04:00,236.8300018310547,237.97000122070312,234.3699951171875,237.1999969482422,21171526
2025-09-03 10:30:00-04:00,236.01100158691406,237.60000610351562,235.99000549316406,236.81390380859375,8284903
2025-09-03 11:30:00-04:00,236.49000549316406,236.82000732421875,235.49000549316406,236.02000427246094,4830748
2025-09-03 12:30:00-04:00,237.4272003173828,237.89999389648438,236.44000244140625,236.4998016357422,4651843
2025-09-03 13:30:00-04:00,236.91000366210938,237.44000244140625,236.6300048828125,237.4250030517578,4344650
2025-09-03 14:30:00-04:00,237.15499877929688,237.4499969482422,236.77000427246094,236.89999389648438,4834362
2025-09-03 15:30:00-04:00,238.49000549316406,238.7100067138672,237.15040588378906,237.1558074951172,8891635
2025-09-04 09:30:00-04:00,237.69000244140625,239.89320373535156,237.0399932861328,238.4499969482422,12016131
2025-09-04 10:30:00-04:00,237.39999389648438,238.10000610351562,237.0749969482422,237.67999267578125,5223309
2025-09-04 11:30:00-04:00,237.16000366210938,237.6746063232422,236.74000549316406,237.38999938964844,3678939
2025-09-04 12:30:00-04:00,238.0399932861328,238.08999633789062,236.97000122070312,237.14999389648438,3071522
2025-09-04 13:30:00-04:00,238.05999755859375,238.38999938964844,237.50999450683594,238.04010009765625,5093419
2025-09-04 14:30:00-04:00,238.70449829101562,238.97999572753906,237.8800048828125,238.07000732421875,3814924
2025-09-04 15:30:00-04:00,239.7100067138672,239.89990234375,238.49000549316406,238.6999969482422,5942248
2025-09-05 09:30:00-04:00,239.28500366210938,241.32000732421875,239.1199951171875,239.99000549316406,17499270
2025-09-05 10:30:00-04:00,239.80499267578125,240.1699981689453,238.63999938964844,239.25,6538203
2025-09-05 11:30:00-04:00,238.77000427246094,240.31500244140625,238.52000427246094,239.82000732421875,4219870
2025-09-05 12:30:00-04:00,239.625,239.72500610351562,238.49009704589844,238.77999877929688,3993359
2025-09-05 13:30:00-04:00,239.1199951171875,239.64999389648438,238.72999572753906,239.64849853515625,2784543
2025-09-05 14:30:00-04:00,239.9250030517578,240.1300048828125,239.10000610351562,239.1199951171875,5197093
2025-09-05 15:30:00-04:00,239.6699981689453,240.01499938964844,239.05999755859375,239.92999267578125,4868520
2025-09-08 09:30:00-04:00,239.22999572753906,240.14999389648438,238.74000549316406,239.3000030517578,11286441
2025-09-08 10:30:00-04:00,238.6999969482422,239.57000732421875,238.61500549316406,239.22000122070312,5248756
2025-09-08 11:30:00-04:00,237.72999572753906,238.78829956054688,237.60000610351562,238.69500732421875,4448853
2025-09-08 12:30:00-04:00,237.80580139160156,237.87989807128906,236.33999633789062,237.72000122070312,4717107
2025-09-08 13:30:00-04:00,237.1649932861328,237.9550018310547,237.10499572753906,237.80990600585938,4114279
2025-09-08 14:30:00-04:00,237.11000061035156,237.24989318847656,236.61000061035156,237.15499877929688,3761415
2025-09-08 15:30:00-04:00,237.9199981689453,238.00999450683594,236.90420532226562,237.11500549316406,5177199
2025-09-09 09:30:00-04:00,236.3101043701172,238.0,236.0749969482422,237.0,7890752
2025-09-09 10:30:00-04:00,236.22500610351562,236.67999267578125,235.77999877929688,236.30999755859375,4277475
2025-09-09 11:30:00-04:00,236.0,236.25999450683594,235.5500030517578,236.22999572753906,4300130
2025-09-09 12:30:00-04:00,237.75,238.78050231933594,235.8249969482422,236.0,9674704
2025-09-09 13:30:00-04:00,234.52859497070312,238.10000610351562,233.6699981689453,237.75999450683594,16074676
2025-09-09 14:30:00-04:00,234.30999755859375,234.69000244140625,233.3699951171875,234.5500030517578,9544618
2025-09-09 15:30:00-04:00,234.35000610351562,234.63499450683594,233.51499938964844,234.30999755859375,6317179
2025-09-10 09:30:00-04:00,228.10800170898438,232.33999633789062,227.5500030517578,232.02499389648438,22167235
2025-09-10 10:30:00-04:00,227.0399932861328,228.34640502929688,227.02000427246094,228.11000061035156,11560546
2025-09-10 11:30:00-04:00,227.7386016845703,228.05499267578125,226.24009704589844,227.0399932861328,10156861
2025-09-10 12:30:00-04:00,226.80499267578125,227.78990173339844,226.6199951171875,227.7449951171875,6579251
2025-09-10 13:30:00-04:00,227.05999755859375,227.0850067138672,226.35000610351562,226.8000030517578,6214643
2025-09-10 14:30:00-04:00,226.18499755859375,227.35000610351562,226.17999267578125,227.05499267578125,6166050
2025-09-10 15:30:00-04:00,226.77999877929688,227.10000610351562,225.9521942138672,226.18499755859375,7727491
2025-09-11 09:30:00-04:00,228.94000244140625,229.18499755859375,226.64999389648438,226.875,13821091
2025-09-11 10:30:00-04:00,228.74000549316406,229.32000732421875,228.32020568847656,228.94000244140625,249794
2025-09-11 11:30:00-04:00,228.61000061035156,228.77999877929688,228.02999877929688,228.75,9985902
2025-09-11 12:30:00-04:00,229.47250366210938,229.5399932861328,228.30999755859375,228.60000610351562,3516399
2025-09-11 13:30:00-04:00,229.4600067138672,230.16000366210938,229.17999267578125,229.47000122070312,4663505
2025-09-11 14:30:00-04:00,229.85000610351562,230.1508026123047,229.41000366210938,229.46499633789062,3884806
2025-09-11 15:30:00-04:00,230.02000427246094,230.4499969482422,229.8350067138672,229.83999633789062,5627999
2025-09-12 09:30:00-04:00,234.07000732421875,234.0780029296875,229.02000427246094,230.0,14988292
2025-09-12 10:30:00-04:00,234.09500122070312,234.50999450683594,233.36000061035156,234.0800018310547,8044876
2025-09-12 11:30:00-04:00,233.9694061279297,234.49000549316406,233.62100219726562,234.08999633789062,4710781
2025-09-12 12:30:00-04:00,233.23500061035156,233.96499633789062,233.0,233.9636993408203,4969404
2025-09-12 13:30:00-04:00,233.5399932861328,233.8699951171875,233.218505859375,233.22000122070312,3203879
2025-09-12 14:30:00-04:00,233.77549743652344,234.4499969482422,233.02999877929688,233.5399932861328,6970851
2025-09-12 15:30:00-04:00,234.05999755859375,234.2899932861328,233.50999450683594,233.77999877929688,5874733
2025-09-15 09:30:00-04:00,236.21499633789062,238.19000244140625,235.02999877929688,237.0,14134217
2025-09-15 10:30:00-04:00,236.82000732421875,237.02000427246094,235.66000366210938,236.2100067138672,4993166
2025-09-15 11:30:00-04:00,236.57000732421875,237.3000030517578,236.47000122070312,236.81500244140625,3686503
2025-09-15 12:30:00-04:00,235.75999450683594,236.5904998779297,235.6999969482422,236.5648956298828,2964448
2025-09-15 13:30:00-04:00,235.63999938964844,236.13999938964844,235.5800018310547,235.75,2953754
2025-09-15 14:30:00-04:00,235.97000122070312,236.33999633789062,235.27000427246094,235.63499450683594,3570486
2025-09-15 15:30:00-04:00,236.75999450683594,236.7899932861328,235.67999267578125,235.97000122070312,4732529
2025-09-16 09:30:00-04:00,239.52999877929688,241.22000122070312,236.32350158691406,237.17999267578125,20581571
2025-09-16 10:30:00-04:00,239.5928955078125,239.85000610351562,238.2449951171875,239.52999877929688,7412526
2025-09-16 11:30:00-04:00,239.19500732421875,239.58009338378906,238.46499633789062,239.58009338378906,5301755
2025-09-16 12:30:00-04:00,239.08560180664062,239.39999389648438,238.89999389648438,239.1999969482422,3213378
2025-09-16 13:30:00-04:00,238.92999267578125,239.11000061035156,238.1300048828125,239.10000610351562,4262186
2025-09-16 14:30:00-04:00,238.93829345703125,239.60000610351562,238.80999755859375,238.94000244140625,4748875
2025-09-16 15:30:00-04:00,238.13999938964844,239.4199981689453,238.08009338378906,238.94000244140625,5869621
2025-09-17 09:30:00-04:00,239.6300048828125,240.10000610351562,238.7899932861328,238.97000122070312,9926684
2025-09-17 10:30:00-04:00,239.47999572753906,240.00999450683594,239.1999969482422,239.63999938964844,4002310
2025-09-17 11:30:00-04:00,239.67430114746094,239.77999877929688,239.27999877929688,239.48500061035156,3170671
2025-09-17 12:30:00-04:00,239.52000427246094,239.77000427246094,239.35000610351562,239.67999267578125,2892623
2025-09-17 13:30:00-04:00,239.55999755859375,239.82000732421875,238.4499969482422,239.52000427246094,4570049
2025-09-17 14:30:00-04:00,239.2628936767578,239.6300048828125,237.7301025390625,239.5500030517578,5910219
2025-09-17 15:30:00-04:00,238.97000122070312,239.27999877929688,238.47999572753906,239.27000427246094,4226195
2025-09-18 09:30:00-04:00,237.55999755859375,241.1999969482422,236.64999389648438,239.9499969482422,11453464
2025-09-18 10:30:00-04:00,238.19000244140625,238.7949981689453,237.31500244140625,237.56500244140625,4587899
2025-09-18 11:30:00-04:00,237.94000244140625,238.5399932861328,237.35000610351562,238.2100067138672,3609143
2025-09-18 12:30:00-04:00,237.8800048828125,238.1999969482422,237.63999938964844,237.9499969482422,3556108
2025-09-18 13:30:00-04:00,237.8018035888672,238.10000610351562,237.210205078125,237.8699951171875,3010288
2025-09-18 14:30:00-04:00,237.4499969482422,237.94639587402344,237.25010681152344,237.80999755859375,3540701
2025-09-18 15:30:00-04:00,237.85000610351562,238.11000061035156,237.43499755859375,237.4550018310547,4049383
2025-09-19 09:30:00-04:00,241.14999389648438,242.58999633789062,240.21060180664062,241.1750030517578,26772067
2025-09-19 10:30:00-04:00,242.27999877929688,243.16000366210938,241.05999755859375,241.14999389648438,10143358
2025-09-19 11:30:00-04:00,244.52000427246094,244.56910705566406,242.0491943359375,242.27369689941406,9031105
2025-09-19 12:30:00-04:00,245.24380493164062,245.9199981689453,244.26870727539062,244.5124969482422,12269832
2025-09-19 13:30:00-04:00,245.48849487304688,246.2698974609375,244.89999389648438,245.24000549316406,9746967
2025-09-19 14:30:00-04:00,245.61000061035156,246.10000610351562,245.1909942626953,245.48500061035156,7490411
2025-09-19 15:30:00-04:00,245.2899932861328,246.3000030517578,244.74000549316406,245.60000610351562,12986528
2025-09-22 09:30:00-04:00,252.67160034179688,252.73500061035156,248.1699981689453,248.33999633789062,27825122
2025-09-22 10:30:00-04:00,255.789794921875,256.0799865722656,252.0800018310547,252.66000366210938,16983776
2025-09-22 11:30:00-04:00,253.72000122070312,256.6300048828125,253.5800018310547,255.77000427246094,16047694
2025-09-22 12:30:00-04:00,254.5928955078125,254.72999572753906,253.16000366210938,253.72999572753906,8453992
2025-09-22 13:30:00-04:00,255.24000549316406,255.25999450683594,253.89999389648438,254.5800018310547,5242129
2025-09-22 14:30:00-04:00,255.7899932861328,256.05999755859375,254.7346954345703,255.2449951171875,8214973
2025-09-22 15:30:00-04:00,256.0899963378906,256.260009765625,255.61500549316406,255.80499267578125,9091926
2025-09-23 09:30:00-04:00,256.6173095703125,257.3399963378906,255.27999877929688,255.875,11263642
2025-09-23 10:30:00-04:00,256.1000061035156,256.70001220703125,255.00999450683594,256.6099853515625,5490061
2025-09-23 11:30:00-04:00,255.72689819335938,256.2099914550781,255.35000610351562,256.1300048828125,3232527
2025-09-23 12:30:00-04:00,254.6699981689453,255.85000610351562,254.39999389648438,255.7200927734375,2847437
2025-09-23 13:30:00-04:00,254.63999938964844,254.96099853515625,253.92999267578125,254.66000366210938,3617163
2025-09-23 14:30:00-04:00,254.16990661621094,254.83999633789062,253.58999633789062,254.63999938964844,17356326
2025-09-23 15:30:00-04:00,254.52999877929688,254.52999877929688,253.6699981689453,254.16000366210938,5076635
2025-09-24 09:30:00-04:00,252.6219940185547,255.72999572753906,252.0800018310547,255.22000122070312,6502958
2025-09-24 10:30:00-04:00,252.1199951171875,252.99000549316406,251.5399932861328,252.625,3291728
2025-09-24 11:30:00-04:00,252.1649932861328,252.25999450683594,251.0399932861328,252.1199951171875,3045221
2025-09-24 12:30:00-04:00,251.49000549316406,252.25999450683594,251.33999633789062,252.17140197753906,1637321
2025-09-24 13:30:00-04:00,251.76499938964844,252.11000061035156,251.27999877929688,251.51499938964844,1622724
2025-09-24 14:30:00-04:00,251.38999938964844,251.7899932861328,251.24000549316406,251.75,1680916
2025-09-24 15:30:00-04:00,252.24000549316406,252.49000549316406,251.2899932861328,251.38999938964844,2697400
2025-09-25 09:30:00-04:00,254.0,254.2899932861328,251.71200561523438,253.2050018310547,8503081
2025-09-25 10:30:00-04:00,253.50010681152344,254.1387939453125,253.02999877929688,254.00010681152344,3154957
2025-09-25 11:30:00-04:00,252.53030395507812,253.91000366210938,252.3000030517578,253.50010681152344,2473004
2025-09-25 12:30:00-04:00,253.5,253.8800048828125,252.5,252.5399932861328,2502302
2025-09-25 13:30:00-04:00,254.55999755859375,254.58999633789062,252.85000610351562,253.49000549316406,2634795
2025-09-25 14:30:00-04:00,256.9599914550781,257.1700134277344,254.22999572753906,254.5500030517578,7107739
2025-09-25 15:30:00-04:00,256.94000244140625,257.1099853515625,255.4199981689453,256.95001220703125,4610669
2025-09-26 09:30:00-04:00,255.02000427246094,256.6000061035156,253.77999877929688,254.1300048828125,8034498
2025-09-26 10:30:00-04:00,255.9700927734375,255.99000549316406,254.57119750976562,255.02000427246094,3714841
2025-09-26 11:30:00-04:00,255.6649932861328,256.0400085449219,254.86000061035156,255.97000122070312,2276774
2025-09-26 12:30:00-04:00,256.5199890136719,256.9750061035156,255.47999572753906,255.66000366210938,2086042
2025-09-26 13:30:00-04:00,256.55499267578125,257.3599853515625,255.86000061035156,256.5199890136719,2653513
2025-09-26 14:30:00-04:00,255.64500427246094,256.7298889160156,255.49000549316406,256.56500244140625,2089315
2025-09-26 15:30:00-04:00,255.4600067138672,255.64979553222656,254.89999389648438,255.63999938964844,3021515
2025-09-29 09:30:00-04:00,254.2198944091797,254.7899932861328,253.00999450683594,254.63999938964844,6306062
2025-09-29 10:30:00-04:00,253.47000122070312,254.24000549316406,253.30999755859375,254.2050018310547,2834864
2025-09-29 11:30:00-04:00,253.66000366210938,254.07000732421875,253.1199951171875,253.4665069580078,2275242
2025-09-29 12:30:00-04:00,253.39999389648438,253.7799072265625,253.2100067138672,253.6699981689453,1744854
2025-09-29 13:30:00-04:00,254.57000732421875,254.61500549316406,253.1300048828125,253.38999938964844,2297052
2025-09-29 14:30:00-04:00,253.99000549316406,254.60000610351562,253.61000061035156,254.57000732421875,2057798
2025-09-29 15:30:00-04:00,254.35000610351562,254.8300018310547,253.94000244140625,253.99000549316406,2513071
2025-09-30 09:30:00-04:00,254.88619995117188,255.91900634765625,253.9600067138672,254.8249969482422,5093340
2025-09-30 10:30:00-04:00,254.22000122070312,255.6750030517578,253.82009887695312,254.91000366210938,2465164
2025-09-30 11:30:00-04:00,254.53509521484375,254.97000122070312,254.16009521484375,254.2100067138672,1531480
2025-09-30 12:30:00-04:00,253.73500061035156,254.6699981689453,253.31170654296875,254.55059814453125,1623333
2025-09-30 13:30:00-04:00,253.33999633789062,253.99000549316406,253.11000061035156,253.75999450683594,1664288
2025-09-30 14:30:00-04:00,253.9499969482422,254.24000549316406,253.27099609375,253.33999633789062,2061307
2025-09-30 15:30:00-04:00,254.55999755859375,255.17999267578125,253.80999755859375,253.9600067138672,3030681
2025-10-01 09:30:00-04:00,256.1614074707031,258.7900085449219,254.9499969482422,255.0399932861328,9677443
2025-10-01 10:30:00-04:00,255.52450561523438,256.2590026855469,255.10000610351562,256.17999267578125,2972074
2025-10-01 11:30:00-04:00,256.1600036621094,256.9200134277344,255.50999450683594,255.5301055908203,2338742
2025-10-01 12:30:00-04:00,256.1404113769531,256.8298034667969,255.85499572753906,256.1636047363281,1826687
2025-10-01 13:30:00-04:00,256.4849853515625,256.6859130859375,256.05999755859375,256.1650085449219,10115926
2025-10-01 14:30:00-04:00,255.94000244140625,256.94000244140625,255.8699951171875,256.4800109863281,2751615
2025-10-01 15:30:00-04:00,255.41000366210938,256.1400146484375,255.27999877929688,255.94000244140625,4879162
2025-10-02 09:30:00-04:00,256.2200927734375,257.2349853515625,254.14999389648438,256.5899963378906,11570169
2025-10-02 10:30:00-04:00,257.1650085449219,257.6400146484375,255.97000122070312,256.2300109863281,4800305
2025-10-02 11:30:00-04:00,257.3450012207031,258.17999267578125,256.72100830078125,257.1499938964844,4388406
2025-10-02 12:30:00-04:00,257.4100036621094,257.8226013183594,257.1138916015625,257.3450012207031,2290319
2025-10-02 13:30:00-04:00,257.8800048828125,257.9100036621094,257.0299987792969,257.3900146484375,2476632
2025-10-02 14:30:00-04:00,257.510009765625,258.1600036621094,257.375,257.8699951171875,4612702
2025-10-02 15:30:00-04:00,257.1400146484375,257.875,256.8800048828125,257.510009765625,5100991
2025-10-03 09:30:00-04:00,257.8500061035156,259.0400085449219,253.9600067138672,254.6649932861328,16311886
2025-10-03 10:30:00-04:00,258.510009765625,258.739990234375,257.5199890136719,257.8599853515625,4452948
2025-10-03 11:30:00-04:00,258.5487060546875,259.239990234375,258.2571105957031,258.4930114746094,4828730
2025-10-03 12:30:00-04:00,258.30999755859375,258.92999267578125,258.1199951171875,258.5400085449219,3408741
2025-10-03 13:30:00-04:00,258.3699951171875,258.5899963378906,256.9599914550781,258.29998779296875,5459239
2025-10-03 14:30:00-04:00,257.9200134277344,258.5849914550781,257.8500061035156,258.3699951171875,3050327
2025-10-03 15:30:00-04:00,258.0150146484375,258.260009765625,257.40350341796875,257.9200134277344,4468054
2025-10-06 09:30:00-04:00,257.7799987792969,259.07000732421875,255.0500030517578,257.94500732421875,11669158
2025-10-06 10:30:00-04:00,257.5513000488281,257.9800109863281,257.2799987792969,257.79998779296875,3447400
2025-10-06 11:30:00-04:00,257.1300048828125,257.6700134277344,256.7699890136719,257.56500244140625,3501833
2025-10-06 12:30:00-04:00,256.55999755859375,257.4800109863281,256.1304931640625,257.1300048828125,2877222
2025-10-06 13:30:00-04:00,256.18499755859375,256.68121337890625,255.5,256.54998779296875,5922536
2025-10-06 14:30:00-04:00,256.510009765625,256.6600036621094,256.06500244140625,256.1802062988281,2693724
2025-10-06 15:30:00-04:00,256.6499938964844,257.25,256.4599914550781,256.510009765625,3577742
2025-10-07 09:30:00-04:00,256.67999267578125,257.3999938964844,256.2799987792969,256.82000732421875,6425357
2025-10-07 10:30:00-04:00,256.3789978027344,257.10791015625,255.60000610351562,256.6700134277344,4531854
2025-10-07 11:30:00-04:00,256.3384094238281,256.84979248046875,255.88999938964844,256.3900146484375,3693772
2025-10-07 12:30:00-04:00,255.88999938964844,256.6600036621094,255.75430297851562,256.3299865722656,2335693
2025-10-07 13:30:00-04:00,256.06988525390625,256.1499938964844,255.42999267578125,255.86000061035156,2294433
2025-10-07 14:30:00-04:00,256.0199890136719,256.301513671875,255.91009521484375,256.07000732421875,2361474
2025-10-07 15:30:00-04:00,256.489990234375,256.6199951171875,255.9199981689453,256.0199890136719,3978516
2025-10-08 09:30:00-04:00,257.8399963378906,258.19000244140625,256.1099853515625,256.5299987792969,8459277
2025-10-08 10:30:00-04:00,258.0400085449219,258.4549865722656,257.20001220703125,257.8599853515625,4427277
2025-10-08 11:30:00-04:00,258.20001220703125,258.5199890136719,257.55999755859375,258.05499267578125,2832234
2025-10-08 12:30:00-04:00,257.92498779296875,258.32501220703125,257.625,258.19000244140625,2099955
2025-10-08 13:30:00-04:00,257.9150085449219,258.20001220703125,257.6499938964844,257.92498779296875,2280625
2025-10-08 14:30:00-04:00,258.25,258.42999267578125,257.739990234375,257.8999938964844,2564469
2025-10-08 15:30:00-04:00,258.0299987792969,258.489990234375,257.8800048828125,258.239990234375,4214118
2025-10-09 09:30:00-04:00,254.9199981689453,258.0,254.77499389648438,257.8999938964844,8679018
2025-10-09 10:30:00-04:00,254.63999938964844,255.22300720214844,254.57000732421875,254.9080047607422,4040438
2025-10-09 11:30:00-04:00,253.99000549316406,254.75999450683594,253.75,254.6199951171875,4627197
2025-10-09 12:30:00-04:00,253.39999389648438,254.0500030517578,253.17999267578125,254.0,2685602
2025-10-09 13:30:00-04:00,253.43499755859375,253.86000061035156,253.14019775390625,253.39500427246094,2427698
2025-10-09 14:30:00-04:00,253.77999877929688,254.11500549316406,253.32000732421875,253.4199981689453,3837383
2025-10-09 15:30:00-04:00,254.02999877929688,254.47000122070312,253.55999755859375,253.77499389648438,4519796
2025-10-10 09:30:00-04:00,255.02059936523438,256.3800048828125,254.42999267578125,255.0399932861328,7268562
2025-10-10 10:30:00-04:00,249.1199951171875,255.33999633789062,248.9199981689453,255.0399932861328,10177254
2025-10-10 11:30:00-04:00,248.61000061035156,250.02999877929688,247.75999450683594,249.10000610351562,7499781
2025-10-10 12:30:00-04:00,247.80999755859375,249.05999755859375,247.05999755859375,248.58999633789062,4394995
2025-10-10 13:30:00-04:00,247.16000366210938,248.57000732421875,247.0800018310547,247.77000427246094,4882982
2025-10-10 14:30:00-04:00,246.1649932861328,247.30999755859375,245.81500244140625,247.13710021972656,5426839
2025-10-10 15:30:00-04:00,245.27999877929688,246.99000549316406,244.57000732421875,246.1699981689453,8519891
2025-10-13 09:30:00-04:00,246.37600708007812,249.49000549316406,245.55999755859375,249.3800048828125,9359382
2025-10-13 10:30:00-04:00,248.59030151367188,248.65989685058594,246.22999572753906,246.3699951171875,5816790
2025-10-13 11:30:00-04:00,249.17999267578125,249.6199951171875,248.36000061035156,248.6199951171875,3115587
2025-10-13 12:30:00-04:00,249.1042022705078,249.68930053710938,248.5500030517578,249.1699981689453,2298264
2025-10-13 13:30:00-04:00,249.1461944580078,249.32000732421875,248.68800354003906,249.08999633789062,2175748
2025-10-13 14:30:00-04:00,248.32000732421875,249.24000549316406,248.1300048828125,249.13999938964844,2310709
2025-10-13 15:30:00-04:00,247.58999633789062,248.58999633789062,247.3300018310547,248.32000732421875,3786722
2025-10-14 09:30:00-04:00,247.02000427246094,247.22999572753906,244.6999969482422,246.61500549316406,6901149
2025-10-14 10:30:00-04:00,246.21400451660156,247.74989318847656,246.1199951171875,247.0,3292430
2025-10-14 11:30:00-04:00,247.38999938964844,247.75,246.1699981689453,246.22999572753906,2724013
2025-10-14 12:30:00-04:00,247.79800415039062,248.035400390625,247.38499450683594,247.38999938964844,2048766
2025-10-14 13:30:00-04:00,247.48500061035156,247.82000732421875,247.17999267578125,247.80999755859375,2132596
2025-10-14 14:30:00-04:00,248.4199981689453,248.75,247.14439392089844,247.49000549316406,3822730
2025-10-14 15:30:00-04:00,247.85000610351562,248.84500122070312,246.72999572753906,248.42999267578125,4482259
2025-10-15 09:30:00-04:00,250.85000610351562,251.82000732421875,248.63999938964844,249.3800048828125,8163531
2025-10-15 10:30:00-04:00,249.85989379882812,251.4691925048828,249.8000030517578,250.8699951171875,3430819
2025-10-15 11:30:00-04:00,249.77499389648438,250.04969787597656,248.72000122070312,249.82000732421875,2879510
2025-10-15 12:30:00-04:00,248.0904998779297,249.9499053955078,247.47999572753906,249.77999877929688,2290291
2025-10-15 13:30:00-04:00,249.64700317382812,249.8000030517578,248.0500030517578,248.10499572753906,1934212
2025-10-15 14:30:00-04:00,249.9199981689453,250.10000610351562,249.47999572753906,249.64999389648438,2139459
2025-10-15 15:30:00-04:00,249.42999267578125,250.07000732421875,248.1699981689453,249.92999267578125,4229173
2025-10-16 09:30:00-04:00,247.50999450683594,248.3800048828125,246.6199951171875,248.27000427246094,9564057
2025-10-16 10:30:00-04:00,248.23500061035156,249.0399932861328,247.48170471191406,247.49000549316406,4826932
2025-10-16 11:30:00-04:00,247.72000122070312,248.66310119628906,247.03500366210938,248.1699981689453,3305994
2025-10-16 12:30:00-04:00,247.22000122070312,247.75,246.0399932861328,247.70010375976562,4045208
2025-10-16 13:30:00-04:00,245.66000366210938,247.4199981689453,245.25999450683594,247.22000122070312,3995746
2025-10-16 14:30:00-04:00,246.5500030517578,247.02000427246094,245.1300048828125,245.63999938964844,3603265
2025-10-16 15:30:00-04:00,247.42999267578125,247.91000366210938,246.35000610351562,246.55999755859375,3734949
2025-10-17 09:30:00-04:00,249.5601043701172,250.32000732421875,247.27000427246094,248.02000427246094,11142993
2025-10-17 10:30:00-04:00,248.47999572753906,249.86000061035156,248.22999572753906,249.6439971923828,3459331
2025-10-17 11:30:00-04:00,250.29649353027344,250.35000610351562,248.09719848632812,248.47999572753906,4277714
2025-10-17 12:30:00-04:00,250.81500244140625,251.36000061035156,250.27520751953125,250.29330444335938,6063960
2025-10-17 13:30:00-04:00,252.3000030517578,252.53500366210938,250.2449951171875,250.8000030517578,3952984
2025-10-17 14:30:00-04:00,252.75999450683594,252.82000732421875,251.6999969482422,252.2823944091797,3982655
2025-10-17 15:30:00-04:00,252.3000030517578,253.3800048828125,252.1199951171875,252.75,7247788
2025-10-20 09:30:00-04:00,259.5050048828125,259.8699951171875,255.6300048828125,255.88499450683594,19526731
2025-10-20 10:30:00-04:00,262.57000732421875,263.54998779296875,259.07000732421875,259.489990234375,20690049
2025-10-20 11:30:00-04:00,263.489990234375,264.375,262.4175109863281,262.54998779296875,13764809
2025-10-20 12:30:00-04:00,263.1650085449219,264.2099914550781,262.6499938964844,263.4800109863281,8089517
2025-10-20 13:30:00-04:00,263.7300109863281,263.8299865722656,262.7900085449219,263.17999267578125,4756799
2025-10-20 14:30:00-04:00,263.4200134277344,263.80999755859375,263.0400085449219,263.739990234375,5423277
2025-10-20 15:30:00-04:00,262.2300109863281,263.8500061035156,261.92999267578125,263.44000244140625,8021467
2025-10-21 09:30:00-04:00,263.4999084472656,265.2900085449219,261.8800048828125,261.8800048828125,17003580
2025-10-21 10:30:00-04:00,263.6619873046875,263.8299865722656,262.510009765625,263.4599914550781,4721265
2025-10-21 11:30:00-04:00,263.1700134277344,264.5350036621094,263.0801086425781,263.6700134277344,5514253
2025-10-21 12:30:00-04:00,263.3265075683594,263.6799011230469,262.8475036621094,263.1600036621094,2671606
2025-10-21 13:30:00-04:00,263.44989013671875,264.04998779296875,262.1499938964844,263.3258056640625,3718095
2025-10-21 14:30:00-04:00,263.0849914550781,263.7381896972656,262.95001220703125,263.4495849609375,3430980
2025-10-21 15:30:00-04:00,262.8399963378906,263.2099914550781,262.4700012207031,263.0950012207031,3493018
2025-10-22 09:30:00-04:00,260.0498962402344,262.8500061035156,259.7200012207031,262.7900085449219,9155667
2025-10-22 10:30:00-04:00,258.4299011230469,261.1300048828125,257.6401062011719,260.0,5930214
2025-10-22 11:30:00-04:00,258.54998779296875,259.489990234375,258.04998779296875,258.45001220703125,3763921
2025-10-22 12:30:00-04:00,256.69140625,258.7699890136719,256.29998779296875,258.54998779296875,4679141
2025-10-22 13:30:00-04:00,256.5509948730469,257.0798034667969,255.42999267578125,256.6700134277344,4221043
2025-10-22 14:30:00-04:00,257.510009765625,257.67999267578125,256.1400146484375,256.54998779296875,3195141
2025-10-22 15:30:00-04:00,258.42999267578125,258.80999755859375,257.42999267578125,257.5199890136719,4263522
2025-10-23 09:30:00-04:00,259.4798889160156,260.1799011230469,258.0101013183594,259.8900146484375,6251007
2025-10-23 10:30:00-04:00,259.3999938964844,259.67999267578125,258.7300109863281,259.4200134277344,2852790
2025-10-23 11:30:00-04:00,260.0400085449219,260.6199035644531,259.0834045410156,259.3999938964844,3168121
2025-10-23 12:30:00-04:00,259.8599853515625,260.54998779296875,259.5199890136719,260.04998779296875,2574209
2025-10-23 13:30:00-04:00,259.9700012207031,260.42498779296875,259.8299865722656,259.8800048828125,3320192
2025-10-23 14:30:00-04:00,259.8999938964844,260.0199890136719,259.6199951171875,259.9700012207031,2237171
2025-10-23 15:30:00-04:00,259.5799865722656,260.04998779296875,259.0799865722656,259.9100036621094,3143856
2025-10-24 09:30:00-04:00,260.94140625,261.6199951171875,259.17999267578125,261.19000244140625,7287527
2025-10-24 10:30:00-04:00,263.2799987792969,263.3599853515625,260.7900085449219,260.94000244140625,5490920
2025-10-24 11:30:00-04:00,263.5799865722656,264.0299987792969,262.95001220703125,263.2900085449219,4458666
2025-10-24 12:30:00-04:00,263.6099853515625,263.7099914550781,262.8500061035156,263.5899963378906,2930456
2025-10-24 13:30:00-04:00,264.0199890136719,264.1300048828125,263.4100036621094,263.6099853515625,2843868
2025-10-24 14:30:00-04:00,263.5,264.1000061035156,263.1499938964844,264.0249938964844,3187549
2025-10-24 15:30:00-04:00,262.739990234375,263.6600036621094,262.1300048828125,263.510009765625,4742484
2025-10-27 09:30:00-04:00,265.7300109863281,267.04998779296875,264.65008544921875,264.8800048828125,9319511
2025-10-27 10:30:00-04:00,265.7099914550781,266.4200134277344,265.19500732421875,265.739990234375,4050852
2025-10-27 11:30:00-04:00,265.92999267578125,266.0899963378906,265.04998779296875,265.7099914550781,3517895
2025-10-27 12:30:00-04:00,265.6199951171875,266.125,265.510009765625,265.94000244140625,3331147
2025-10-27 13:30:00-04:00,265.5950012207031,266.0150146484375,265.510009765625,265.6300048828125,2171755
2025-10-27 14:30:00-04:00,267.2749938964844,267.3999938964844,265.4700012207031,265.5899963378906,4259189
2025-10-27 15:30:00-04:00,268.739990234375,269.0799865722656,267.2099914550781,267.2699890136719,6996092
2025-10-28 09:30:00-04:00,268.6499938964844,269.8699951171875,268.25,269.135009765625,11832766
2025-10-28 10:30:00-04:00,268.69720458984375,269.1400146484375,268.1499938964844,268.6423034667969,3550384
2025-10-28 11:30:00-04:00,268.9949951171875,269.0758056640625,268.3500061035156,268.69500732421875,2758052
2025-10-28 12:30:00-04:00,269.4949951171875,269.8699951171875,268.82000732421875,268.9800109863281,3503864
2025-10-28 13:30:00-04:00,269.0902099609375,269.4949951171875,268.79998779296875,269.4949951171875,3181670
2025-10-28 14:30:00-04:00,269.20001220703125,269.44000244140625,268.7799987792969,269.1050109863281,4120349
2025-10-28 15:30:00-04:00,269.0299987792969,269.3550109863281,268.6000061035156,269.20001220703125,5339653
2025-10-29 09:30:00-04:00,270.4200134277344,271.4100036621094,268.70001220703125,269.2749938964844,10209230
2025-10-29 10:30:00-04:00,267.6300048828125,270.44500732421875,267.51220703125,270.4100036621094,6247839
2025-10-29 11:30:00-04:00,268.6199951171875,268.8599853515625,267.1099853515625,267.6099853515625,4595121
2025-10-29 12:30:00-04:00,269.93011474609375,269.93011474609375,268.4700927734375,268.6029968261719,3066081
2025-10-29 13:30:00-04:00,270.80999755859375,270.8500061035156,269.7900085449219,269.8900146484375,4963178
2025-10-29 14:30:00-04:00,268.30999755859375,270.92999267578125,268.260009765625,270.7850036621094,5156103
2025-10-29 15:30:00-04:00,269.7300109863281,270.3800048828125,267.79998779296875,268.32000732421875,4325904
2025-10-30 09:30:00-04:00,269.0899963378906,274.1400146484375,268.989990234375,271.989990234375,8387840
2025-10-30 10:30:00-04:00,270.7900085449219,271.1700134277344,268.4800109863281,269.0899963378906,3886744
2025-10-30 11:30:00-04:00,272.010009765625,272.3900146484375,270.2630920410156,270.7799987792969,3869786
2025-10-30 12:30:00-04:00,271.95001220703125,272.06781005859375,271.0400085449219,272.0,2409548
2025-10-30 13:30:00-04:00,271.75,272.29998779296875,271.2799987792969,271.95001220703125,3435055
2025-10-30 14:30:00-04:00,271.3399963378906,272.00799560546875,270.9949951171875,271.760009765625,3831349
2025-10-30 15:30:00-04:00,271.260009765625,271.6700134277344,271.04998779296875,271.3399963378906,5175619
2025-10-31 09:30:00-04:00,270.3800048828125,277.32000732421875,269.1600036621094,276.989990234375,17228178
2025-10-31 10:30:00-04:00,271.29998779296875,271.5599060058594,270.10009765625,270.42999267578125,4595066
2025-10-31 11:30:00-04:00,272.43499755859375,272.8584899902344,270.2200012207031,271.2998962402344,4301242
2025-10-31 12:30:00-04:00,270.3487854003906,273.1700134277344,270.1499938964844,272.42999267578125,4005527
2025-10-31 13:30:00-04:00,271.80999755859375,272.0599060058594,270.1099853515625,270.3299865722656,2396660
2025-10-31 14:30:00-04:00,272.1050109863281,272.17498779296875,271.2699890136719,271.7900085449219,2901733
2025-10-31 15:30:00-04:00,270.25,272.6499938964844,269.9599914550781,272.1300048828125,6600568
2025-11-03 09:30:00-05:00,267.6300048828125,270.8299865722656,266.25,270.4200134277344,10223517
2025-11-03 10:30:00-05:00,266.6400146484375,268.2598876953125,266.5,267.6400146484375,3102546
2025-11-03 11:30:00-05:00,267.5350036621094,268.1499938964844,266.5223083496094,266.659912109375,2821699
2025-11-03 12:30:00-05:00,267.6780090332031,268.0,267.25,267.5199890136719,2034109
2025-11-03 13:30:00-05:00,267.30999755859375,268.6199951171875,267.30999755859375,267.70989990234375,2075268
2025-11-03 14:30:00-05:00,267.6199951171875,267.7900085449219,266.9100036621094,267.32000732421875,2243434
2025-11-03 15:30:00-05:00,269.05999755859375,269.1099853515625,267.4599914550781,267.6300048828125,3383138
2025-11-04 09:30:00-05:00,268.42999267578125,269.5899963378906,267.614990234375,268.24249267578125,9645778
2025-11-04 10:30:00-05:00,270.6099853515625,271.0,267.7099914550781,268.42999267578125,3278354
2025-11-04 11:30:00-05:00,270.010009765625,271.4859924316406,268.9800109863281,270.6400146484375,3846826
2025-11-04 12:30:00-05:00,270.6383972167969,270.92999267578125,269.8900146484375,270.0050048828125,2072453
2025-11-04 13:30:00-05:00,270.5104064941406,270.82000732421875,269.8699951171875,270.6099853515625,2562532
2025-11-04 14:30:00-05:00,270.09051513671875,270.6099853515625,269.2799987792969,270.5299987792969,2594188
2025-11-04 15:30:00-05:00,270.010009765625,270.4049987792969,269.5,270.1000061035156,3522552
2025-11-05 09:30:00-05:00,269.0101013183594,269.58990478515625,266.92999267578125,268.5899963378906,7995553
2025-11-05 10:30:00-05:00,270.2900085449219,270.3800048828125,268.760009765625,268.989990234375,2169435
2025-11-05 11:30:00-05:00,269.9700012207031,270.4700012207031,269.5,270.2799987792969,1631841
2025-11-05 12:30:00-05:00,270.1199951171875,270.7900085449219,269.92999267578125,269.9700012207031,1426592
2025-11-05 13:30:00-05:00,270.42999267578125,271.70001220703125,269.7699890136719,270.1099853515625,2651761
2025-11-05 14:30:00-05:00,269.6000061035156,271.5,269.5299987792969,270.4100036621094,2282746
2025-11-05 15:30:00-05:00,270.1099853515625,270.3999938964844,268.9949951171875,269.6099853515625,3567904
2025-11-06 09:30:00-05:00,272.82000732421875,272.82000732421875,267.8900146484375,267.8900146484375,6762187
2025-11-06 10:30:00-05:00,272.1814880371094,273.3999938964844,271.55010986328125,272.8280029296875,5580072
2025-11-06 11:30:00-05:00,271.42498779296875,272.2200012207031,270.3900146484375,272.17999267578125,3198033
2025-11-06 12:30:00-05:00,271.3500061035156,272.46978759765625,270.9200134277344,271.4200134277344,2621839
2025-11-06 13:30:00-05:00,271.9901123046875,272.1600036621094,271.0203857421875,271.3699951171875,1783486
2025-11-06 14:30:00-05:00,271.2099914550781,272.20001220703125,270.7349853515625,272.0050048828125,2198935
2025-11-06 15:30:00-05:00,269.6400146484375,271.52020263671875,269.5950012207031,271.20001220703125,3825533
2025-11-07 09:30:00-05:00,271.5799865722656,272.2900085449219,267.2699890136719,269.7950134277344,7855390
2025-11-07 10:30:00-05:00,269.5299987792969,271.9700012207031,269.4800109863281,271.55999755859375,3991205
2025-11-07 11:30:00-05:00,269.1099853515625,269.8900146484375,268.32000732421875,269.5199890136719,3276263
2025-11-07 12:30:00-05:00,268.45001220703125,269.1400146484375,268.0588073730469,269.114990234375,2041690
2025-11-07 13:30:00-05:00,267.25,268.6600036621094,267.0950012207031,268.45001220703125,2217548
2025-11-07 14:30:00-05:00,267.7598876953125,268.5,266.7799987792969,267.260009765625,3921327
2025-11-07 15:30:00-05:00,268.4200134277344,268.5799865722656,267.69000244140625,267.760009765625,3271221
2025-11-10 09:30:00-05:00,271.85699462890625,273.7300109863281,268.95001220703125,268.95001220703125,7030981
2025-11-10 10:30:00-05:00,269.06640625,271.989990234375,269.04998779296875,271.8299865722656,3083676
2025-11-10 11:30:00-05:00,269.0799865722656,269.7587890625,268.489990234375,269.0400085449219,2346213
2025-11-10 12:30:00-05:00,269.7300109863281,270.2300109863281,269.010009765625,269.07000732421875,1807442
2025-11-10 13:30:00-05:00,269.6600036621094,270.3077087402344,267.4549865722656,269.7099914550781,3188667
2025-11-10 14:30:00-05:00,269.11859130859375,269.80999755859375,269.04998779296875,269.6300048828125,2248210
2025-11-10 15:30:00-05:00,269.3599853515625,269.6000061035156,268.760009765625,269.1000061035156,2892894
2025-11-11 09:30:00-05:00,274.1000061035156,274.739990234375,269.79998779296875,269.80999755859375,9244708
2025-11-11 10:30:00-05:00,272.5,274.3460998535156,272.42999267578125,274.1000061035156,3452496
2025-11-11 11:30:00-05:00,273.31500244140625,273.614990234375,271.7799987792969,272.510009765625,2525614
2025-11-11 12:30:00-05:00,274.4800109863281,274.70001220703125,273.0299987792969,273.3299865722656,2634766
2025-11-11 13:30:00-05:00,275.32000732421875,275.6600036621094,274.1600036621094,274.489990234375,3455305
2025-11-11 14:30:00-05:00,275.25,275.760009765625,275.04998779296875,275.3299865722656,2653431
2025-11-11 15:30:00-05:00,275.29998779296875,275.8450012207031,274.79998779296875,275.239990234375,4039818
2025-11-12 09:30:00-05:00,272.94000244140625,275.239990234375,271.8699951171875,275.07501220703125,10718425
2025-11-12 10:30:00-05:00,274.6000061035156,274.6099853515625,272.54998779296875,272.9100036621094,3328165
2025-11-12 11:30:00-05:00,274.3900146484375,274.8500061035156,273.7250061035156,274.5899963378906,2104341
2025-11-12 12:30:00-05:00,274.9800109863281,275.1400146484375,274.1199951171875,274.3800048828125,1642127
2025-11-12 13:30:00-05:00,274.45001220703125,275.7300109863281,274.42999267578125,274.989990234375,2013567
2025-11-12 14:30:00-05:00,274.04998779296875,274.69000244140625,273.5,274.45001220703125,2059500
2025-11-12 15:30:00-05:00,273.3999938964844,274.3999938964844,272.9700012207031,274.04998779296875,3569522
2025-11-13 09:30:00-05:00,273.7099914550781,276.6990051269531,273.2900085449219,274.2699890136719,10014720
2025-11-13 10:30:00-05:00,274.037109375,274.19000244140625,272.17999267578125,273.7001037597656,3931506
2025-11-13 11:30:00-05:00,272.8599853515625,274.4898986816406,272.4599914550781,274.0299987792969,2339844
2025-11-13 12:30:00-05:00,272.5700988769531,273.32000732421875,272.5,272.8399963378906,1922883
2025-11-13 13:30:00-05:00,273.5299987792969,273.8500061035156,272.1000061035156,272.55999755859375,3060900
2025-11-13 14:30:00-05:00,273.03961181640625,273.69000244140625,272.5450134277344,273.5350036621094,2603044
2025-11-13 15:30:00-05:00,273.0400085449219,273.6000061035156,272.5,273.0299987792969,3833036
2025-11-14 09:30:00-05:00,273.7591857910156,273.8900146484375,269.6000061035156,271.04998779296875,10617822
2025-11-14 10:30:00-05:00,274.6499938964844,274.6499938964844,273.20001220703125,273.7699890136719,3569903
2025-11-14 11:30:00-05:00,275.7049865722656,275.9200134277344,273.54998779296875,274.6449890136719,4251993
2025-11-14 12:30:00-05:00,274.5849914550781,275.95831298828125,274.2300109863281,275.7099914550781,1963757
2025-11-14 13:30:00-05:00,273.9599914550781,274.760009765625,273.8399963378906,274.57000732421875,1593851
2025-11-14 14:30:00-05:00,272.989990234375,274.25,272.8900146484375,273.9700012207031,2106336
2025-11-14 15:30:00-05:00,272.54998779296875,273.260009765625,272.1700134277344,272.9700012207031,3210889
2025-11-17 09:30:00-05:00,269.2799987792969,270.489990234375,267.0,268.7200012207031,8509806
2025-11-17 10:30:00-05:00,267.8799133300781,269.3900146484375,266.6499938964844,269.2300109863281,3379761
2025-11-17 11:30:00-05:00,268.9200134277344,269.54998779296875,267.82000732421875,267.8500061035156,2089997
2025-11-17 12:30:00-05:00,267.7799987792969,269.3500061035156,267.44000244140625,268.94000244140625,1923442
2025-11-17 13:30:00-05:00,267.2900085449219,268.3399963378906,266.8599853515625,267.7699890136719,2030991
2025-11-17 14:30:00-05:00,266.44000244140625,267.3800048828125,265.7300109863281,267.2950134277344,2737988
2025-11-17 15:30:00-05:00,267.4599914550781,267.5799865722656,266.19000244140625,266.44000244140625,3487816
2025-11-18 09:30:00-05:00,267.6499938964844,270.7049865722656,265.32000732421875,269.9150085449219,8219985
2025-11-18 10:30:00-05:00,267.8399963378906,268.1199951171875,266.02801513671875,267.6650085449219,3521812
2025-11-18 11:30:00-05:00,267.1650085449219,268.3380126953125,267.1400146484375,267.8399963378906,2742457
2025-11-18 12:30:00-05:00,268.45001220703125,268.92999267578125,266.42999267578125,267.1600036621094,2282519
2025-11-18 13:30:00-05:00,268.03448486328125,269.2200012207031,267.9599914550781,268.45001220703125,2176560
2025-11-18 14:30:00-05:00,268.28021240234375,268.92498779296875,267.67999267578125,268.04998779296875,2115137
2025-11-18 15:30:00-05:00,267.510009765625,268.42999267578125,267.3299865722656,268.29998779296875,3127789
2025-11-19 09:30:00-05:00,271.8500061035156,272.2099914550781,265.5,265.5249938964844,6778562
2025-11-19 10:30:00-05:00,269.7300109863281,272.010009765625,269.3200988769531,271.85009765625,2792346
2025-11-19 11:30:00-05:00,270.3999938964844,270.6549987792969,269.5299987792969,269.75,2001030
2025-11-19 12:30:00-05:00,270.0299987792969,271.30999755859375,269.6199951171875,270.4599914550781,2049762
2025-11-19 13:30:00-05:00,269.6700134277344,271.010009765625,269.6300048828125,270.010009765625,1644126
2025-11-19 14:30:00-05:00,270.0350036621094,270.7349853515625,269.1700134277344,269.6700134277344,2137859
2025-11-19 15:30:00-05:00,268.54998779296875,270.3299865722656,268.1400146484375,270.0,3516386
2025-11-20 09:30:00-05:00,273.9049987792969,275.42999267578125,270.80999755859375,270.80999755859375,7869887
2025-11-20 10:30:00-05:00,271.7799987792969,274.7300109863281,271.6199951171875,273.9100036621094,2856925
2025-11-20 11:30:00-05:00,268.94000244140625,271.7799987792969,268.04998779296875,271.7799987792969,4056106
2025-11-20 12:30:00-05:00,268.80999755859375,269.25,267.0201110839844,268.8699951171875,2981937
2025-11-20 13:30:00-05:00,267.7950134277344,268.92999267578125,266.3599853515625,268.7900085449219,2392389
2025-11-20 14:30:00-05:00,267.32000732421875,267.9100036621094,267.0,267.7799987792969,2094448
2025-11-20 15:30:00-05:00,266.3800048828125,267.5799865722656,265.9200134277344,267.32000732421875,3489586
2025-11-21 09:30:00-05:00,269.8500061035156,270.45001220703125,265.82000732421875,265.8800048828125,10658658
2025-11-21 10:30:00-05:00,270.8999938964844,271.4700012207031,269.2200012207031,269.7900085449219,4761138
2025-11-21 11:30:00-05:00,270.54998779296875,271.1199951171875,269.80999755859375,270.8900146484375,2949033
2025-11-21 12:30:00-05:00,270.9800109863281,271.6000061035156,270.20001220703125,270.6300048828125,2023820
2025-11-21 13:30:00-05:00,272.6099853515625,273.31500244140625,270.864990234375,270.9800109863281,3562846
2025-11-21 14:30:00-05:00,271.3699951171875,273.2799987792969,271.3500061035156,272.57501220703125,3135966
2025-11-21 15:30:00-05:00,271.5,272.1300048828125,270.5899963378906,271.3500061035156,4300075
2025-11-24 09:30:00-05:00,273.0950012207031,275.9200134277344,270.8999938964844,270.8999938964844,7995693
2025-11-24 10:30:00-05:00,275.0,275.38958740234375,272.6499938964844,273.0799865722656,3612728
2025-11-24 11:30:00-05:00,274.8500061035156,275.2699890136719,274.44000244140625,274.9700012207031,2583089
2025-11-24 12:30:00-05:00,276.1199951171875,276.510009765625,274.75,274.8500061035156,3404232
2025-11-24 13:30:00-05:00,276.2195129394531,276.45001220703125,275.8500061035156,276.1199951171875,2440121
2025-11-24 14:30:00-05:00,276.4750061035156,276.6549987792969,275.3550109863281,276.2300109863281,2989562
2025-11-24 15:30:00-05:00,275.9800109863281,276.9800109863281,275.1099853515625,276.4700012207031,4904039
2025-11-25 09:30:00-05:00,278.9049987792969,280.3800048828125,275.2699890136719,275.29998779296875,9723608
2025-11-25 10:30:00-05:00,277.8299865722656,279.6300048828125,277.7799987792969,278.8900146484375,2840433
2025-11-25 11:30:00-05:00,279.0700988769531,279.30999755859375,277.5,277.82000732421875,2504679
2025-11-25 12:30:00-05:00,278.760009765625,279.3699951171875,278.2300109863281,279.0899963378906,1925113
2025-11-25 13:30:00-05:00,278.0350036621094,278.7799987792969,277.7900085449219,278.7650146484375,1727727
2025-11-25 14:30:00-05:00,277.56500244140625,278.1449890136719,277.49749755859375,278.0400085449219,1909795
2025-11-25 15:30:00-05:00,276.95001220703125,278.0,276.8599853515625,277.55999755859375,2448205
2025-11-26 09:30:00-05:00,277.80999755859375,279.0474853515625,276.6300048828125,276.9599914550781,5086107
2025-11-26 10:30:00-05:00,279.0101013183594,279.1400146484375,276.80999755859375,277.7900085449219,2510611
2025-11-26 11:30:00-05:00,279.0790100097656,279.5299987792969,278.8699951171875,279.0299987792969,2586354
2025-11-26 12:30:00-05:00,278.54998779296875,279.2900085449219,278.0950012207031,279.07000732421875,1871279
2025-11-26 13:30:00-05:00,278.260009765625,278.581787109375,277.92498779296875,278.55999755859375,1426945
2025-11-26 14:30:00-05:00,278.0799865722656,278.94000244140625,278.010009765625,278.2601013183594,1953254
2025-11-26 15:30:00-05:00,277.4700012207031,278.29998779296875,277.1499938964844,278.07000732421875,9116002
2025-11-28 09:30:00-05:00,276.260009765625,278.23919677734375,276.0199890136719,277.260009765625,4040463
2025-11-28 10:30:00-05:00,276.25,276.9198913574219,275.989990234375,276.2900085449219,1743837
2025-11-28 11:30:00-05:00,277.04998779296875,277.16009521484375,275.98651123046875,276.2449951171875,1791406
2025-12-01 09:30:00-05:00,278.14208984375,278.7699890136719,276.1400146484375,278.1499938964844,5114373
2025-12-01 10:30:00-05:00,277.9200134277344,278.4801025390625,277.30499267578125,278.1000061035156,1731132
2025-12-01 11:30:00-05:00,279.7705078125,279.8900146484375,277.8900146484375,277.8999938964844,2091919
2025-12-01 12:30:00-05:00,280.58819580078125,280.6400146484375,279.4599914550781,279.7749938964844,2222347
2025-12-01 13:30:00-05:00,280.8900146484375,281.2200012207031,280.45001220703125,280.590087890625,2919865
2025-12-01 14:30:00-05:00,281.9100036621094,281.94000244140625,280.7099914550781,280.8800048828125,2916696
2025-12-01 15:30:00-05:00,283.32000732421875,283.4100036621094,281.7300109863281,281.9200134277344,5357873
2025-12-02 09:30:00-05:00,284.57000732421875,285.3089904785156,282.6300964355469,283.0,7878173
2025-12-02 10:30:00-05:00,285.5400085449219,287.3999938964844,284.1499938964844,284.5400085449219,6214915
2025-12-02 11:30:00-05:00,285.8699951171875,285.9999084472656,284.8299865722656,285.5400085449219,2847056
2025-12-02 12:30:00-05:00,285.2149963378906,286.3399963378906,284.94000244140625,285.8800048828125,2725658
2025-12-02 13:30:00-05:00,285.625,286.1300048828125,285.0150146484375,285.20001220703125,2146948
2025-12-02 14:30:00-05:00,286.239990234375,286.82000732421875,285.5801086425781,285.6000061035156,2898388
2025-12-02 15:30:00-05:00,286.2300109863281,286.6099853515625,285.7099914550781,286.239990234375,3132652
2025-12-03 09:30:00-05:00,287.34051513671875,288.6099853515625,285.8999938964844,286.20001220703125,6627228
2025-12-03 10:30:00-05:00,286.4100036621094,287.5899963378906,285.75,287.32000732421875,3581593
2025-12-03 11:30:00-05:00,286.385009765625,286.82000732421875,285.5,286.4200134277344,2126959
2025-12-03 12:30:00-05:00,285.6792907714844,286.44000244140625,285.3399963378906,286.3500061035156,2127386
2025-12-03 13:30:00-05:00,285.2099914550781,285.94000244140625,284.8843078613281,285.67999267578125,1618603
2025-12-03 14:30:00-05:00,284.55499267578125,285.2499084472656,284.2749938964844,285.2300109863281,11158331
2025-12-03 15:30:00-05:00,284.1499938964844,284.70001220703125,283.5400085449219,284.54998779296875,0
2025-12-04 09:30:00-05:00,281.2250061035156,284.7300109863281,280.2699890136719,284.1099853515625,6410843
2025-12-04 10:30:00-05:00,280.2799987792969,281.6000061035156,279.80999755859375,281.2099914550781,2986361
2025-12-04 11:30:00-05:00,280.114990234375,280.9335021972656,279.93780517578125,280.2850036621094,2285394
2025-12-04 12:30:00-05:00,280.0050048828125,280.4866943359375,279.6400146484375,280.1300048828125,1806229
2025-12-04 13:30:00-05:00,278.8599853515625,280.1000061035156,278.5899963378906,279.989990234375,2574486
2025-12-04 14:30:00-05:00,280.125,280.7300109863281,278.82000732421875,278.8599853515625,2807996
2025-12-04 15:30:00-05:00,280.6499938964844,280.69000244140625,279.5799865722656,280.1199951171875,3165508
2025-12-05 09:30:00-05:00,280.4551086425781,281.1400146484375,279.2699890136719,280.5400085449219,4393145
2025-12-05 10:30:00-05:00,279.2950134277344,280.9800109863281,279.2900085449219,280.4599914550781,3579247
2025-12-05 11:30:00-05:00,278.31500244140625,279.3399963378906,278.114990234375,279.29998779296875,2319755
2025-12-05 12:30:00-05:00,279.44000244140625,279.4801025390625,278.04998779296875,278.31500244140625,1693305
2025-12-05 13:30:00-05:00,279.2337951660156,279.57000732421875,278.5849914550781,279.4800109863281,1553832
2025-12-05 14:30:00-05:00,278.8013916015625,279.29998779296875,278.5400085449219,279.2300109863281,1937238
2025-12-05 15:30:00-05:00,278.7900085449219,279.0249938964844,278.19000244140625,278.79998779296875,2719470
2025-12-08 09:30:00-05:00,277.55999755859375,279.6693115234375,277.45001220703125,278.1684875488281,6285926
2025-12-08 10:30:00-05:00,277.4599914550781,277.8800048828125,276.7049865722656,277.54998779296875,3326326
2025-12-08 11:30:00-05:00,277.2300109863281,277.8190002441406,277.0000915527344,277.4700012207031,1896481
2025-12-08 12:30:00-05:00,276.9700012207031,277.84991455078125,276.8699951171875,277.2099914550781,1999024
2025-12-08 13:30:00-05:00,276.3599853515625,276.9494934082031,276.20001220703125,276.9494934082031,1825108
2025-12-08 14:30:00-05:00,276.92498779296875,276.9700012207031,276.1499938964844,276.3699951171875,2861661
2025-12-08 15:30:00-05:00,277.9599914550781,277.9849853515625,276.6600036621094,276.92999267578125,2613900
2025-12-09 09:30:00-05:00,277.70001220703125,280.0299987792969,277.3500061035156,277.8900146484375,5341504
2025-12-09 10:30:00-05:00,277.4100036621094,278.0,277.0299987792969,277.70001220703125,2290151
2025-12-09 11:30:00-05:00,277.875,278.1199951171875,277.20001220703125,277.4100036621094,1696929
2025-12-09 12:30:00-05:00,278.385009765625,278.739990234375,277.79998779296875,277.875,1988455
2025-12-09 13:30:00-05:00,278.69000244140625,278.8900146484375,278.1199951171875,278.385009765625,1262893
2025-12-09 14:30:00-05:00,277.864990234375,278.75,277.6499938964844,278.69000244140625,1906538
2025-12-09 15:30:00-05:00,277.2300109863281,278.25,276.9200134277344,277.864990234375,2737573
2025-12-10 09:30:00-05:00,277.45001220703125,278.7929992675781,276.5849914550781,277.8699951171875,3868165
2025-12-10 10:30:00-05:00,278.2576904296875,278.2799987792969,276.44000244140625,277.4549865722656,1880040
2025-12-10 11:30:00-05:00,278.5264892578125,278.8900146484375,277.9750061035156,278.2300109863281,1611918
2025-12-10 12:30:00-05:00,278.1199951171875,279.2799987792969,278.0849914550781,278.5199890136719,1374275
2025-12-10 13:30:00-05:00,278.2200012207031,279.2200012207031,277.9100036621094,278.1199951171875,1631790
2025-12-10 14:30:00-05:00,278.9800109863281,279.75,277.70001220703125,278.2200012207031,2578278
2025-12-10 15:30:00-05:00,278.7200012207031,279.3699951171875,278.5899963378906,278.989990234375,2242651
2025-12-11 09:30:00-05:00,276.1199951171875,279.5799865722656,273.80999755859375,279.0950012207031,6887208
2025-12-11 10:30:00-05:00,275.82501220703125,276.5899963378906,275.20001220703125,276.114990234375,2343607
2025-12-11 11:30:00-05:00,277.9049987792969,278.17999267578125,275.80999755859375,275.82000732421875,2412367
2025-12-11 12:30:00-05:00,277.5226135253906,278.3500061035156,277.3800048828125,277.9200134277344,1473658
2025-12-11 13:30:00-05:00,277.760009765625,278.2099914550781,277.510009765625,277.5249938964844,1432317
2025-12-11 14:30:00-05:00,278.0950012207031,278.2149963378906,277.59130859375,277.760009765625,1817634
2025-12-11 15:30:00-05:00,278.05999755859375,278.2099914550781,277.4700012207031,278.0899963378906,1985352
2025-12-12 09:30:00-05:00,277.8699951171875,279.2200012207031,276.9700927734375,277.0,3907328
2025-12-12 10:30:00-05:00,277.739990234375,278.8599853515625,277.44000244140625,277.8800048828125,3485545
2025-12-12 11:30:00-05:00,277.8550109863281,278.44000244140625,277.2807922363281,277.7699890136719,2096132
2025-12-12 12:30:00-05:00,279.04998779296875,279.19000244140625,277.8349914550781,277.8349914550781,2564725
2025-12-12 13:30:00-05:00,277.95001220703125,279.04998779296875,277.7300109863281,279.0400085449219,2354465
2025-12-12 14:30:00-05:00,278.05499267578125,278.80999755859375,277.80999755859375,277.95001220703125,2391168
2025-12-12 15:30:00-05:00,278.3699951171875,278.5,276.94500732421875,278.04998779296875,2787871
2025-12-15 09:30:00-05:00,274.1449890136719,279.79168701171875,273.6199951171875,279.75,8113962
2025-12-15 10:30:00-05:00,275.510009765625,275.6404113769531,273.7200012207031,274.1700134277344,3495538
2025-12-15 11:30:00-05:00,274.9200134277344,275.69500732421875,274.1499938964844,275.5400085449219,2136284
2025-12-15 12:30:00-05:00,274.0400085449219,275.1000061035156,273.7300109863281,274.92498779296875,1992688
2025-12-15 13:30:00-05:00,273.3699951171875,274.25,273.0799865722656,274.0199890136719,2430153
2025-12-15 14:30:00-05:00,273.80499267578125,273.8424987792969,272.8399963378906,273.3800048828125,2804616
2025-12-15 15:30:00-05:00,274.114990234375,274.7200012207031,273.5199890136719,273.80999755859375,4104430
2025-12-16 09:30:00-05:00,273.1700134277344,274.0299987792969,271.7900085449219,272.82000732421875,4976091
2025-12-16 10:30:00-05:00,272.80999755859375,273.82000732421875,272.5,273.1700134277344,2282059
2025-12-16 11:30:00-05:00,273.20001220703125,274.2799987792969,272.69000244140625,272.79998779296875,1929804
2025-12-16 12:30:00-05:00,272.1300048828125,273.489990234375,271.79998779296875,273.19989013671875,2118531
2025-12-16 13:30:00-05:00,273.56500244140625,273.9100036621094,272.135009765625,272.135009765625,2008038
2025-12-16 14:30:00-05:00,274.55999755859375,274.79998779296875,273.5400085449219,273.56500244140625,1912589
2025-12-16 15:30:00-05:00,274.4700012207031,275.5,274.45001220703125,274.54998779296875,2361847
2025-12-17 09:30:00-05:00,275.4949951171875,276.1600036621094,274.8299865722656,275.010009765625,4574850
2025-12-17 10:30:00-05:00,273.489990234375,275.7300109863281,273.0450134277344,275.4700012207031,3354929
2025-12-17 11:30:00-05:00,272.8699951171875,273.489990234375,272.2799987792969,273.489990234375,2372809
2025-12-17 12:30:00-05:00,273.0199890136719,273.69000244140625,272.6499938964844,272.8800048828125,1699122
2025-12-17 13:30:00-05:00,273.7850036621094,273.9700012207031,272.44000244140625,272.9901123046875,2046363
2025-12-17 14:30:00-05:00,273.65008544921875,274.1099853515625,273.57000732421875,273.7699890136719,2167480
2025-12-17 15:30:00-05:00,271.8599853515625,273.8699951171875,271.69000244140625,273.6700134277344,5130736
2025-12-18 09:30:00-05:00,270.8999938964844,273.6199951171875,266.9599914550781,273.6050109863281,10127086
2025-12-18 10:30:00-05:00,272.29998779296875,272.7200012207031,270.80999755859375,270.86199951171875,3659235
2025-12-18 11:30:00-05:00,270.25,273.16400146484375,269.94000244140625,272.2900085449219,3692916
2025-12-18 12:30:00-05:00,272.6499938964844,272.75,270.1199951171875,270.20001220703125,1920512
2025-12-18 13:30:00-05:00,271.3699951171875,272.9599914550781,271.0899963378906,272.6700134277344,2108845
2025-12-18 14:30:00-05:00,271.8399963378906,271.96990966796875,270.5,271.3699951171875,2747038
2025-12-18 15:30:00-05:00,272.1600036621094,273.20001220703125,271.7850036621094,271.8500061035156,2956766
2025-12-19 09:30:00-05:00,271.7349853515625,272.9200134277344,270.95001220703125,272.1449890136719,18574766
2025-12-19 10:30:00-05:00,271.26080322265625,272.82000732421875,270.9949951171875,271.7200927734375,2919546
2025-12-19 11:30:00-05:00,270.6549987792969,271.4599914550781,270.2699890136719,271.2622985839844,2629565
2025-12-19 12:30:00-05:00,270.75,271.80950927734375,270.3399963378906,270.6600036621094,3085614
2025-12-19 13:30:00-05:00,271.3699951171875,271.5098876953125,270.3999938964844,270.760009765625,2544938
2025-12-19 14:30:00-05:00,270.79998779296875,271.739990234375,270.17498779296875,271.3800048828125,3108119
2025-12-19 15:30:00-05:00,273.6700134277344,274.5762939453125,269.8999938964844,270.80999755859375,8193309
2025-12-22 09:30:00-05:00,272.0150146484375,273.8800048828125,271.57000732421875,272.8599853515625,6084655
2025-12-22 10:30:00-05:00,272.44000244140625,272.79998779296875,271.510009765625,272.0299987792969,2467910
2025-12-22 11:30:00-05:00,271.94000244140625,272.510009765625,271.5199890136719,272.4200134277344,2114933
2025-12-22 12:30:00-05:00,270.9399108886719,272.1400146484375,270.739990234375,271.9200134277344,2226647
2025-12-22 13:30:00-05:00,270.864990234375,271.1400146484375,270.510009765625,270.93499755859375,1960079
2025-12-22 14:30:00-05:00,270.7200012207031,271.1099853515625,270.7149963378906,270.8699951171875,1999793
2025-12-22 15:30:00-05:00,270.82000732421875,271.19989013671875,270.5050048828125,270.7149963378906,2599971
2025-12-23 09:30:00-05:00,270.8399963378906,271.92999267578125,269.55999755859375,270.0,5104762
2025-12-23 10:30:00-05:00,271.7814025878906,271.95001220703125,270.70001220703125,270.8399963378906,2241209
2025-12-23 11:30:00-05:00,271.5299987792969,272.3111877441406,271.4729919433594,271.81500244140625,2086319
2025-12-23 12:30:00-05:00,271.70001220703125,271.80999755859375,271.1099853515625,271.5400085449219,1310733
2025-12-23 13:30:00-05:00,271.80999755859375,272.1199951171875,271.5,271.70001220703125,1442128
2025-12-23 14:30:00-05:00,272.10699462890625,272.44000244140625,271.760009765625,271.80999755859375,1857021
2025-12-23 15:30:00-05:00,272.239990234375,272.45001220703125,271.8399963378906,272.1000061035156,2287709
2025-12-24 09:30:00-05:00,274.03509521484375,274.739990234375,273.0899963378906,273.25,4589623
2025-12-24 10:30:00-05:00,274.85101318359375,275.04998779296875,273.9100036621094,274.0400085449219,2096233
2025-12-24 11:30:00-05:00,275.3599853515625,275.42999267578125,274.8299865722656,274.8599853515625,2055154
2025-12-26 09:30:00-05:00,274.8247985839844,275.3699951171875,274.05999755859375,274.385009765625,2899986
2025-12-26 10:30:00-05:00,274.8800048828125,274.9800109863281,274.3699951171875,274.81500244140625,1434883
2025-12-26 11:30:00-05:00,274.6400146484375,274.93499755859375,274.4100036621094,274.8800048828125,1079100
2025-12-26 12:30:00-05:00,274.5199890136719,274.6499938964844,274.2250061035156,274.6300048828125,903247
2025-12-26 13:30:00-05:00,274.7601013183594,274.9849853515625,274.3800048828125,274.5249938964844,1447341
2025-12-26 14:30:00-05:00,273.9800109863281,274.8299865722656,273.8700866699219,274.7650146484375,1463547
2025-12-26 15:30:00-05:00,273.25,273.989990234375,272.8699951171875,273.9800109863281,2563251
2025-12-29 09:30:00-05:00,273.9543151855469,274.3599853515625,272.3900146484375,272.69000244140625,3705071
2025-12-29 10:30:00-05:00,273.2200012207031,274.0299987792969,272.989990234375,273.95001220703125,1533379
2025-12-29 11:30:00-05:00,273.0400085449219,273.2900085449219,272.8299865722656,273.21881103515625,1203367
2025-12-29 12:30:00-05:00,273.6400146484375,273.6700134277344,272.9502868652344,273.0400085449219,3234552
2025-12-29 13:30:00-05:00,273.67999267578125,274.0,273.44000244140625,273.6300048828125,0
2025-12-29 14:30:00-05:00,273.9028015136719,274.0,273.6700134277344,273.67999267578125,1410063
2025-12-29 15:30:00-05:00,273.79901123046875,273.94000244140625,273.4599914550781,273.9100036621094,1452813
2025-12-30 09:30:00-05:00,272.5899963378906,274.07000732421875,272.3948059082031,274.0,3335833
2025-12-30 10:30:00-05:00,272.85980224609375,273.32000732421875,272.4200134277344,272.5799865722656,1711221
2025-12-30 11:30:00-05:00,272.5899963378906,272.9200134277344,272.2799987792969,272.8299865722656,1582688
2025-12-30 12:30:00-05:00,273.1000061035156,273.19000244140625,272.55999755859375,272.5899963378906,1137372
2025-12-30 13:30:00-05:00,273.3900146484375,273.52178955078125,273.0101013183594,273.1000061035156,1396303
2025-12-30 14:30:00-05:00,273.1650085449219,273.4744873046875,273.0899963378906,273.3800048828125,1396305
2025-12-30 15:30:00-05:00,272.989990234375,273.2550048828125,272.739990234375,273.1600036621094,2121973
2025-12-31 09:30:00-05:00,272.489990234375,273.67999267578125,272.2318115234375,273.04998779296875,2706559
2025-12-31 10:30:00-05:00,272.489990234375,272.5849914550781,271.760009765625,272.4949951171875,1886713
2025-12-31 11:30:00-05:00,272.6700134277344,272.79998779296875,272.2699890136719,272.489990234375,1322310
2025-12-31 12:30:00-05:00,272.625,273.1000061035156,272.54998779296875,272.6600036621094,1445671
2025-12-31 13:30:00-05:00,272.9609069824219,273.42999267578125,272.5799865722656,272.625,1456290
2025-12-31 14:30:00-05:00,272.0799865722656,273.0068054199219,271.9599914550781,272.97021484375,1417798
2025-12-31 15:30:00-05:00,271.8399963378906,272.75,271.75,272.0899963378906,2509865
2026-01-02 09:30:00-05:00,273.3900146484375,277.8247985839844,272.3800048828125,272.69000244140625,7596139
2026-01-02 10:30:00-05:00,270.3245849609375,273.3900146484375,269.8299865722656,273.3699951171875,4078484
2026-01-02 11:30:00-05:00,270.1499938964844,270.9599914550781,269.1099853515625,270.29998779296875,2431873
2026-01-02 12:30:00-05:00,270.0799865722656,270.4800109863281,269.7300109863281,270.17999267578125,1780091
2026-01-02 13:30:00-05:00,270.1300048828125,270.2499084472656,269.0199890136719,270.0899963378906,2020830
2026-01-02 14:30:00-05:00,270.510009765625,270.8399963378906,270.0899963378906,270.1400146484375,2106622
2026-01-02 15:30:00-05:00,270.9800109863281,271.04998779296875,270.3500061035156,270.5299987792969,2650904
2026-01-05 09:30:00-05:00,269.80999755859375,271.17999267578125,267.8599853515625,270.635009765625,7189336
2026-01-05 10:30:00-05:00,268.7900085449219,270.2200012207031,268.70001220703125,269.79998779296875,3119976
2026-01-05 11:30:00-05:00,266.9700012207031,268.8500061035156,266.9200134277344,268.7799987792969,3085098
2026-01-05 12:30:00-05:00,267.4200134277344,267.8900146484375,266.7701110839844,266.989990234375,2496455
2026-01-05 13:30:00-05:00,266.2698974609375,267.6650085449219,266.1400146484375,267.4100036621094,2514491
2026-01-05 14:30:00-05:00,267.0190124511719,267.0400085449219,266.20001220703125,266.2699890136719,2686552
2026-01-05 15:30:00-05:00,267.260009765625,267.739990234375,266.45001220703125,267.0299987792969,2894622
2026-01-06 09:30:00-05:00,264.0299987792969,267.54998779296875,263.0299987792969,267.00799560546875,8140729
2026-01-06 10:30:00-05:00,262.4198913574219,265.1000061035156,262.29998779296875,264.0299987792969,4820286
2026-01-06 11:30:00-05:00,262.8846130371094,263.0,262.2099914550781,262.4200134277344,3187699
2026-01-06 12:30:00-05:00,262.5400085449219,263.79998779296875,262.4901123046875,262.8900146484375,2583269
2026-01-06 13:30:00-05:00,262.87701416015625,263.07000732421875,262.5400085449219,262.92999267578125,2024107
2026-01-06 14:30:00-05:00,262.82000732421875,263.0150146484375,262.260009765625,262.7799987792969,3190757
2026-01-06 15:30:00-05:00,262.42498779296875,262.9601135253906,262.3999938964844,262.8299865722656,2355864
2026-01-07 09:30:00-05:00,262.0299987792969,263.67999267578125,261.2099914550781,263.2699890136719,7368698
2026-01-07 10:30:00-05:00,261.0837097167969,262.2900085449219,260.9100036621094,262.0199890136719,3565599
2026-01-07 11:30:00-05:00,262.3599853515625,262.57000732421875,261.07000732421875,261.0849914550781,3336015
2026-01-07 12:30:00-05:00,261.2200012207031,262.70001220703125,261.0799865722656,262.3699951171875,2890664
2026-01-07 13:30:00-05:00,261.5899963378906,262.20001220703125,261.1300048828125,261.2449951171875,2574362
2026-01-07 14:30:00-05:00,261.3299865722656,262.5199890136719,261.260009765625,261.5899963378906,2727906
2026-01-07 15:30:00-05:00,260.3599853515625,261.3299865722656,259.82000732421875,261.3299865722656,4547876
2026-01-08 09:30:00-05:00,256.7449951171875,257.7699890136719,255.6999969482422,256.375,10183679
2026-01-08 10:30:00-05:00,256.1099853515625,257.19000244140625,255.9499969482422,256.7200927734375,4167093
2026-01-08 11:30:00-05:00,256.7090148925781,258.6000061035156,255.97000122070312,256.1099853515625,3892484
2026-01-08 12:30:00-05:00,257.4800109863281,257.6300048828125,256.5979919433594,256.6900939941406,2448318
2026-01-08 13:30:00-05:00,256.6000061035156,257.5199890136719,256.29998779296875,257.510009765625,2399355
2026-01-08 14:30:00-05:00,258.2799987792969,258.3299865722656,256.3800048828125,256.6050109863281,3537960
2026-01-08 15:30:00-05:00,259.05999755859375,259.2799987792969,257.9601135253906,258.2799987792969,3213685
2026-01-09 09:30:00-05:00,258.4599914550781,260.0,256.2200927734375,259.0,7220053
2026-01-09 10:30:00-05:00,256.9599914550781,258.75,256.8800048828125,258.4599914550781,3212319
2026-01-09 11:30:00-05:00,258.92999267578125,259.05499267578125,256.7663879394531,256.9512939453125,3345096
2026-01-09 12:30:00-05:00,259.1199951171875,259.1600036621094,258.2401123046875,258.9100036621094,2173770
2026-01-09 13:30:00-05:00,259.7300109863281,259.95001220703125,259.010009765625,259.1300048828125,1971968
2026-01-09 14:30:00-05:00,259.9649963378906,260.2099914550781,259.67999267578125,259.7300109863281,2732054
2026-01-09 15:30:00-05:00,259.3500061035156,260.05499267578125,258.95001220703125,259.95001220703125,2303687
2026-01-12 09:30:00-05:00,260.3500061035156,261.29998779296875,256.79998779296875,259.4100036621094,8505619
2026-01-12 10:30:00-05:00,260.2300109863281,260.45001220703125,259.04998779296875,260.364990234375,3280015
2026-01-12 11:30:00-05:00,260.60931396484375,261.1099853515625,259.7099914550781,260.2300109863281,2709473
2026-01-12 12:30:00-05:00,260.8900146484375,261.29998779296875,260.3500061035156,260.6000061035156,2160352
2026-01-12 13:30:00-05:00,260.6400146484375,260.94000244140625,260.19000244140625,260.8909912109375,1974059
2026-01-12 14:30:00-05:00,260.9700012207031,261.19000244140625,260.48529052734375,260.6499938964844,2654547
2026-01-12 15:30:00-05:00,260.2099914550781,261.1300048828125,260.010009765625,260.9599914550781,2380012
2026-01-13 09:30:00-05:00,260.090087890625,261.80999755859375,258.3900146484375,258.7200012207031,8478567
2026-01-13 10:30:00-05:00,259.9100036621094,260.2799072265625,259.489990234375,260.1400146484375,2608808
2026-01-13 11:30:00-05:00,260.8399963378906,261.1600036621094,259.8500061035156,259.8999938964844,2483937
2026-01-13 12:30:00-05:00,259.989990234375,261.44000244140625,259.989990234375,260.8500061035156,2059870
2026-01-13 13:30:00-05:00,259.739990234375,260.6736145019531,259.1499938964844,259.9800109863281,2357708
2026-01-13 14:30:00-05:00,259.0199890136719,259.79998779296875,258.7601013183594,259.7398986816406,1960648
2026-01-13 15:30:00-05:00,261.04998779296875,261.20001220703125,258.8399963378906,259.010009765625,12843144
2026-01-14 09:30:00-05:00,259.75,261.80999755859375,258.82000732421875,259.4800109863281,5147768
2026-01-14 10:30:00-05:00,258.739990234375,260.0,257.8599853515625,259.7550048828125,2978461
2026-01-14 11:30:00-05:00,257.3800048828125,258.80999755859375,256.7099914550781,258.739990234375,2333928
2026-01-14 12:30:00-05:00,257.5299987792969,257.7149963378906,256.9100036621094,257.3900146484375,1604961
2026-01-14 13:30:00-05:00,257.79998779296875,258.1000061035156,257.05499267578125,257.5299987792969,1777225
2026-01-14 14:30:00-05:00,259.9700012207031,259.9800109863281,257.7900085449219,257.79998779296875,2443932
2026-01-14 15:30:00-05:00,259.95001220703125,260.6000061035156,258.6841125488281,259.9800109863281,14485668
2026-01-15 09:30:00-05:00,260.10009765625,261.0299987792969,259.6199951171875,260.6499938964844,5046140
2026-01-15 10:30:00-05:00,260.4949951171875,260.78509521484375,259.19000244140625,260.1400146484375,2795244
2026-01-15 11:30:00-05:00,259.3299865722656,260.6300048828125,259.29998779296875,260.5,2122658
2026-01-15 12:30:00-05:00,259.5299987792969,259.56500244140625,258.0,259.3399963378906,2472715
2026-01-15 13:30:00-05:00,258.32000732421875,259.75,258.260009765625,259.54998779296875,2003848
2026-01-15 14:30:00-05:00,257.6700134277344,258.45001220703125,257.04998779296875,258.3434143066406,3158266
2026-01-15 15:30:00-05:00,258.3299865722656,258.3800048828125,257.1099853515625,257.6575012207031,2733911
2026-01-16 09:30:00-05:00,256.80999755859375,258.8999938964844,256.4601135253906,258.20001220703125,11278805
2026-01-16 10:30:00-05:00,256.4399108886719,256.9200134277344,256.05999755859375,256.80999755859375,2790833
2026-01-16 11:30:00-05:00,255.8300018310547,256.6300048828125,255.82000732421875,256.426513671875,2796717
2026-01-16 12:30:00-05:00,256.0299987792969,256.08990478515625,254.92999267578125,255.8300018310547,3606144
2026-01-16 13:30:00-05:00,256.0,257.1499938964844,255.9149932861328,256.0299987792969,2811980
2026-01-16 14:30:00-05:00,256.17999267578125,256.9700012207031,255.94000244140625,256.0,2648818
2026-01-16 15:30:00-05:00,255.47999572753906,256.4725036621094,255.1300048828125,256.1700134277344,3511559
2026-01-20 09:30:00-05:00,251.61570739746094,254.7899932861328,250.85000610351562,252.50999450683594,9087553
2026-01-20 10:30:00-05:00,251.30499267578125,252.1300048828125,250.69000244140625,251.63999938964844,3367134
2026-01-20 11:30:00-05:00,250.55999755859375,251.58999633789062,250.35000610351562,251.3000030517578,2677257
2026-01-20 12:30:00-05:00,249.19500732421875,250.6999969482422,249.0800018310547,250.52000427246094,2979236
2026-01-20 13:30:00-05:00,247.45249938964844,249.22999572753906,247.4199981689453,249.17999267578125,3351984
2026-01-20 14:30:00-05:00,245.4600067138672,248.17999267578125,245.0800018310547,247.4499969482422,5956327
2026-01-20 15:30:00-05:00,246.67999267578125,246.92999267578125,243.4199981689453,245.4600067138672,10058590
2026-01-21 09:30:00-05:00,247.57000732421875,248.75,246.02999877929688,248.7100067138672,7234453
2026-01-21 10:30:00-05:00,247.3000030517578,248.72000122070312,246.8300018310547,247.57000732421875,3802836
2026-01-21 11:30:00-05:00,245.8300018310547,247.36000061035156,245.19000244140625,247.30999755859375,3521906
2026-01-21 12:30:00-05:00,245.8800048828125,246.47000122070312,245.5800018310547,245.82009887695312,2014674
2026-01-21 13:30:00-05:00,247.1103057861328,247.33999633789062,245.5,245.8800048828125,2357430
2026-01-21 14:30:00-05:00,248.38279724121094,251.55999755859375,247.10000610351562,247.1300048828125,7875948
2026-01-21 15:30:00-05:00,247.6300048828125,248.5800018310547,246.83999633789062,248.38999938964844,4345116
2026-01-22 09:30:00-05:00,250.1300048828125,250.7799072265625,248.38499450683594,249.36000061035156,7300630
2026-01-22 10:30:00-05:00,249.6999053955078,250.16000366210938,249.0,250.14999389648438,3165743
2026-01-22 11:30:00-05:00,249.74000549316406,249.89999389648438,249.25999450683594,249.69500732421875,1884417
2026-01-22 12:30:00-05:00,250.67999267578125,250.82000732421875,249.72999572753906,249.75,1833609
2026-01-22 13:30:00-05:00,250.52000427246094,251.0,249.75010681152344,250.6699981689453,2047891
2026-01-22 14:30:00-05:00,248.3699951171875,250.625,248.26510620117188,250.50999450683594,3355209
2026-01-22 15:30:00-05:00,248.33999633789062,248.9199981689453,248.17999267578125,248.33999633789062,2783413
2026-01-23 09:30:00-05:00,247.01010131835938,247.24000549316406,244.67999267578125,247.24000549316406,7601136
2026-01-23 10:30:00-05:00,248.35000610351562,249.41000366210938,246.97000122070312,247.02000427246094,3278816
2026-01-23 11:30:00-05:00,248.73989868164062,248.8000030517578,247.8800048828125,248.3699951171875,2265060
2026-01-23 12:30:00-05:00,247.92999267578125,248.80990600585938,247.61000061035156,248.72000122070312,1917334
2026-01-23 13:30:00-05:00,247.47500610351562,248.0299072265625,246.97000122070312,247.9600067138672,2288849
2026-01-23 14:30:00-05:00,248.19000244140625,248.47000122070312,247.40499877929688,247.47000122070312,1941323
2026-01-23 15:30:00-05:00,247.97000122070312,248.85000610351562,247.7449951171875,248.19000244140625,2635711
2026-01-26 09:30:00-05:00,254.0399932861328,254.88999938964844,249.8000030517578,251.47999572753906,9810606
2026-01-26 10:30:00-05:00,255.0998992919922,255.5,253.9199981689453,254.0399932861328,4941159
2026-01-26 11:30:00-05:00,254.5,255.4199981689453,254.25999450683594,255.0850067138672,3015226
2026-01-26 12:30:00-05:00,254.64999389648438,254.75,254.0800018310547,254.47000122070312,1861533
2026-01-26 13:30:00-05:00,255.94000244140625,255.97000122070312,254.32000732421875,254.63999938964844,3013817
2026-01-26 14:30:00-05:00,255.72500610351562,256.55999755859375,255.47000122070312,255.92999267578125,3495145
2026-01-26 15:30:00-05:00,255.4199981689453,255.99000549316406,254.89999389648438,255.72999572753906,14219113
2026-01-27 09:30:00-05:00,259.8450012207031,261.95001220703125,258.6600036621094,259.1400146484375,10912773
2026-01-27 10:30:00-05:00,260.7200012207031,261.3900146484375,259.760009765625,259.8599853515625,3262895
2026-01-27 11:30:00-05:00,261.30999755859375,261.3599853515625,260.4700012207031,260.7200012207031,2175987
2026-01-27 12:30:00-05:00,260.2550048828125,261.3500061035156,260.2301025390625,261.30010986328125,1989091
2026-01-27 13:30:00-05:00,259.875,260.3599853515625,259.5199890136719,260.2699890136719,2504629
2026-01-27 14:30:00-05:00,259.3800048828125,260.0400085449219,259.1499938964844,259.875,2602286
2026-01-27 15:30:00-05:00,258.2799987792969,259.67498779296875,258.2099914550781,259.385009765625,2715151
2026-01-28 09:30:00-05:00,256.0899963378906,258.8550109863281,255.21499633789062,257.55999755859375,6604210
2026-01-28 10:30:00-05:00,255.49000549316406,256.7099914550781,255.25999450683594,256.05999755859375,2745774
2026-01-28 11:30:00-05:00,254.82000732421875,255.47999572753906,254.66000366210938,255.47000122070312,2230506
2026-01-28 12:30:00-05:00,255.2550048828125,255.38999938964844,254.50999450683594,254.8000030517578,1683148
2026-01-28 13:30:00-05:00,255.11000061035156,255.8800048828125,254.77999877929688,255.25999450683594,1899457
2026-01-28 14:30:00-05:00,256.4750061035156,256.6400146484375,255.0500030517578,255.0800018310547,3391568
2026-01-28 15:30:00-05:00,256.44000244140625,256.8999938964844,255.92999267578125,256.4599914550781,3092338
2026-01-29 09:30:00-05:00,256.8999938964844,259.6499938964844,255.49000549316406,258.07000732421875,7282171
2026-01-29 10:30:00-05:00,256.1700134277344,257.0400085449219,254.41000366210938,256.8900146484375,4801889
2026-01-29 11:30:00-05:00,257.2200012207031,257.4100036621094,255.1199951171875,256.1300048828125,3524580
2026-01-29 12:30:00-05:00,257.3800048828125,257.6700134277344,256.54998779296875,257.20001220703125,3232719
2026-01-29 13:30:00-05:00,258.1449890136719,258.1816101074219,257.1600036621094,257.364990234375,3079026
2026-01-29 14:30:00-05:00,258.2950134277344,258.5683898925781,257.7401123046875,258.1449890136719,4240841
2026-01-29 15:30:00-05:00,258.17498779296875,259.3500061035156,257.75,258.30999755859375,5837763
2026-01-30 09:30:00-05:00,254.0,258.70001220703125,252.17999267578125,255.1649932861328,18411294
2026-01-30 10:30:00-05:00,254.9199981689453,254.9499969482422,253.69500732421875,254.0800018310547,595102
2026-02-02 13:30:00-05:00,267.17999267578125,267.3500061035156,266.6199951171875,266.7900085449219,7990643
2026-02-02 14:30:00-05:00,268.9800109863281,269.56988525390625,266.82000732421875,267.125,6110168
2026-02-02 15:30:00-05:00,269.9599914550781,270.489990234375,268.8399963378906,268.9750061035156,6031354
2026-02-03 09:30:00-05:00,269.885009765625,271.5799865722656,267.69000244140625,269.1300048828125,9032813
2026-02-03 10:30:00-05:00,268.8949890136719,271.2850036621094,267.6099853515625,269.8500061035156,5335029
2026-02-03 11:30:00-05:00,268.8999938964844,270.5,268.2900085449219,268.8999938964844,3977028
2026-02-03 12:30:00-05:00,269.3399963378906,270.3699951171875,268.7550048828125,268.8900146484375,3592052
2026-02-03 13:30:00-05:00,271.4800109863281,271.875,268.8500061035156,269.3349914550781,4426151
2026-02-03 14:30:00-05:00,269.2099914550781,271.70001220703125,268.6700134277344,271.4700012207031,3448770
2026-02-03 15:30:00-05:00,269.4599914550781,270.04998779296875,268.8399963378906,269.2149963378906,3048085
2026-02-04 09:30:00-05:00,276.1000061035156,278.80999755859375,272.2850036621094,272.30999755859375,14363169
2026-02-04 10:30:00-05:00,277.21380615234375,277.3900146484375,275.29998779296875,276.125,5901048
2026-02-04 11:30:00-05:00,275.25,277.260009765625,273.8999938964844,277.1935119628906,5657904
2026-02-04 12:30:00-05:00,275.6000061035156,276.114990234375,273.1400146484375,275.2699890136719,5072262
2026-02-04 13:30:00-05:00,274.9100036621094,275.760009765625,274.3500061035156,275.6199951171875,3128540
2026-02-04 14:30:00-05:00,277.6099853515625,278.0799865722656,274.8299865722656,274.90020751953125,5267006
2026-02-04 15:30:00-05:00,276.4599914550781,278.95001220703125,276.3599853515625,277.6099853515625,7312922
2026-02-05 09:30:00-05:00,276.7850036621094,279.44000244140625,273.2300109863281,278.0199890136719,9310150
2026-02-05 10:30:00-05:00,275.2200012207031,277.3999938964844,273.2900085449219,276.7900085449219,4526349
2026-02-05 11:30:00-05:00,274.739990234375,275.5,273.5249938964844,275.2900085449219,2531820
2026-02-05 12:30:00-05:00,274.32000732421875,274.9800109863281,273.9100036621094,274.7200012207031,1764770
2026-02-05 13:30:00-05:00,277.0450134277344,277.57000732421875,274.114990234375,274.260009765625,2995492
2026-02-05 14:30:00-05:00,276.6300048828125,277.7200012207031,276.085693359375,277.06500244140625,3087121
2026-02-05 15:30:00-05:00,275.9200134277344,276.9100036621094,275.3500061035156,276.6300048828125,3990713
2026-02-06 09:30:00-05:00,279.2900085449219,280.9049987792969,277.0,277.1600036621094,10301776
2026-02-06 10:30:00-05:00,279.114990234375,279.95001220703125,278.53021240234375,279.29998779296875,3913103
2026-02-06 11:30:00-05:00,278.67999267578125,279.7749938964844,278.239990234375,279.1000061035156,3039580
2026-02-06 12:30:00-05:00,277.7749938964844,278.79998779296875,277.4901123046875,278.7099914550781,2618460
2026-02-06 13:30:00-05:00,277.1300048828125,277.9599914550781,276.92498779296875,277.79998779296875,2548586
2026-02-06 14:30:00-05:00,277.6600036621094,278.75,276.9949951171875,277.1300048828125,3186499
2026-02-06 15:30:00-05:00,278.0799865722656,279.010009765625,277.57000732421875,277.6549987792969,3255323
2026-02-09 09:30:00-05:00,273.08270263671875,278.20001220703125,273.04998779296875,277.9049987792969,6334544
2026-02-09 10:30:00-05:00,273.398193359375,273.75,272.7699890136719,273.0899963378906,2792572
2026-02-09 11:30:00-05:00,272.0115051269531,273.79998779296875,271.70001220703125,273.3699951171875,3245579
2026-02-09 12:30:00-05:00,271.9800109863281,272.3399963378906,271.7699890136719,272.0400085449219,1937150
2026-02-09 13:30:00-05:00,273.6199951171875,273.7099914550781,271.8399963378906,271.9800109863281,2566471
2026-02-09 14:30:00-05:00,274.0400085449219,274.25,272.9150085449219,273.6300048828125,2368415
2026-02-09 15:30:00-05:00,274.5400085449219,275.1199951171875,273.510009765625,274.0299987792969,3837569
2026-02-10 09:30:00-05:00,274.4200134277344,275.3599853515625,273.2099914550781,274.885009765625,4751268
2026-02-10 10:30:00-05:00,274.05999755859375,274.9100036621094,273.989990234375,274.3900146484375,1866180
2026-02-10 11:30:00-05:00,273.3500061035156,274.0498962402344,272.94000244140625,274.0199890136719,2051404
2026-02-10 12:30:00-05:00,274.05499267578125,274.19000244140625,273.1499938964844,273.3500061035156,1646593
2026-02-10 13:30:00-05:00,273.9649963378906,274.2699890136719,273.6600036621094,274.05499267578125,1371940
2026-02-10 14:30:00-05:00,274.07000732421875,274.29998779296875,273.5199890136719,273.9700012207031,1515644
2026-02-10 15:30:00-05:00,273.7900085449219,274.489990234375,273.30999755859375,274.0799865722656,2174373
2026-02-11 09:30:00-05:00,277.05010986328125,277.44000244140625,274.45001220703125,274.69500732421875,9496956
2026-02-11 10:30:00-05:00,278.19000244140625,279.9800109863281,277.0400085449219,277.1000061035156,4696556
2026-02-11 11:30:00-05:00,279.94500732421875,280.17999267578125,278.1600036621094,278.19000244140625,2685096
2026-02-11 12:30:00-05:00,278.9599914550781,280.1499938964844,278.5,279.910400390625,1893097
2026-02-11 13:30:00-05:00,279.5799865722656,279.6700134277344,278.5,278.93499755859375,1790251
2026-02-11 14:30:00-05:00,276.04998779296875,279.5899963378906,274.81060791015625,279.5799865722656,6599667
2026-02-11 15:30:00-05:00,275.5400085449219,276.54998779296875,275.4599914550781,276.010009765625,2931248
2026-02-12 09:30:00-05:00,271.25,275.7200012207031,270.05999755859375,275.6000061035156,7475539
2026-02-12 10:30:00-05:00,266.1700134277344,271.75,266.1499938964844,271.260009765625,5405536
2026-02-12 11:30:00-05:00,264.6000061035156,267.0400085449219,264.4200134277344,266.19000244140625,4717401
2026-02-12 12:30:00-05:00,262.3299865722656,264.6499938964844,260.17999267578125,264.57000732421875,7147306
2026-02-12 13:30:00-05:00,261.7799987792969,262.6700134277344,261.2300109863281,262.30999755859375,4007694
2026-02-12 14:30:00-05:00,261.489990234375,262.489990234375,261.1000061035156,261.7699890136719,3918342
2026-02-12 15:30:00-05:00,261.5899963378906,262.510009765625,260.2799987792969,261.4800109863281,5638818
2026-02-13 09:30:00-05:00,260.5950012207031,262.2300109863281,258.79998779296875,262.010009765625,9803254
2026-02-13 10:30:00-05:00,259.2875061035156,261.489990234375,258.3699951171875,260.5799865722656,3397399
2026-02-13 11:30:00-05:00,259.5899963378906,260.2099914550781,258.6000061035156,259.2984924316406,2315506
2026-02-13 12:30:00-05:00,258.9100036621094,260.2699890136719,258.7699890136719,259.5899963378906,2742312
2026-02-13 13:30:00-05:00,258.4599914550781,259.30999755859375,258.2799987792969,258.94000244140625,2401615
2026-02-13 14:30:00-05:00,255.91000366210938,258.7300109863281,255.8173065185547,258.4800109863281,3979292
2026-02-13 15:30:00-05:00,255.82000732421875,256.6600036621094,255.4499969482422,255.91000366210938,6720926
2026-02-17 09:30:00-05:00,259.6400146484375,261.3900146484375,255.55299377441406,258.04998779296875,8096132
2026-02-17 10:30:00-05:00,260.2650146484375,260.9800109863281,258.739990234375,259.6300048828125,3490944
2026-02-17 11:30:00-05:00,261.84991455078125,262.2300109863281,259.92999267578125,260.2550048828125,3136235
2026-02-17 12:30:00-05:00,263.3999938964844,263.67999267578125,260.9100036621094,261.8500061035156,3395782
2026-02-17 13:30:00-05:00,265.2850036621094,266.2900085449219,263.32000732421875,263.4599914550781,4164675
2026-02-17 14:30:00-05:00,264.2900085449219,266.14990234375,264.0201110839844,265.260009765625,2825612
2026-02-17 15:30:00-05:00,263.75,264.5299987792969,262.5,264.2950134277344,4178204
2026-02-18 09:30:00-05:00,265.398193359375,265.6499938964844,262.45001220703125,263.5,7797779
2026-02-18 10:30:00-05:00,266.0400085449219,266.0899963378906,265.0400085449219,265.3900146484375,2372744
2026-02-18 11:30:00-05:00,265.4200134277344,266.82000732421875,265.1700134277344,266.0249938964844,1840765
2026-02-18 12:30:00-05:00,265.39990234375,265.9599914550781,265.0,265.4100036621094,1335418
2026-02-18 13:30:00-05:00,264.57000732421875,265.5790100097656,264.52301025390625,265.3800048828125,1312561
2026-02-18 14:30:00-05:00,263.739990234375,264.6299133300781,263.2099914550781,264.5950012207031,1727473
2026-02-18 15:30:00-05:00,264.32000732421875,265.5299987792969,263.739990234375,263.739990234375,3105119
2026-02-19 09:30:00-05:00,262.8699951171875,264.3500061035156,262.2900085449219,262.6000061035156,4372727
2026-02-19 10:30:00-05:00,263.6199951171875,264.4800109863281,262.7601013183594,262.8800048828125,1726762
2026-02-19 11:30:00-05:00,262.94000244140625,264.1400146484375,262.6900939941406,263.6700134277344,1785992
2026-02-19 12:30:00-05:00,261.7699890136719,263.05999755859375,261.4200134277344,262.8999938964844,1237800
2026-02-19 13:30:00-05:00,261.5400085449219,262.368896484375,261.5,261.739990234375,1203819
2026-02-19 14:30:00-05:00,260.760009765625,261.6700134277344,260.2699890136719,261.510009765625,1954329
2026-02-19 15:30:00-05:00,260.510009765625,261.29998779296875,260.04998779296875,260.760009765625,2956715
2026-02-20 09:30:00-05:00,260.57049560546875,262.3500061035156,258.1600036621094,258.9549865722656,6967496
2026-02-20 10:30:00-05:00,261.42999267578125,263.260009765625,260.2773132324219,260.54998779296875,2960036
2026-02-20 11:30:00-05:00,262.29998779296875,264.75,261.2300109863281,261.4200134277344,3078479
2026-02-20 12:30:00-05:00,263.6099853515625,263.92999267578125,261.6099853515625,262.2695007324219,2014188
2026-02-20 13:30:00-05:00,264.42999267578125,264.7300109863281,263.1600036621094,263.57501220703125,1630010
2026-02-20 14:30:00-05:00,263.3301086425781,264.7099914550781,263.2850036621094,264.44000244140625,1887447
2026-02-20 15:30:00-05:00,264.5899963378906,264.7449951171875,263.0899963378906,263.3450012207031,13540364
2026-02-23 09:30:00-05:00,267.04998779296875,267.739990234375,263.3810119628906,263.489990234375,7631864
2026-02-23 10:30:00-05:00,266.5899963378906,267.5299072265625,264.75,267.0899963378906,1006448
2026-02-23 11:30:00-05:00,267.1297912597656,267.34588623046875,265.8399963378906,266.57000732421875,2169664
2026-02-23 12:30:00-05:00,269.3349914550781,269.3699951171875,266.8612060546875,267.10699462890625,2699181
2026-02-23 13:30:00-05:00,267.29998779296875,269.42999267578125,267.25,269.3399963378906,2303781
2026-02-23 14:30:00-05:00,266.7799987792969,267.3299865722656,266.2799987792969,267.2701110839844,2444216
2026-02-23 15:30:00-05:00,266.3900146484375,267.20001220703125,265.989990234375,266.80999755859375,2450818
2026-02-24 09:30:00-05:00,273.6700134277344,274.8900146484375,267.739990234375,268.0,8122809
2026-02-24 10:30:00-05:00,273.2200012207031,274.82000732421875,272.3599853515625,273.67999267578125,10039980
2026-02-24 11:30:00-05:00,272.510009765625,273.239990234375,271.989990234375,273.2250061035156,0
2026-02-24 12:30:00-05:00,271.5950012207031,272.7900085449219,271.5950012207031,272.489990234375,1641925
2026-02-24 13:30:00-05:00,272.2900085449219,272.54998779296875,271.3699951171875,271.6000061035156,1871775
2026-02-24 14:30:00-05:00,271.909912109375,272.7200012207031,271.3800048828125,272.2799987792969,2122079
2026-02-24 15:30:00-05:00,272.1700134277344,272.4299011230469,271.4800109863281,271.9100036621094,13328406
2026-02-25 09:30:00-05:00,273.6300048828125,274.0799865722656,271.04998779296875,271.67999267578125,5230897
2026-02-25 10:30:00-05:00,273.9649963378906,274.58990478515625,272.9200134277344,273.6300048828125,2463949
2026-02-25 11:30:00-05:00,273.6099853515625,274.06988525390625,272.9599914550781,273.9150085449219,1694059
2026-02-25 12:30:00-05:00,274.3500061035156,274.6300048828125,273.4200134277344,273.6099853515625,1522519
2026-02-25 13:30:00-05:00,274.4100036621094,274.94000244140625,274.17999267578125,274.3299865722656,1635951
2026-02-25 14:30:00-05:00,273.75,274.5400085449219,273.2099914550781,274.4100036621094,1879899
2026-02-25 15:30:00-05:00,274.17999267578125,274.7200012207031,273.625,273.7200012207031,2422723
2026-02-26 09:30:00-05:00,272.0,276.1099853515625,270.8399963378906,274.9549865722656,5054219
2026-02-26 10:30:00-05:00,272.5400085449219,272.78509521484375,270.7950134277344,271.9200134277344,2579542
2026-02-26 11:30:00-05:00,271.760009765625,272.7300109863281,271.5126953125,272.5299987792969,1300410
2026-02-26 12:30:00-05:00,271.3900146484375,272.0249938964844,270.9100036621094,271.7550048828125,1189482
2026-02-26 13:30:00-05:00,272.79998779296875,272.94000244140625,270.8529968261719,271.4100036621094,1838921
2026-02-26 14:30:00-05:00,272.6300048828125,273.5,272.5799865722656,272.80499267578125,1756013
2026-02-26 15:30:00-05:00,272.989990234375,273.07000732421875,272.20001220703125,272.6449890136719,1906660
2026-02-27 09:30:00-05:00,268.5050048828125,272.80999755859375,268.29998779296875,272.80999755859375,8446879
2026-02-27 10:30:00-05:00,269.05499267578125,269.6400146484375,268.1919860839844,268.4700927734375,0
2026-02-27 11:30:00-05:00,267.8841857910156,269.5199890136719,267.2699890136719,269.07000732421875,1958841
2026-02-27 12:30:00-05:00,265.9508056640625,268.260009765625,265.8800048828125,267.8699951171875,8433506
2026-02-27 13:30:00-05:00,265.7300109863281,266.4800109863281,265.4801025390625,265.95001220703125,0
2026-02-27 14:30:00-05:00,266.6400146484375,266.8999938964844,265.260009765625,265.7300109863281,2562786
2026-02-27 15:30:00-05:00,264.1700134277344,266.6300048828125,262.8900146484375,266.6300048828125,9125681
2026-03-02 09:30:00-05:00,263.80999755859375,264.5398864746094,260.20001220703125,262.44000244140625,9648357
2026-03-02 10:30:00-05:00,264.3599853515625,265.0299987792969,262.0,263.82000732421875,439306
2026-03-02 11:30:00-05:00,266.0,266.20001220703125,264.0,264.3599853515625,2203439
2026-03-02 12:30:00-05:00,265.5,266.2900085449219,265.25,265.9949951171875,1644931
2026-03-02 13:30:00-05:00,266.05999755859375,266.1499938964844,264.3599853515625,265.52801513671875,6993135
2026-03-02 14:30:00-05:00,264.30999755859375,266.5299987792969,264.1400146484375,266.0450134277344,3422545
2026-03-02 15:30:00-05:00,264.6000061035156,265.54998779296875,263.6099853515625,264.31500244140625,5738581
2026-03-03 09:30:00-05:00,262.260009765625,265.55999755859375,261.2200012207031,263.4800109863281,8047558
2026-03-03 10:30:00-05:00,262.57000732421875,263.94000244140625,261.9100036621094,262.2799987792969,4016845
2026-03-03 11:30:00-05:00,261.80999755859375,263.7799987792969,261.5799865722656,262.4800109863281,2940122
2026-03-03 12:30:00-05:00,261.4800109863281,261.8699951171875,260.1300048828125,261.79998779296875,2901307
2026-03-03 13:30:00-05:00,263.6549987792969,263.9100036621094,261.3699951171875,261.44000244140625,2917518
2026-03-03 14:30:00-05:00,263.2799987792969,264.614990234375,262.510009765625,263.6700134277344,2571377
2026-03-03 15:30:00-05:00,263.6889953613281,263.9599914550781,262.3399963378906,263.239990234375,4138461
2026-03-04 09:30:00-05:00,264.1300048828125,266.1499938964844,261.4200134277344,264.6499938964844,7214854
2026-03-04 10:30:00-05:00,264.5299987792969,264.7200012207031,262.81500244140625,264.125,3576211
2026-03-04 11:30:00-05:00,264.8999938964844,265.510009765625,264.29998779296875,264.5199890136719,3050842
2026-03-04 12:30:00-05:00,263.7799987792969,265.3599853515625,263.3399963378906,264.9100036621094,2827303
2026-03-04 13:30:00-05:00,263.3500061035156,264.19500732421875,263.05999755859375,263.79998779296875,2889009
2026-03-04 14:30:00-05:00,262.7300109863281,263.67999267578125,262.0599060058594,263.3399963378906,3383632
2026-03-04 15:30:00-05:00,262.45001220703125,263.1600036621094,262.16461181640625,262.7099914550781,4837636
2026-03-05 09:30:00-05:00,258.8699951171875,261.45001220703125,258.5400085449219,260.7449951171875,10468747
2026-03-05 10:30:00-05:00,260.7550048828125,261.2250061035156,258.07501220703125,258.9100036621094,4851072
2026-03-05 11:30:00-05:00,259.0199890136719,261.55499267578125,258.9700012207031,260.760009765625,3933354
2026-03-05 12:30:00-05:00,258.9090881347656,259.489990234375,258.4949951171875,259.0400085449219,3426289
2026-03-05 13:30:00-05:00,257.8599853515625,259.17999267578125,257.760009765625,258.9200134277344,3356489
2026-03-05 14:30:00-05:00,258.69000244140625,259.489990234375,257.25,257.8450012207031,4038383
2026-03-05 15:30:00-05:00,260.260009765625,260.55999755859375,258.4100036621094,258.67999267578125,7022514
2026-03-06 09:30:00-05:00,256.70001220703125,258.760009765625,254.3699951171875,258.739990234375,8565069
2026-03-06 10:30:00-05:00,257.25,257.95001220703125,256.0799865722656,256.69500732421875,3270567
2026-03-06 11:30:00-05:00,256.7699890136719,257.489990234375,256.3900146484375,257.29998779296875,3297640
2026-03-06 12:30:00-05:00,256.4750061035156,257.5899963378906,256.05999755859375,256.7699890136719,2387760
2026-03-06 13:30:00-05:00,257.17999267578125,257.2300109863281,255.91000366210938,256.4750061035156,2090262
2026-03-06 14:30:00-05:00,256.9100036621094,257.96990966796875,256.8005065917969,257.1700134277344,2795477
2026-03-06 15:30:00-05:00,257.44000244140625,258.010009765625,256.44000244140625,256.9200134277344,5129423
2026-03-09 09:30:00-04:00,255.7100067138672,257.0198974609375,253.6804962158203,255.69000244140625,7181497
2026-03-09 10:30:00-04:00,257.7300109863281,257.8800048828125,255.6300048828125,255.66000366210938,3727402
2026-03-09 11:30:00-04:00,257.57000732421875,258.2699890136719,257.1499938964844,257.7200012207031,3050497
2026-03-09 12:30:00-04:00,256.6300048828125,258.0899963378906,256.5400085449219,257.5799865722656,2401092
2026-03-09 13:30:00-04:00,257.1499938964844,257.364990234375,255.9499969482422,256.6499938964844,2688859
2026-03-09 14:30:00-04:00,259.4800109863281,259.57000732421875,256.5199890136719,257.1317138671875,4105990
2026-03-09 15:30:00-04:00,259.8900146484375,261.1499938964844,259.010009765625,259.4599914550781,4821540
2026-03-10 09:30:00-04:00,259.9700012207031,260.25,256.95001220703125,257.69500732421875,5290551
2026-03-10 10:30:00-04:00,261.30999755859375,261.7799987792969,259.9150085449219,259.9400939941406,3031430
2026-03-10 11:30:00-04:00,261.8699951171875,261.9800109863281,261.0,261.29998779296875,2380233
2026-03-10 12:30:00-04:00,262.20001220703125,262.4800109863281,260.82000732421875,261.8900146484375,2603212
2026-03-10 13:30:00-04:00,261.6700134277344,262.4800109863281,260.4700012207031,262.19000244140625,3001027
2026-03-10 14:30:00-04:00,260.5050048828125,261.9700012207031,260.42999267578125,261.70001220703125,2377024
2026-03-10 15:30:00-04:00,260.7200012207031,261.20001220703125,260.35009765625,260.4700012207031,3231160
2026-03-11 09:30:00-04:00,259.9949951171875,262.1300048828125,259.54998779296875,261.2099914550781,4281023
2026-03-11 10:30:00-04:00,260.1000061035156,260.9599914550781,259.8599853515625,260.0,2604285
2026-03-11 11:30:00-04:00,260.6449890136719,260.8680114746094,259.8500061035156,260.1199951171875,1954747
2026-03-11 12:30:00-04:00,261.02508544921875,261.20001220703125,260.5,260.6199951171875,1517902
2026-03-11 13:30:00-04:00,260.1099853515625,261.1300048828125,259.6300048828125,261.0400085449219,1845686
2026-03-11 14:30:00-04:00,260.1317138671875,260.3999938964844,259.80999755859375,260.1000061035156,1606862
2026-03-11 15:30:00-04:00,260.80999755859375,261.1000061035156,260.0400085449219,260.1400146484375,3235002
2026-03-12 09:30:00-04:00,254.6699981689453,258.95001220703125,254.6699981689453,258.6400146484375,7250332
2026-03-12 10:30:00-04:00,255.35499572753906,255.7899932861328,254.35000610351562,254.66000366210938,3974410
2026-03-12 11:30:00-04:00,255.65780639648438,256.25,254.17999267578125,255.3300018310547,3679550
2026-03-12 12:30:00-04:00,255.0500030517578,255.9499969482422,254.77000427246094,255.6300048828125,3104437
2026-03-12 13:30:00-04:00,255.39500427246094,255.67999267578125,254.80999755859375,255.04010009765625,2746542
2026-03-12 14:30:00-04:00,256.0899963378906,256.25,254.88999938964844,255.3699951171875,3162742
2026-03-12 15:30:00-04:00,255.75,256.2051086425781,254.97000122070312,256.09991455078125,4532523
2026-03-13 09:30:00-04:00,255.4250030517578,256.3299865722656,254.6407012939453,255.39999389648438,5452768
2026-03-13 10:30:00-04:00,253.3007049560547,255.80999755859375,253.27000427246094,255.42999267578125,3280492
2026-03-13 11:30:00-04:00,252.65499877929688,253.50999450683594,251.85000610351562,253.3300018310547,3395163
2026-03-13 12:30:00-04:00,251.17999267578125,252.97000122070312,250.9600067138672,252.63999938964844,4343212
2026-03-13 13:30:00-04:00,251.26400756835938,251.65750122070312,250.779296875,251.18499755859375,2493737
2026-03-13 14:30:00-04:00,250.2949981689453,251.84500122070312,250.2100067138672,251.25999450683594,3296194
2026-03-13 15:30:00-04:00,250.11500549316406,250.6199951171875,249.52000427246094,250.27999877929688,6367474
2026-03-16 09:30:00-04:00,253.2357940673828,253.58999633789062,249.91000366210938,252.10499572753906,4604631
2026-03-16 10:30:00-04:00,253.01499938964844,253.88499450683594,252.9199981689453,253.22000122070312,2784630
2026-03-16 11:30:00-04:00,252.36500549316406,253.5399932861328,252.20010375976562,253.00999450683594,1738509
2026-03-16 12:30:00-04:00,252.92999267578125,253.3300018310547,252.1999969482422,252.35000610351562,1437485
2026-03-16 13:30:00-04:00,252.9199981689453,253.05999755859375,252.1300048828125,252.94000244140625,1544256
2026-03-16 14:30:00-04:00,252.86199951171875,253.44000244140625,252.27000427246094,252.9219970703125,1954982
2026-03-16 15:30:00-04:00,252.77999877929688,253.05999755859375,252.11000061035156,252.83999633789062,2287594
2026-03-17 09:30:00-04:00,254.44000244140625,255.0749969482422,252.17999267578125,253.07850646972656,3494086
2026-03-17 10:30:00-04:00,254.1699981689453,254.9499969482422,253.80079650878906,254.47999572753906,1412006
2026-03-17 11:30:00-04:00,254.86000061035156,255.12989807128906,253.66000366210938,254.14999389648438,1738870
2026-03-17 12:30:00-04:00,253.9199981689453,255.02999877929688,253.55999755859375,254.8699951171875,6074290
2026-03-17 13:30:00-04:00,254.10000610351562,254.6300048828125,253.88499450683594,253.91000366210938,0
2026-03-17 14:30:00-04:00,253.77000427246094,254.3300018310547,253.13009643554688,254.09500122070312,1332707
2026-03-17 15:30:00-04:00,254.22999572753906,254.5800018310547,253.67999267578125,253.77999877929688,1930468
2026-03-18 09:30:00-04:00,252.35499572753906,254.94000244140625,251.3800048828125,252.625,3152133
2026-03-18 10:30:00-04:00,252.3199005126953,253.05999755859375,252.0800018310547,252.33999633789062,2064997
2026-03-18 11:30:00-04:00,251.57009887695312,252.3300018310547,251.4600067138672,252.30999755859375,1753188
2026-03-18 12:30:00-04:00,250.80499267578125,251.58999633789062,250.38999938964844,251.5749969482422,1604382
2026-03-18 13:30:00-04:00,250.9600067138672,251.64759826660156,250.5399932861328,250.7899932861328,1514045
2026-03-18 14:30:00-04:00,249.67999267578125,250.94500732421875,249.61000061035156,250.94000244140625,1957409
2026-03-18 15:30:00-04:00,249.91000366210938,250.35000610351562,249.0,249.69400024414062,2998677
2026-03-19 09:30:00-04:00,249.8000030517578,251.8300018310547,247.3000030517578,249.39999389648438,5282204
2026-03-19 10:30:00-04:00,249.41000366210938,250.7100067138672,249.14010620117188,249.80099487304688,1824930
2026-03-19 11:30:00-04:00,249.25999450683594,249.95260620117188,248.8800048828125,249.41000366210938,1704879
2026-03-19 12:30:00-04:00,248.2801055908203,249.4199981689453,247.7100067138672,249.27499389648438,7064876
2026-03-19 13:30:00-04:00,248.02200317382812,248.5299072265625,247.6699981689453,248.2949981689453,0
2026-03-19 14:30:00-04:00,248.47000122070312,249.58999633789062,247.6699981689453,248.00999450683594,2599457
2026-03-19 15:30:00-04:00,248.90699768066406,249.3300018310547,248.2899932861328,248.44000244140625,2408615
2026-03-20 09:30:00-04:00,247.75999450683594,248.75999450683594,246.61000061035156,248.11000061035156,16388329
2026-03-20 10:30:00-04:00,247.98500061035156,248.85000610351562,247.16009521484375,247.80999755859375,6539448
2026-03-20 11:30:00-04:00,248.6199951171875,249.05999755859375,247.86000061035156,247.9499969482422,2911321
2026-03-20 12:30:00-04:00,248.27000427246094,248.7899932861328,248.0800018310547,248.6300048828125,2570162
2026-03-20 13:30:00-04:00,248.0399932861328,248.75990295410156,247.5301055908203,248.2899932861328,2895312
2026-03-20 14:30:00-04:00,248.08999633789062,249.1999053955078,247.58999633789062,248.08999633789062,3994932
2026-03-20 15:30:00-04:00,248.19000244140625,248.1999969482422,246.0,248.08999633789062,6366085
2026-03-23 09:30:00-04:00,252.4398956298828,254.55999755859375,251.02000427246094,253.99000549316406,9464664
2026-03-23 10:30:00-04:00,252.57989501953125,252.9199981689453,251.52999877929688,252.4199981689453,3394637
2026-03-23 11:30:00-04:00,250.80499267578125,252.90499877929688,250.6750030517578,252.58999633789062,4431092
2026-03-23 12:30:00-04:00,250.9199981689453,251.75,250.27999877929688,250.80999755859375,2569031
2026-03-23 13:30:00-04:00,251.3300018310547,251.98500061035156,250.89999389648438,250.9550018310547,2523158
2026-03-23 14:30:00-04:00,251.76499938964844,252.4149932861328,251.3699951171875,251.3699951171875,2979367
2026-03-23 15:30:00-04:00,251.44000244140625,252.52499389648438,250.97000122070312,251.76499938964844,4373303
2026-03-24 09:30:00-04:00,252.47000122070312,253.1199951171875,249.5500030517578,250.49000549316406,5324672
2026-03-24 10:30:00-04:00,253.98500061035156,254.1699981689453,251.74000549316406,252.44000244140625,4425199
2026-03-24 11:30:00-04:00,254.58999633789062,254.8249969482422,253.38490295410156,253.97999572753906,2900185
2026-03-24 12:30:00-04:00,253.05999755859375,254.7100067138672,252.76499938964844,254.59689331054688,2254333
2026-03-24 13:30:00-04:00,252.57000732421875,253.5399932861328,252.2949981689453,253.0500030517578,2463029
2026-03-24 14:30:00-04:00,252.089599609375,253.1501007080078,252.0800018310547,252.58999633789062,2249663
2026-03-24 15:30:00-04:00,251.75,252.1300048828125,251.22000122070312,252.08990478515625,3583757
2026-03-25 09:30:00-04:00,252.86000061035156,254.97999572753906,251.60000610351562,254.02000427246094,5252200
2026-03-25 10:30:00-04:00,254.2449951171875,254.2899932861328,252.60000610351562,252.8699951171875,3411621
2026-03-25 11:30:00-04:00,253.9250030517578,254.4600067138672,253.08999633789062,254.24000549316406,2284849
2026-03-25 12:30:00-04:00,254.14500427246094,254.64999389648438,253.74000549316406,254.0,2123725
2026-03-25 13:30:00-04:00,253.9600067138672,254.50999450683594,253.73500061035156,254.1199951171875,1763468
2026-03-25 14:30:00-04:00,252.625,254.05499267578125,252.25999450683594,253.9499969482422,2548509
2026-03-25 15:30:00-04:00,252.57000732421875,252.71499633789062,252.00999450683594,252.63499450683594,3058584
2026-03-26 09:30:00-04:00,255.91000366210938,256.239990234375,250.77499389648438,251.9949951171875,7345489
2026-03-26 10:30:00-04:00,255.67999267578125,257.0,255.50999450683594,255.89999389648438,5446373
2026-03-26 11:30:00-04:00,256.1000061035156,256.7699890136719,255.57000732421875,255.69000244140625,3382555
2026-03-26 12:30:00-04:00,254.99000549316406,256.4599914550781,254.59010314941406,256.1000061035156,3520903
2026-03-26 13:30:00-04:00,253.8249969482422,255.11500549316406,253.38999938964844,254.97999572753906,4260523
2026-03-26 14:30:00-04:00,253.6699981689453,254.51499938964844,253.13999938964844,253.85000610351562,3242928
2026-03-26 15:30:00-04:00,252.8800048828125,253.72500610351562,252.02000427246094,253.67999267578125,4420545
2026-03-27 09:30:00-04:00,254.47999572753906,255.4929962158203,252.7801055908203,253.91000366210938,9684416
2026-03-27 10:30:00-04:00,252.6199951171875,254.69000244140625,251.8000030517578,254.4600067138672,5252638
2026-03-27 11:30:00-04:00,251.77999877929688,253.24000549316406,251.69000244140625,252.6199951171875,3302520
2026-03-27 12:30:00-04:00,250.41000366210938,252.75999450683594,250.3699951171875,251.77499389648438,3282303
2026-03-27 13:30:00-04:00,249.38499450683594,250.5800018310547,248.63499450683594,250.41000366210938,4579763
2026-03-27 14:30:00-04:00,248.40989685058594,249.52000427246094,248.25,249.4199981689453,4113587
2026-03-27 15:30:00-04:00,248.6199951171875,249.3699951171875,248.07000732421875,248.41000366210938,5252096
2026-03-30 09:30:00-04:00,247.8300018310547,250.83999633789062,246.97000122070312,249.9949951171875,6260227
2026-03-30 10:30:00-04:00,246.52999877929688,248.0,246.0399932861328,247.82000732421875,4008529
2026-03-30 11:30:00-04:00,246.02000427246094,247.2100067138672,245.9600067138672,246.52999877929688,2817533
2026-03-30 12:30:00-04:00,246.25,247.44000244140625,245.9600067138672,246.00999450683594,2713501
2026-03-30 13:30:00-04:00,246.48019409179688,247.32000732421875,245.9949951171875,246.2550048828125,2877202
2026-03-30 14:30:00-04:00,245.88999938964844,246.8300018310547,245.8300018310547,246.50999450683594,2969148
2026-03-30 15:30:00-04:00,246.5399932861328,247.0399932861328,245.50999450683594,245.88999938964844,4551161
2026-03-31 09:30:00-04:00,248.94009399414062,249.27000427246094,247.63999938964844,247.88999938964844,5972142
2026-03-31 10:30:00-04:00,248.42999267578125,249.00999450683594,247.1009979248047,248.94009399414062,3461229
2026-03-31 11:30:00-04:00,250.33999633789062,250.69000244140625,247.66000366210938,248.4499969482422,3436143
2026-03-31 12:30:00-04:00,253.22500610351562,253.92990112304688,250.17999267578125,250.3498992919922,5752049
2026-03-31 13:30:00-04:00,253.1300048828125,253.9600067138672,252.39999389648438,253.17999267578125,3142090
2026-03-31 14:30:00-04:00,253.6699981689453,254.125,253.02000427246094,253.1199951171875,3514497
2026-03-31 15:30:00-04:00,253.7899932861328,255.47999572753906,253.27999877929688,253.6699981689453,7002121
2026-04-01 09:30:00-04:00,254.12010192871094,256.17999267578125,253.82000732421875,254.3000030517578,7295932
2026-04-01 10:30:00-04:00,254.14999389648438,254.7449951171875,253.3300018310547,254.19000244140625,3965408
2026-04-01 11:30:00-04:00,254.4300994873047,254.82000732421875,253.75999450683594,254.14999389648438,2571729
2026-04-01 12:30:00-04:00,255.14219665527344,255.39999389648438,254.22000122070312,254.44000244140625,4352734
2026-04-01 13:30:00-04:00,254.30999755859375,255.27999877929688,254.10000610351562,255.125,2614499
2026-04-01 14:30:00-04:00,255.65499877929688,255.66000366210938,253.97000122070312,254.32000732421875,3235556
2026-04-01 15:30:00-04:00,255.69000244140625,256.1300048828125,255.1501007080078,255.63999938964844,4782139
2026-04-02 09:30:00-04:00,252.125,254.75999450683594,250.64999389648438,254.13999938964844,6325362
2026-04-02 10:30:00-04:00,255.1199951171875,255.72000122070312,251.99000549316406,252.11000061035156,3633781
2026-04-02 11:30:00-04:00,254.11000061035156,255.18499755859375,254.0,255.1649932861328,1582954
2026-04-02 12:30:00-04:00,255.3350067138672,255.4853057861328,254.07000732421875,254.1300048828125,1421651
2026-04-02 13:30:00-04:00,255.14500427246094,255.38999938964844,254.30999755859375,255.3350067138672,1758702
2026-04-02 14:30:00-04:00,255.1199951171875,255.6999969482422,254.8000946044922,255.16000366210938,3309762
2026-04-02 15:30:00-04:00,255.88999938964844,256.1300048828125,254.8000030517578,255.10000610351562,3297591
2026-04-06 09:30:00-04:00,261.760009765625,262.0199890136719,256.4800109863281,256.9624938964844,6693044
2026-04-06 10:30:00-04:00,259.25,262.1600036621094,258.9700012207031,261.760009765625,3953211
2026-04-06 11:30:00-04:00,259.0400085449219,259.6300048828125,258.7099914550781,259.2301025390625,2022687
2026-04-06 12:30:00-04:00,258.7799987792969,259.55999755859375,257.9100036621094,259.0299987792969,2006161
2026-04-06 13:30:00-04:00,259.2799987792969,259.3900146484375,257.8500061035156,258.7900085449219,2071173
2026-04-06 14:30:00-04:00,258.2499084472656,259.3699035644531,258.0199890136719,259.28009033203125,2221241
2026-04-06 15:30:00-04:00,258.8869934082031,259.07501220703125,258.1300048828125,258.2300109863281,2757592
2026-04-07 09:30:00-04:00,247.6699981689453,254.79989624023438,247.57000732421875,254.72000122070312,13859963
2026-04-07 10:30:00-04:00,247.82000732421875,248.19000244140625,245.6999969482422,247.6649932861328,8526234
2026-04-07 11:30:00-04:00,250.1699981689453,250.28990173339844,247.39999389648438,247.82000732421875,6863002
2026-04-07 12:30:00-04:00,251.5850067138672,253.38999938964844,249.66009521484375,250.1699981689453,8239350
2026-04-07 13:30:00-04:00,251.32000732421875,252.7899932861328,251.2899932861328,251.61500549316406,3425924
2026-04-07 14:30:00-04:00,251.9550018310547,252.5,250.1199951171875,251.3300018310547,4257297
2026-04-07 15:30:00-04:00,253.49000549316406,253.60989379882812,251.44000244140625,251.92100524902344,5898745
2026-04-08 09:30:00-04:00,258.1300048828125,259.7499084472656,256.5299987792969,258.510009765625,10222566
2026-04-08 10:30:00-04:00,257.510009765625,259.510009765625,257.510009765625,258.1400146484375,4460093
2026-04-08 11:30:00-04:00,257.4280090332031,258.3999938964844,257.1099853515625,257.5199890136719,3452386
2026-04-08 12:30:00-04:00,257.510009765625,258.69000244140625,257.42498779296875,257.42498779296875,2664363
2026-04-08 13:30:00-04:00,257.239990234375,258.1499938964844,256.9100036621094,257.5,2940397
2026-04-08 14:30:00-04:00,257.20001220703125,257.8399963378906,257.0899963378906,257.2300109863281,3088380
2026-04-08 15:30:00-04:00,258.92999267578125,258.989990234375,257.17999267578125,257.17999267578125,3893271
2026-04-09 09:30:00-04:00,257.8399963378906,260.0299987792969,256.07000732421875,259.3699951171875,5914405
2026-04-09 10:30:00-04:00,257.54998779296875,258.260009765625,257.35009765625,257.80999755859375,2479856
2026-04-09 11:30:00-04:00,259.1199951171875,259.4700012207031,257.47601318359375,257.5150146484375,2615049
2026-04-09 12:30:00-04:00,260.05499267578125,260.5299987792969,258.80499267578125,259.1199951171875,2292578
2026-04-09 13:30:00-04:00,259.625,260.45001220703125,259.29998779296875,260.04998779296875,1852839
2026-04-09 14:30:00-04:00,260.05999755859375,260.3399963378906,259.45001220703125,259.6099853515625,2088354
2026-04-09 15:30:00-04:00,260.3900146484375,261.1199951171875,260.0249938964844,260.04998779296875,2894901
2026-04-10 09:30:00-04:00,261.56500244140625,261.8500061035156,259.07000732421875,259.95001220703125,5479310
2026-04-10 10:30:00-04:00,261.2900085449219,262.19000244140625,261.13970947265625,261.56500244140625,3021703
2026-04-10 11:30:00-04:00,260.53509521484375,261.75,260.42999267578125,261.31988525390625,2476645
2026-04-10 12:30:00-04:00,259.239990234375,260.55999755859375,259.20001220703125,260.5450134277344,2249096
2026-04-10 13:30:00-04:00,260.1199951171875,260.1449890136719,259.0231018066406,259.239990234375,1925290
2026-04-10 14:30:00-04:00,259.7200012207031,260.20001220703125,259.3500061035156,260.1099853515625,2386313
2026-04-10 15:30:00-04:00,260.3800048828125,260.5350036621094,259.2900085449219,259.7200012207031,3655071
2026-04-13 09:30:00-04:00,257.32000732421875,259.7799987792969,256.6600036621094,259.67999267578125,6263854
2026-04-13 10:30:00-04:00,257.7099914550781,257.8800048828125,257.1000061035156,257.30999755859375,3495796
2026-04-13 11:30:00-04:00,257.7799987792969,257.875,256.7900085449219,257.7300109863281,3136398
2026-04-13 12:30:00-04:00,257.864990234375,258.3399963378906,257.5151062011719,257.79010009765625,2360343
2026-04-13 13:30:00-04:00,257.8800048828125,258.20001220703125,257.5199890136719,257.8599853515625,2113453
2026-04-13 14:30:00-04:00,257.8500061035156,258.4800109863281,257.79998779296875,257.864990234375,2513031
2026-04-13 15:30:00-04:00,259.2099914550781,259.5799865722656,257.5899963378906,257.8450012207031,5022608
2026-04-14 09:30:00-04:00,259.3399963378906,261.92999267578125,259.0299987792969,259.1000061035156,8135429
2026-04-14 10:30:00-04:00,258.0553894042969,259.42999267578125,257.6099853515625,259.3299865722656,4964907
2026-04-14 11:30:00-04:00,257.70001220703125,258.3900146484375,257.1900939941406,258.04998779296875,4016733
2026-04-14 12:30:00-04:00,258.6600036621094,259.7651062011719,257.6199951171875,257.69000244140625,4098111
2026-04-14 13:30:00-04:00,258.7799987792969,258.9700012207031,257.75,258.6600036621094,2712760
2026-04-14 14:30:00-04:00,258.32501220703125,258.80999755859375,257.75,258.7799987792969,3074143
2026-04-14 15:30:00-04:00,258.8550109863281,258.8599853515625,258.1499938964844,258.32501220703125,5322365
2026-04-15 09:30:00-04:00,260.67999267578125,261.0400085449219,257.82000732421875,258.0950012207031,8314756
2026-04-15 10:30:00-04:00,263.17999267578125,264.1099853515625,260.4200134277344,260.70001220703125,7448665
2026-04-15 11:30:00-04:00,264.5790100097656,265.5,262.9849853515625,263.18499755859375,5556537
2026-04-15 12:30:00-04:00,264.94500732421875,265.7900085449219,264.239990234375,264.57000732421875,4374751
2026-04-15 13:30:00-04:00,265.17999267578125,265.29998779296875,264.29998779296875,264.9100036621094,2750108
2026-04-15 14:30:00-04:00,265.3399963378906,265.864990234375,265.19000244140625,265.19000244140625,2971178
2026-04-15 15:30:00-04:00,266.3699951171875,266.55999755859375,265.25,265.30999755859375,6497059
2026-04-16 09:30:00-04:00,262.05999755859375,267.1600036621094,261.30999755859375,266.79998779296875,11554343
2026-04-16 10:30:00-04:00,262.25,262.7300109863281,261.2699890136719,262.0899963378906,4797954
2026-04-16 11:30:00-04:00,264.0801086425781,264.3898010253906,262.19000244140625,262.25,4125437
2026-04-16 12:30:00-04:00,263.5199890136719,264.1686096191406,263.0899963378906,264.0899963378906,2692302
2026-04-16 13:30:00-04:00,263.5799865722656,264.1700134277344,263.2900085449219,263.5299987792969,2435729
2026-04-16 14:30:00-04:00,263.63409423828125,264.54998779296875,263.4800109863281,263.5899963378906,3260194
2026-04-16 15:30:00-04:00,263.3599853515625,264.25,263.260009765625,263.6300048828125,3667931
2026-04-17 09:30:00-04:00,268.5849914550781,269.7900085449219,266.7200012207031,267.0979919433594,16349267
2026-04-17 10:30:00-04:00,271.94000244140625,272.1000061035156,268.44000244140625,268.635009765625,7480237
2026-04-17 11:30:00-04:00,271.54998779296875,272.29998779296875,270.7699890136719,271.95001220703125,4036285
2026-04-17 12:30:00-04:00,270.5799865722656,271.7398986816406,270.17999267578125,271.55999755859375,6141486
2026-04-17 13:30:00-04:00,270.19000244140625,270.7300109863281,269.9200134277344,270.5799865722656,2909144
2026-04-17 14:30:00-04:00,269.69500732421875,270.79998779296875,269.5299987792969,270.19000244140625,4089699
2026-04-17 15:30:00-04:00,270.18499755859375,270.5299987792969,269.66009521484375,269.7099914550781,4777998
2026-04-20 09:30:00-04:00,273.3800048828125,274.2749938964844,270.3299865722656,270.3299865722656,9800654
2026-04-20 10:30:00-04:00,272.8800048828125,273.8500061035156,271.7200012207031,273.389892578125,4154551
2026-04-20 11:30:00-04:00,272.57000732421875,272.9100036621094,272.0799865722656,272.8299865722656,2499488
2026-04-20 12:30:00-04:00,272.19000244140625,273.135009765625,271.8399963378906,272.5899963378906,2403500
2026-04-20 13:30:00-04:00,273.45001220703125,273.6400146484375,271.9800109863281,272.1700134277344,2711593
2026-04-20 14:30:00-04:00,272.69000244140625,273.4599914550781,272.6700134277344,273.4599914550781,2176297
2026-04-20 15:30:00-04:00,272.92999267578125,273.1600036621094,272.2699890136719,272.6499938964844,3689439
2026-04-21 09:30:00-04:00,269.5801086425781,272.79998779296875,269.3699951171875,271.44500732421875,8494357
2026-04-21 10:30:00-04:00,267.92999267578125,269.8500061035156,267.75,269.56500244140625,5401167
2026-04-21 11:30:00-04:00,265.8599853515625,268.0199890136719,265.80999755859375,267.9200134277344,5635814
2026-04-21 12:30:00-04:00,266.1600036621094,266.8800048828125,265.3999938964844,265.8599853515625,6382916
2026-04-21 13:30:00-04:00,266.375,267.0,266.05999755859375,266.17999267578125,3327326
2026-04-21 14:30:00-04:00,267.9599914550781,268.19000244140625,266.3800048828125,266.3800048828125,5107191
2026-04-21 15:30:00-04:00,266.2200012207031,267.9700012207031,265.8699951171875,267.9649963378906,6237992
2026-04-22 09:30:00-04:00,271.94000244140625,271.94000244140625,266.8699951171875,267.82000732421875,11027751
2026-04-22 10:30:00-04:00,272.40008544921875,272.7650146484375,270.9800109863281,271.94000244140625,5075100
2026-04-22 11:30:00-04:00,272.69000244140625,273.5050048828125,272.260009765625,272.3900146484375,4099370
2026-04-22 12:30:00-04:00,273.2099914550781,273.4200134277344,272.3599853515625,272.7049865722656,2955513
2026-04-22 13:30:00-04:00,272.68499755859375,273.739990234375,272.6300048828125,273.218994140625,3034300
2026-04-22 14:30:00-04:00,272.7099914550781,272.82000732421875,272.1004943847656,272.7099914550781,2582682
2026-04-22 15:30:00-04:00,273.19000244140625,273.260009765625,272.54998779296875,272.7149963378906,4278621
2026-04-23 09:30:00-04:00,273.9049987792969,275.7699890136719,273.135498046875,275.0450134277344,6409699
2026-04-23 10:30:00-04:00,273.67999267578125,274.3099060058594,273.2699890136719,273.9700012207031,2403732
2026-04-23 11:30:00-04:00,273.6000061035156,274.4100036621094,273.0304870605469,273.6300048828125,2252095
2026-04-23 12:30:00-04:00,272.239990234375,273.9927062988281,272.090087890625,273.614990234375,4159022
2026-04-23 13:30:00-04:00,273.6600036621094,273.79998779296875,271.6499938964844,272.25,3978695
2026-04-23 14:30:00-04:00,274.1700134277344,274.5450134277344,273.5299987792969,273.6600036621094,2790476
2026-04-23 15:30:00-04:00,273.44000244140625,274.2598876953125,273.05999755859375,274.1499938964844,2753801
2026-04-24 09:30:00-04:00,272.07000732421875,273.05999755859375,270.1000061035156,272.760009765625,6679041
2026-04-24 10:30:00-04:00,270.67999267578125,272.5899963378906,270.5700988769531,272.1000061035156,2757059
2026-04-24 11:30:00-04:00,270.989990234375,271.67999267578125,269.79998779296875,270.69000244140625,3542918
2026-04-24 12:30:00-04:00,270.06500244140625,271.1520080566406,269.6499938964844,271.0,3376037
2026-04-24 13:30:00-04:00,269.9599914550781,270.29998779296875,269.7200012207031,270.04998779296875,3006016
2026-04-24 14:30:00-04:00,270.0899963378906,270.3800048828125,269.8599853515625,269.9700012207031,3623118
2026-04-24 15:30:00-04:00,271.05999755859375,271.4800109863281,270.0,270.0899963378906,4744314
2026-04-27 09:30:00-04:00,267.3599853515625,268.3599853515625,265.07000732421875,266.0899963378906,10219067
2026-04-27 10:30:00-04:00,267.1099853515625,267.79998779296875,266.6199951171875,267.3900146484375,3251687
2026-04-27 11:30:00-04:00,266.2950134277344,267.6400146484375,266.260009765625,267.1400146484375,2679704
2026-04-27 12:30:00-04:00,266.8399963378906,267.0299987792969,266.2900085449219,266.2900085449219,2950643
2026-04-27 13:30:00-04:00,266.34991455078125,267.04998779296875,266.0899963378906,266.8299865722656,2558668
2026-04-27 14:30:00-04:00,267.1499938964844,267.2149963378906,266.1300048828125,266.3500061035156,2713356
2026-04-27 15:30:00-04:00,267.67999267578125,267.9599914550781,267.04998779296875,267.1600036621094,4077895
2026-04-28 09:30:00-04:00,271.2799072265625,273.2200012207031,268.6600036621094,272.3349914550781,9095136
2026-04-28 10:30:00-04:00,270.32501220703125,271.8299865722656,270.2900085449219,271.2799987792969,5340855
2026-04-28 11:30:00-04:00,269.5159912109375,270.56500244140625,269.331298828125,270.32501220703125,2719213
2026-04-28 12:30:00-04:00,269.8699951171875,270.1300048828125,269.440185546875,269.4949951171875,1855230
2026-04-28 13:30:00-04:00,270.5,270.9150085449219,269.7900085449219,269.8699951171875,2765318
2026-04-28 14:30:00-04:00,270.2250061035156,270.6300048828125,269.8900146484375,270.5,2300165
2026-04-28 15:30:00-04:00,270.760009765625,270.94500732421875,269.9949951171875,270.2300109863281,3115541
2026-04-29 09:30:00-04:00,269.3999938964844,270.3117980957031,267.20001220703125,267.8598937988281,5646330
2026-04-29 10:30:00-04:00,268.8399963378906,269.92999267578125,268.7300109863281,269.4100036621094,2444917
2026-04-29 11:30:00-04:00,269.82501220703125,270.1466064453125,268.20001220703125,268.8244934082031,2865276
2026-04-29 12:30:00-04:00,270.20001220703125,271.0400085449219,269.75,269.8299865722656,2163618
2026-04-29 13:30:00-04:00,269.739990234375,270.5899963378906,269.6400146484375,270.2099914550781,1643753
2026-04-29 14:30:00-04:00,270.2799987792969,270.44500732421875,269.3699951171875,269.7349853515625,1887172
2026-04-29 15:30:00-04:00,270.19000244140625,270.3599853515625,269.6099853515625,270.2699890136719,3051798
2026-04-30 09:30:00-04:00,271.91900634765625,272.20001220703125,268.1400146484375,270.5,9777419
2026-04-30 10:30:00-04:00,271.5199890136719,272.20001220703125,270.7300109863281,272.0,4122597
2026-04-30 11:30:00-04:00,273.05999755859375,273.09991455078125,271.17999267578125,271.5249938964844,4223495
2026-04-30 12:30:00-04:00,272.7850036621094,273.760009765625,271.67999267578125,273.0799865722656,4453968
2026-04-30 13:30:00-04:00,273.6000061035156,274.20001220703125,272.79998779296875,273.1099853515625,4048095
2026-04-30 14:30:00-04:00,274.489990234375,274.489990234375,272.82000732421875,273.5799865722656,4534270
2026-04-30 15:30:00-04:00,271.3599853515625,275.94000244140625,270.3399963378906,274.4700012207031,14238265
2026-05-01 09:30:00-04:00,285.3399963378906,287.2099914550781,278.3699951171875,281.3999938964844,30058496
2026-05-01 10:30:00-04:00,283.95001220703125,285.6000061035156,281.4599914550781,285.340087890625,9289199
2026-05-01 11:30:00-04:00,283.9549865722656,285.489990234375,283.20001220703125,283.9549865722656,9693580
2026-05-01 12:30:00-04:00,282.80999755859375,284.1099853515625,282.3951110839844,283.9549865722656,5060158
2026-05-01 13:30:00-04:00,281.2300109863281,282.82000732421875,280.6401062011719,282.80499267578125,4791832
2026-05-01 14:30:00-04:00,280.34991455078125,281.239990234375,279.739990234375,281.239990234375,4824173
2026-05-01 15:30:00-04:00,280.1499938964844,280.69000244140625,279.6099853515625,280.3399963378906,5835827
2026-05-04 09:30:00-04:00,276.25360107421875,280.6300048828125,274.860107421875,279.6549987792969,11843654
2026-05-04 10:30:00-04:00,276.8349914550781,278.0,276.07000732421875,276.2749938964844,5095478
2026-05-04 11:30:00-04:00,276.0899963378906,277.3699951171875,275.45001220703125,276.8500061035156,3294311
2026-05-04 12:30:00-04:00,277.0400085449219,277.3399963378906,275.9800109863281,276.1000061035156,2386442
2026-05-04 13:30:00-04:00,276.7699890136719,277.4200134277344,276.6300048828125,277.05999755859375,2422618
2026-05-04 14:30:00-04:00,277.0784912109375,277.6700134277344,276.260009765625,276.7699890136719,3114535
2026-05-04 15:30:00-04:00,276.8399963378906,277.32000732421875,276.510009765625,277.0799865722656,4124586
2026-05-05 09:30:00-04:00,281.19000244140625,281.3800048828125,276.5010070800781,276.8999938964844,9001566
2026-05-05 10:30:00-04:00,280.2200012207031,283.2099914550781,279.7099914550781,281.17999267578125,6121481
2026-05-05 11:30:00-04:00,281.3999938964844,281.55999755859375,279.8450012207031,280.2300109863281,3040049
2026-05-05 12:30:00-04:00,282.81500244140625,284.57000732421875,281.3299865722656,281.3900146484375,5146396
2026-05-05 13:30:00-04:00,284.2500915527344,284.2799987792969,282.3526916503906,282.80999755859375,3957543
2026-05-05 14:30:00-04:00,284.2099914550781,284.45001220703125,283.4200134277344,284.2550048828125,3606272
2026-05-05 15:30:00-04:00,284.1700134277344,284.3299865722656,283.45001220703125,284.2200012207031,4695212
2026-05-06 09:30:00-04:00,286.1099853515625,286.7200012207031,281.07501220703125,281.9150085449219,11276788
2026-05-06 10:30:00-04:00,284.739990234375,286.3399963378906,283.8800048828125,286.1300048828125,6691628
2026-05-06 11:30:00-04:00,286.260009765625,286.3699951171875,284.6499938964844,284.739990234375,4527443
2026-05-06 12:30:00-04:00,286.7349853515625,287.1300048828125,285.7099914550781,286.2550048828125,3689933
2026-05-06 13:30:00-04:00,287.17999267578125,287.8500061035156,286.57000732421875,286.7300109863281,3878452
2026-05-06 14:30:00-04:00,287.760009765625,287.8999938964844,286.6650085449219,287.1658935546875,4158472
2026-05-06 15:30:00-04:00,287.5299987792969,288.0299987792969,287.0400085449219,287.760009765625,5753679
2026-05-07 09:30:00-04:00,290.4700012207031,292.1300048828125,288.20001220703125,289.2699890136719,11895992
2026-05-07 10:30:00-04:00,290.2001037597656,291.3900146484375,289.9200134277344,290.4700012207031,4189077
2026-05-07 11:30:00-04:00,289.4100036621094,290.739990234375,288.7799987792969,290.20001220703125,3696404
2026-05-07 12:30:00-04:00,288.7650146484375,289.6549987792969,288.239990234375,289.42498779296875,3128141
2026-05-07 13:30:00-04:00,288.2699890136719,289.7699890136719,287.8999938964844,288.8599853515625,3005535
2026-05-07 14:30:00-04:00,286.739990234375,288.3399963378906,285.7799987792969,288.2799987792969,4941011
2026-05-07 15:30:00-04:00,287.4700012207031,287.55999755859375,286.2799987792969,286.7349853515625,3254466
2026-05-08 09:30:00-04:00,293.7850036621094,294.55499267578125,290.0,290.1099853515625,11356891
2026-05-08 10:30:00-04:00,292.8500061035156,294.760009765625,292.4200134277344,293.7699890136719,7279310
2026-05-08 11:30:00-04:00,292.79998779296875,293.0400085449219,292.18011474609375,292.8500061035156,3193255
2026-05-08 12:30:00-04:00,292.1499938964844,292.79998779296875,291.7500915527344,292.79998779296875,4004012
2026-05-08 13:30:00-04:00,292.7229919433594,292.8599853515625,292.07000732421875,292.1400146484375,2447225
2026-05-08 14:30:00-04:00,293.42999267578125,293.6000061035156,292.3900146484375,292.7651062011719,3970651
2026-05-08 15:30:00-04:00,293.2799987792969,294.25,293.1000061035156,293.45001220703125,6088677
2026-05-11 09:30:00-04:00,292.0450134277344,293.1499938964844,290.2300109863281,291.97900390625,9227947
2026-05-11 10:30:00-04:00,293.3699035644531,293.5899963378906,291.75,292.0450134277344,4290117
2026-05-11 11:30:00-04:00,292.4150085449219,293.8800048828125,291.8214111328125,293.3699951171875,3777650
2026-05-11 12:30:00-04:00,291.94000244140625,292.7049865722656,290.6300048828125,292.4150085449219,3556324
2026-05-11 13:30:00-04:00,291.739990234375,292.9800109863281,291.7250061035156,291.9399108886719,2587000
2026-05-11 14:30:00-04:00,292.1499938964844,292.20989990234375,290.8599853515625,291.739990234375,2874040
2026-05-11 15:30:00-04:00,292.739990234375,292.79998779296875,291.80999755859375,292.1459045410156,3307424
2026-05-12 09:30:00-04:00,293.9399108886719,294.80999755859375,292.614990234375,292.7550048828125,11112742
2026-05-12 10:30:00-04:00,294.3699951171875,294.89990234375,293.25,294.0249938964844,4316772
2026-05-12 11:30:00-04:00,293.9599914550781,294.7799987792969,293.4599914550781,294.3599853515625,2815308
2026-05-12 12:30:00-04:00,293.8999938964844,294.5899963378906,293.3800048828125,293.95001220703125,3097799
2026-05-12 13:30:00-04:00,294.6499938964844,294.6600036621094,293.69000244140625,293.8999938964844,3363937
2026-05-12 14:30:00-04:00,294.8006896972656,294.9200134277344,294.0,294.6199951171875,3451447
2026-05-12 15:30:00-04:00,294.8699951171875,295.2699890136719,294.3599853515625,294.79998779296875,4049102
2026-05-13 09:30:00-04:00,295.1499938964844,297.5097961425781,293.55999755859375,293.6300048828125,10759626
2026-05-13 10:30:00-04:00,296.94000244140625,297.25,295.1600036621094,295.4501037597656,4349743
2026-05-13 11:30:00-04:00,298.40008544921875,298.54998779296875,296.7207946777344,296.93499755859375,4139108
2026-05-13 12:30:00-04:00,300.125,300.3699951171875,298.33099365234375,298.3900146484375,6943795
2026-05-13 13:30:00-04:00,299.7149963378906,300.9200134277344,299.7099914550781,300.1099853515625,4870507
2026-05-13 14:30:00-04:00,299.1499938964844,299.7200012207031,298.614990234375,299.7099914550781,3364858
2026-05-13 15:30:00-04:00,298.8800048828125,299.4800109863281,298.8500061035156,299.1499938964844,3870507
2026-05-14 09:30:00-04:00,297.93499755859375,300.3500061035156,297.0799865722656,299.82000732421875,7145581
2026-05-14 10:30:00-04:00,299.06500244140625,299.4700012207031,297.5799865722656,297.95001220703125,3728318
2026-05-14 11:30:00-04:00,298.3099060058594,299.3599853515625,298.2799987792969,299.07000732421875,3199871
2026-05-14 12:30:00-04:00,298.3800048828125,298.51251220703125,295.3800048828125,298.30999755859375,4489806
2026-05-14 13:30:00-04:00,298.3699951171875,298.6299133300781,297.54998779296875,298.40899658203125,2323271
2026-05-14 14:30:00-04:00,299.07501220703125,299.20001220703125,298.2229919433594,298.364990234375,2930714
2026-05-14 15:30:00-04:00,298.1650085449219,299.0799865722656,297.8800048828125,299.0799865722656,3098706
2026-05-15 09:30:00-04:00,299.2900085449219,299.8500061035156,296.5299987792969,297.7550048828125,10451647
2026-05-15 10:30:00-04:00,301.9695129394531,302.7900085449219,299.239990234375,299.2699890136719,8526677
2026-05-15 11:30:00-04:00,301.80999755859375,302.6000061035156,300.6400146484375,301.989990234375,4948994
2026-05-15 12:30:00-04:00,303.1199951171875,303.20001220703125,301.4849853515625,301.7900085449219,4106966
2026-05-15 13:30:00-04:00,301.2650146484375,303.1400146484375,301.1180114746094,302.9700012207031,4178682
2026-05-15 14:30:00-04:00,300.2633972167969,301.760009765625,299.8800048828125,301.2799987792969,4233250
2026-05-15 15:30:00-04:00,300.2200012207031,300.6600036621094,299.6300048828125,300.2799987792969,4618896
2026-05-18 09:30:00-04:00,298.1650085449219,300.6300048828125,296.70001220703125,300.239990234375,7655183
2026-05-18 10:30:00-04:00,295.4800109863281,298.5799865722656,295.4800109863281,298.1400146484375,3859797
2026-05-18 11:30:00-04:00,295.25,296.80999755859375,295.0199890136719,295.5199890136719,2469524
2026-05-18 12:30:00-04:00,296.1702880859375,296.67999267578125,294.9100036621094,295.2699890136719,3252874
2026-05-18 13:30:00-04:00,296.0799865722656,296.68499755859375,295.5199890136719,296.010009765625,3619911
2026-05-18 14:30:00-04:00,297.0773010253906,297.7300109863281,295.45001220703125,296.14990234375,3607433
2026-05-18 15:30:00-04:00,297.8999938964844,297.9200134277344,296.9049987792969,297.0899963378906,2992205
2026-05-19 09:30:00-04:00,296.9100036621094,300.510009765625,296.8399963378906,298.0,9798484
2026-05-19 10:30:00-04:00,297.07000732421875,297.75,296.5199890136719,296.92999267578125,3231900
2026-05-19 11:30:00-04:00,297.42498779296875,297.5799865722656,296.364990234375,297.05999755859375,3248136
2026-05-19 12:30:00-04:00,298.24951171875,298.7300109863281,297.3599853515625,297.4100036621094,2831155
2026-05-19 13:30:00-04:00,297.8900146484375,298.4869079589844,297.8399963378906,298.25,1931011
2026-05-19 14:30:00-04:00,298.3800048828125,298.44000244140625,297.489990234375,297.8699951171875,2365400
2026-05-19 15:30:00-04:00,298.9800109863281,299.2200012207031,297.8399963378906,298.3900146484375,3821190
2026-05-20 09:30:00-04:00,299.5199890136719,302.3699951171875,298.0899963378906,298.17999267578125,7471000
2026-05-20 10:30:00-04:00,299.1600036621094,300.510009765625,299.07000732421875,299.510009765625,3782669
2026-05-20 11:30:00-04:00,300.0050048828125,300.32000732421875,298.6700134277344,299.1600036621094,2831757
2026-05-20 12:30:00-04:00,301.04998779296875,301.2699890136719,299.57000732421875,299.989990234375,2841773
2026-05-20 13:30:00-04:00,301.4700012207031,301.7200012207031,300.9100036621094,301.05999755859375,3006343
2026-05-20 14:30:00-04:00,302.19000244140625,302.79998779296875,301.4700012207031,301.4700012207031,4224441
2026-05-20 15:30:00-04:00,302.2650146484375,302.5199890136719,301.8575134277344,302.20001220703125,3803278
2026-05-21 09:30:00-04:00,301.9508972167969,303.07000732421875,300.3999938964844,301.04998779296875,6886720
2026-05-21 10:30:00-04:00,303.0249938964844,303.3599853515625,301.5801086425781,301.92999267578125,3181261
2026-05-21 11:30:00-04:00,303.6369934082031,304.2442932128906,302.9100036621094,303.0249938964844,3064971
2026-05-21 12:30:00-04:00,304.59100341796875,304.67999267578125,303.0498962402344,303.6199951171875,3041858
2026-05-21 13:30:00-04:00,304.6199951171875,305.1000061035156,304.3599853515625,304.6099853515625,3185835
2026-05-21 14:30:00-04:00,305.226806640625,305.32501220703125,303.8900146484375,304.6199951171875,3338522
2026-05-21 15:30:00-04:00,305.0899963378906,305.53900146484375,304.510009765625,305.2200012207031,4457107
2026-05-22 09:30:00-04:00,308.6400146484375,309.2699890136719,305.8500061035156,306.05999755859375,9515427
2026-05-22 10:30:00-04:00,311.0050048828125,311.3999938964844,308.6199951171875,308.635009765625,7739013
2026-05-22 11:30:00-04:00,309.9200134277344,311.0400085449219,309.7200012207031,311.0,4700296
2026-05-22 12:30:00-04:00,309.860107421875,309.989990234375,308.82000732421875,309.92999267578125,3550329
2026-05-22 13:30:00-04:00,309.30999755859375,310.1549987792969,308.95001220703125,309.8699951171875,2598845
2026-05-22 14:30:00-04:00,308.70001220703125,309.5799865722656,308.6400146484375,309.31500244140625,2681340
2026-05-22 15:30:00-04:00,308.8800048828125,309.3999938964844,307.9700012207031,308.70001220703125,4183601
2026-05-26 09:30:00-04:00,311.7200012207031,311.82000732421875,309.3500061035156,309.3999938964844,9245876
2026-05-26 10:30:00-04:00,311.3599853515625,311.80999755859375,310.8599853515625,311.7300109863281,3935923
2026-05-26 11:30:00-04:00,310.4704895019531,311.57000732421875,309.7699890136719,311.3800048828125,3714586
2026-05-26 12:30:00-04:00,309.18499755859375,310.7699890136719,309.0299987792969,310.4849853515625,5208906
2026-05-26 13:30:00-04:00,309.8299865722656,310.20001220703125,309.1099853515625,309.19000244140625,2909764
2026-05-26 14:30:00-04:00,308.3799133300781,310.05999755859375,308.0799865722656,309.8399963378906,3079448
2026-05-26 15:30:00-04:00,308.3800048828125,308.9599914550781,307.6700134277344,308.360107421875,4315325
2026-05-27 09:30:00-04:00,311.260009765625,312.7699890136719,308.3299865722656,308.44000244140625,9481867
2026-05-27 10:30:00-04:00,311.7749938964844,313.260009765625,311.19000244140625,311.260009765625,11989445
2026-05-27 11:30:00-04:00,311.2349853515625,312.1400146484375,310.7001037597656,311.7900085449219,4954830
2026-05-27 12:30:00-04:00,310.4700012207031,311.4849853515625,310.3800048828125,311.2349853515625,3377025
2026-05-27 13:30:00-04:00,310.8299865722656,311.0,310.30999755859375,310.4700012207031,2683160
2026-05-27 14:30:00-04:00,309.82000732421875,310.8800048828125,309.7699890136719,310.8232116699219,2810007
2026-05-27 15:30:00-04:00,310.92999267578125,311.1000061035156,309.5199890136719,309.82000732421875,4216251
2026-05-28 09:30:00-04:00,311.70001220703125,312.760009765625,309.6000061035156,310.67999267578125,7569372
2026-05-28 10:30:00-04:00,311.82501220703125,311.9700012207031,311.04998779296875,311.70001220703125,3612059
2026-05-28 11:30:00-04:00,310.44000244140625,311.94500732421875,310.3074951171875,311.82501220703125,3704416
2026-05-28 12:30:00-04:00,310.79998779296875,311.6199951171875,309.57000732421875,310.44500732421875,3879761
2026-05-28 13:30:00-04:00,310.8399963378906,311.0199890136719,310.1099853515625,310.81500244140625,3474234
2026-05-28 14:30:00-04:00,311.31500244140625,311.3550109863281,310.25,310.7900085449219,4929905
2026-05-28 15:30:00-04:00,312.5,312.55999755859375,310.9700012207031,311.31500244140625,4816549
2026-05-29 09:30:00-04:00,313.67498779296875,315.0,311.5,311.7749938964844,8454465
2026-05-29 10:30:00-04:00,311.79998779296875,314.05999755859375,310.4200134277344,313.6600036621094,5826258
2026-05-29 11:30:00-04:00,311.1900939941406,312.0199890136719,310.45001220703125,311.8299865722656,2789979
2026-05-29 12:30:00-04:00,310.4200134277344,311.69000244140625,310.20001220703125,311.20001220703125,3360906
2026-05-29 13:30:00-04:00,310.260009765625,310.55999755859375,309.5299987792969,310.4200134277344,3479522
2026-05-29 14:30:00-04:00,311.44500732421875,311.6300048828125,310.2099914550781,310.260009765625,4045756
2026-05-29 15:30:00-04:00,312.07000732421875,313.1099853515625,311.3599853515625,311.45001220703125,5323698
2026-06-01 09:30:00-04:00,307.8399963378906,310.92999267578125,307.79998779296875,309.5350036621094,10175199
2026-06-01 10:30:00-04:00,306.5751037597656,308.4700012207031,306.29998779296875,307.80999755859375,5691006
2026-06-01 11:30:00-04:00,305.7200012207031,307.260009765625,305.489990234375,306.55999755859375,4171810
2026-06-01 12:30:00-04:00,306.4700012207031,306.5299987792969,305.0299987792969,305.739990234375,3705835
2026-06-01 13:30:00-04:00,307.8699951171875,308.3999938964844,306.30999755859375,306.5199890136719,3768496
2026-06-01 14:30:00-04:00,307.42999267578125,308.32501220703125,307.3299865722656,307.864990234375,3948458
2026-06-01 15:30:00-04:00,306.32000732421875,308.0400085449219,305.909912109375,307.43499755859375,5261936
2026-06-02 09:30:00-04:00,310.3399963378906,310.4700012207031,306.7200012207031,307.4599914550781,7411659
2026-06-02 10:30:00-04:00,312.7099914550781,312.92999267578125,309.260009765625,310.375,4895435
2026-06-02 11:30:00-04:00,312.489990234375,313.1499938964844,312.0400085449219,312.70001220703125,3617660
2026-06-02 12:30:00-04:00,314.67999267578125,315.1000061035156,311.8999938964844,312.4800109863281,5289704
2026-06-02 13:30:00-04:00,314.239990234375,315.45001220703125,313.7550048828125,314.67999267578125,3783245
2026-06-02 14:30:00-04:00,314.7650146484375,315.2200012207031,314.19000244140625,314.2598876953125,3482397
2026-06-02 15:30:00-04:00,315.19000244140625,315.44000244140625,314.0299987792969,314.760009765625,4596467
2026-06-03 09:30:00-04:00,314.3500061035156,316.94000244140625,314.0,314.17498779296875,9396189
2026-06-03 10:30:00-04:00,311.6600036621094,314.6499938964844,310.30999755859375,314.3699951171875,6549146
2026-06-03 11:30:00-04:00,309.7601013183594,312.19000244140625,309.510009765625,311.6400146484375,6552624
2026-06-03 12:30:00-04:00,309.2099914550781,310.4649963378906,308.8500061035156,309.760009765625,3649007
2026-06-03 13:30:00-04:00,309.8399963378906,309.9800109863281,308.9800109863281,309.19500732421875,2467933
2026-06-03 14:30:00-04:00,310.4150085449219,310.5400085449219,309.2699890136719,309.8399963378906,3123761
2026-06-03 15:30:00-04:00,310.3800048828125,311.1000061035156,309.20001220703125,310.4150085449219,6562646
2026-06-04 09:30:00-04:00,310.25,313.5400085449219,309.90008544921875,313.30499267578125,9640009
2026-06-04 10:30:00-04:00,310.3999938964844,311.3500061035156,309.79998779296875,310.260009765625,3601740
2026-06-04 11:30:00-04:00,310.6300048828125,311.1099853515625,309.6499938964844,310.4100036621094,3102831
2026-06-04 12:30:00-04:00,311.6650085449219,311.7900085449219,310.4800109863281,310.6300048828125,3514607
2026-06-04 13:30:00-04:00,311.4200134277344,311.9750061035156,310.989990234375,311.6700134277344,2206917
2026-06-04 14:30:00-04:00,311.94000244140625,312.07000732421875,311.35919189453125,311.4100036621094,2612939
2026-06-04 15:30:00-04:00,311.1600036621094,311.9599914550781,310.260009765625,311.94000244140625,4150477
2026-06-05 09:30:00-04:00,313.42498779296875,315.1700134277344,312.3999938964844,312.989990234375,10660699
2026-06-05 10:30:00-04:00,313.42999267578125,314.75,312.239990234375,313.4200134277344,4746478
2026-06-05 11:30:00-04:00,312.0,314.14990234375,311.8500061035156,313.4200134277344,4534835
2026-06-05 12:30:00-04:00,311.510009765625,312.1499938964844,309.5799865722656,312.0050048828125,7722107
2026-06-05 13:30:00-04:00,311.5260009765625,312.79998779296875,311.3800048828125,311.4949951171875,4435527
2026-06-05 14:30:00-04:00,308.9100036621094,312.0199890136719,307.1499938964844,311.5400085449219,11256615
2026-06-05 15:30:00-04:00,307.3900146484375,308.9800109863281,307.3599853515625,308.8800048828125,7276594
2026-06-08 09:30:00-04:00,311.9750061035156,315.1700134277344,308.5220031738281,308.739013671875,10861725
2026-06-08 10:30:00-04:00,313.92999267578125,315.3599853515625,311.7799987792969,311.9599914550781,5519448
2026-06-08 11:30:00-04:00,313.6650085449219,314.989990234375,313.32000732421875,313.92999267578125,4972235
2026-06-08 12:30:00-04:00,314.57000732421875,314.69000244140625,312.2099914550781,313.67999267578125,5529465
2026-06-08 13:30:00-04:00,304.8599853515625,317.3999938964844,303.7099914550781,314.56500244140625,19927828
2026-06-08 14:30:00-04:00,302.7049865722656,305.5299987792969,302.05010986328125,304.8999938964844,9894127
2026-06-08 15:30:00-04:00,301.57000732421875,303.2445068359375,301.1700134277344,302.7099914550781,7298835
2026-06-09 09:30:00-04:00,292.5299987792969,300.7200012207031,292.2099914550781,300.2749938964844,15558354
2026-06-09 10:30:00-04:00,291.5799865722656,293.8800048828125,291.5,292.5191955566406,9159006
2026-06-09 11:30:00-04:00,289.5,291.9800109863281,289.4800109863281,291.55999755859375,8529475
2026-06-09 12:30:00-04:00,290.4599914550781,291.1300048828125,287.7799987792969,289.5,8503325
2026-06-09 13:30:00-04:00,290.95001220703125,290.95001220703125,289.3399963378906,290.44000244140625,4788451
2026-06-09 14:30:00-04:00,291.1300048828125,291.9200134277344,290.2900085449219,290.94000244140625,5060332
2026-06-09 15:30:00-04:00,290.3599853515625,291.67999267578125,288.79998779296875,291.1199951171875,7035820
2026-06-10 09:30:00-04:00,289.7349853515625,291.19000244140625,287.3800048828125,290.7650146484375,10605790
2026-06-10 10:30:00-04:00,289.989990234375,290.6499938964844,288.44500732421875,289.7099914550781,6107494
2026-06-10 11:30:00-04:00,291.7300109863281,291.739990234375,289.739990234375,289.95001220703125,4540251
2026-06-10 12:30:00-04:00,293.15008544921875,293.2294921875,291.35650634765625,291.739990234375,5485757
2026-06-10 13:30:00-04:00,294.30999755859375,294.7449951171875,292.5104064941406,293.1600036621094,6365580
2026-06-10 14:30:00-04:00,291.92999267578125,294.29998779296875,291.6199951171875,294.29998779296875,4615300
2026-06-10 15:30:00-04:00,291.5,292.94000244140625,291.3900146484375,291.9200134277344,4931671
2026-06-11 09:30:00-04:00,290.5799865722656,293.95001220703125,289.75,293.7200012207031,7113950
2026-06-11 10:30:00-04:00,291.19000244140625,291.82000732421875,289.6000061035156,290.6099853515625,4285370
2026-06-11 11:30:00-04:00,292.9849853515625,293.94439697265625,291.0614929199219,291.17999267578125,3842780
2026-06-11 12:30:00-04:00,295.9549865722656,296.0,292.9100036621094,292.9599914550781,3619906
2026-06-11 13:30:00-04:00,295.5400085449219,297.0,295.1300048828125,295.989990234375,4161010
2026-06-11 14:30:00-04:00,295.3999938964844,296.07000732421875,295.0199890136719,295.54010009765625,3129975
2026-06-11 15:30:00-04:00,295.3599853515625,296.17999267578125,294.70001220703125,295.4100036621094,5661836
2026-06-12 09:30:00-04:00,291.9949951171875,297.1400146484375,290.6099853515625,296.0799865722656,9097938
2026-06-12 10:30:00-04:00,292.875,292.989990234375,290.010009765625,291.9800109863281,4537684
2026-06-12 11:30:00-04:00,291.5799865722656,292.8599853515625,290.80999755859375,292.8599853515625,3654099
2026-06-12 12:30:00-04:00,291.4601135253906,292.2449951171875,290.75,291.57000732421875,3070602
2026-06-12 13:30:00-04:00,290.2250061035156,291.510009765625,289.6199951171875,291.4800109863281,3083422
2026-06-12 14:30:00-04:00,290.6400146484375,290.9700012207031,290.2200012207031,290.2200012207031,3042374
2026-06-12 15:30:00-04:00,291.0799865722656,291.6400146484375,290.19000244140625,290.6400146484375,4023717
2026-06-15 09:30:00-04:00,295.67999267578125,296.32861328125,291.70001220703125,294.1199951171875,9626670
2026-06-15 10:30:00-04:00,296.5299987792969,296.8999938964844,295.3999938964844,295.7099914550781,4048336
2026-06-15 11:30:00-04:00,297.239990234375,297.7799987792969,296.2200012207031,296.5400085449219,3767794
2026-06-15 12:30:00-04:00,296.6600036621094,297.364990234375,296.25,297.2300109863281,2821133
2026-06-15 13:30:00-04:00,295.07000732421875,297.0,294.9599914550781,296.6600036621094,3434466
2026-06-15 14:30:00-04:00,296.5,296.6099853515625,295.010009765625,295.07501220703125,3208031
2026-06-15 15:30:00-04:00,296.4200134277344,296.6700134277344,295.6099853515625,296.4949951171875,18202384
2026-06-16 09:30:00-04:00,297.5350036621094,298.0,293.9700012207031,295.2449951171875,6748020
2026-06-16 10:30:00-04:00,298.20001220703125,298.45001220703125,296.95001220703125,297.5350036621094,4597668
2026-06-16 11:30:00-04:00,298.94000244140625,299.2749938964844,297.5,298.2200012207031,3946079
2026-06-16 12:30:00-04:00,300.2749938964844,300.4800109863281,298.8041076660156,298.94000244140625,3798624
2026-06-16 13:30:00-04:00,298.7250061035156,300.4599914550781,298.5679931640625,300.260009765625,2578695
2026-06-16 14:30:00-04:00,298.3399963378906,299.63031005859375,298.2200012207031,298.7200927734375,3427537
2026-06-16 15:30:00-04:00,299.25,299.489990234375,298.2300109863281,298.3299865722656,4462522
2026-06-17 09:30:00-04:00,300.45001220703125,302.07000732421875,299.22198486328125,300.8450012207031,6436096
2026-06-17 10:30:00-04:00,297.42999267578125,300.53948974609375,297.0899963378906,300.45001220703125,4056794
2026-06-17 11:30:00-04:00,298.614990234375,299.1600036621094,296.6400146484375,297.42999267578125,3750244
2026-06-17 12:30:00-04:00,296.80999755859375,298.7449951171875,296.57000732421875,298.6297912597656,2613201
2026-06-17 13:30:00-04:00,295.8349914550781,297.6000061035156,295.3299865722656,296.79998779296875,3339881
2026-06-17 14:30:00-04:00,295.18499755859375,296.4200134277344,294.3800048828125,295.82000732421875,4315796
2026-06-17 15:30:00-04:00,295.8800048828125,296.2200012207031,294.5899963378906,295.1600036621094,4437435
2026-06-18 09:30:00-04:00,299.6099853515625,300.45989990234375,295.6199951171875,298.44000244140625,26189695
2026-06-18 10:30:00-04:00,297.1099853515625,300.57000732421875,296.9599914550781,299.614990234375,8140647
2026-06-18 11:30:00-04:00,297.489990234375,297.7300109863281,295.95001220703125,297.1000061035156,4986655
2026-06-18 12:30:00-04:00,297.82000732421875,298.3598937988281,296.8399963378906,297.4849853515625,3319629
2026-06-18 13:30:00-04:00,297.1099853515625,297.9849853515625,297.010009765625,297.82501220703125,2384713
2026-06-18 14:30:00-04:00,297.3800048828125,298.07000732421875,297.04010009765625,297.1400146484375,2773331
2026-06-18 15:30:00-04:00,297.8900146484375,299.2394104003906,297.05999755859375,297.3599853515625,5250521
2026-06-22 09:30:00-04:00,301.20001220703125,302.4200134277344,297.5,297.5,8668767
2026-06-22 10:30:00-04:00,299.94000244140625,301.2300109863281,299.0350036621094,301.2099914550781,4311646
2026-06-22 11:30:00-04:00,300.5398864746094,301.4299011230469,299.75,299.94000244140625,2951222
2026-06-22 12:30:00-04:00,299.80999755859375,300.67999267578125,299.45001220703125,300.5199890136719,2690789
2026-06-22 13:30:00-04:00,298.9200134277344,299.8599853515625,298.5830078125,299.81500244140625,2455391
2026-06-22 14:30:00-04:00,299.05999755859375,299.3399963378906,298.590087890625,298.9200134277344,2926458
2026-06-22 15:30:00-04:00,296.7900085449219,299.0899963378906,296.7900085449219,299.05999755859375,6099091
2026-06-23 09:30:00-04:00,300.506591796875,301.6400146484375,296.20001220703125,296.5,9260481
2026-06-23 10:30:00-04:00,298.54998779296875,300.8800048828125,298.3999938964844,300.5199890136719,4488606
2026-06-23 11:30:00-04:00,298.6199035644531,298.885009765625,297.3500061035156,298.5450134277344,3832130
2026-06-23 12:30:00-04:00,299.3949890136719,299.4700012207031,297.8800048828125,298.5849914550781,3364678
2026-06-23 13:30:00-04:00,298.5199890136719,300.0849914550781,298.3399963378906,299.3949890136719,3348073
2026-06-23 14:30:00-04:00,295.840087890625,298.86761474609375,295.30999755859375,298.5249938964844,5096967
2026-06-23 15:30:00-04:00,294.2799987792969,296.5,294.2120056152344,295.8399963378906,7805347
2026-06-24 09:30:00-04:00,295.4649963378906,296.4599914550781,293.20001220703125,295.375,6118447
2026-06-24 10:30:00-04:00,298.7850036621094,298.8800048828125,295.1099853515625,295.4599914550781,4101414
2026-06-24 11:30:00-04:00,298.07000732421875,299.70001220703125,297.839599609375,298.760009765625,3791472
2026-06-24 12:30:00-04:00,296.4200134277344,298.04998779296875,295.79998779296875,298.04998779296875,3403888
2026-06-24 13:30:00-04:00,296.0,296.8644104003906,295.3800048828125,296.4100036621094,3969113
2026-06-24 14:30:00-04:00,294.9400939941406,296.17999267578125,294.1600036621094,296.0,5185415
2026-06-24 15:30:00-04:00,293.260009765625,295.3699951171875,292.94000244140625,294.92999267578125,7615869
2026-06-25 09:30:00-04:00,279.6300048828125,288.79998779296875,277.4599914550781,287.510009765625,22743842
2026-06-25 10:30:00-04:00,277.6400146484375,280.0899963378906,276.44000244140625,279.635009765625,10113501
2026-06-25 11:30:00-04:00,274.56500244140625,279.6449890136719,274.4599914550781,277.6600036621094,9158306
2026-06-25 12:30:00-04:00,278.0400085449219,278.3900146484375,273.75,274.56500244140625,13584165
2026-06-25 13:30:00-04:00,279.3450012207031,280.17999267578125,276.19000244140625,278.04998779296875,8443492
2026-06-25 14:30:00-04:00,276.7250061035156,280.2200927734375,276.0400085449219,279.3500061035156,9371195
2026-06-25 15:30:00-04:00,275.04998779296875,277.45001220703125,273.8999938964844,276.70001220703125,15625008
2026-06-26 09:30:00-04:00,278.260009765625,278.92999267578125,274.2099914550781,275.0,17026804
2026-06-26 10:30:00-04:00,279.0299987792969,280.4700012207031,278.0799865722656,278.2799987792969,10384490
2026-06-26 11:30:00-04:00,275.8999938964844,279.45001220703125,275.25,279.0259094238281,13230253
2026-06-26 12:30:00-04:00,279.19500732421875,279.3699951171875,275.8999938964844,275.8999938964844,7971369
2026-06-26 13:30:00-04:00,280.19000244140625,281.29998779296875,278.64080810546875,279.17999267578125,8257248
2026-06-26 14:30:00-04:00,280.1499938964844,281.8299865722656,279.4100036621094,280.19500732421875,15570070
2026-06-26 15:30:00-04:00,281.20001220703125,285.95001220703125,280.0,280.1499938964844,23523027
2026-06-29 09:30:00-04:00,280.8699951171875,288.36968994140625,280.45001220703125,286.8599853515625,10629459
2026-06-29 10:30:00-04:00,282.3301086425781,282.8299865722656,280.3299865722656,280.8800048828125,7865974
2026-06-29 11:30:00-04:00,280.55999755859375,283.03448486328125,280.2200012207031,282.3424987792969,7404129
2026-06-29 12:30:00-04:00,281.4800109863281,281.5400085449219,279.8500061035156,280.55999755859375,5224516
2026-06-29 13:30:00-04:00,281.54998779296875,282.29998779296875,280.8599853515625,281.4700012207031,4206523
2026-06-29 14:30:00-04:00,282.67999267578125,283.0775146484375,281.4549865722656,281.54998779296875,5654409
2026-06-29 15:30:00-04:00,281.6300048828125,282.739990234375,281.4700012207031,282.7099914550781,6544751
2026-06-30 09:30:00-04:00,286.0249938964844,286.2898864746094,280.69500732421875,281.1700134277344,9106597
2026-06-30 10:30:00-04:00,288.2699890136719,288.6600036621094,285.260009765625,286.010009765625,5769602
2026-06-30 11:30:00-04:00,288.1449890136719,289.3800048828125,287.80999755859375,288.2799987792969,4424512
2026-06-30 12:30:00-04:00,288.42999267578125,289.6600036621094,288.125,288.1600036621094,3373069
2026-06-30 13:30:00-04:00,288.0899963378906,289.19000244140625,287.8550109863281,288.44500732421875,3500049
2026-06-30 14:30:00-04:00,287.5299987792969,288.17999267578125,286.67999267578125,288.0849914550781,4344541
2026-06-30 15:30:00-04:00,289.0899963378906,289.9100036621094,287.4200134277344,287.5299987792969,8374915
2026-07-01 09:30:00-04:00,293.05999755859375,293.4798889160156,289.19500732421875,293.3299865722656,8755422
2026-07-01 10:30:00-04:00,295.751708984375,296.5899963378906,292.7300109863281,293.05999755859375,6765940
2026-07-01 11:30:00-04:00,294.94500732421875,295.7900085449219,294.6300048828125,295.7799987792969,3404930
2026-07-01 12:30:00-04:00,294.0899963378906,295.0599060058594,293.9200134277344,294.94500732421875,3566425
2026-07-01 13:30:00-04:00,294.80499267578125,295.1000061035156,292.70001220703125,294.0799865722656,5502330
2026-07-01 14:30:00-04:00,294.0151062011719,295.5299987792969,294.0,294.80999755859375,4406744
2026-07-01 15:30:00-04:00,294.25,295.54998779296875,293.7500915527344,294.0,6231653
2026-07-02 09:30:00-04:00,305.04998779296875,305.32000732421875,293.67999267578125,294.0849914550781,15588276
2026-07-02 10:30:00-04:00,305.4150085449219,307.82000732421875,304.8500061035156,305.04400634765625,11321356
2026-07-02 11:30:00-04:00,308.0899963378906,308.45001220703125,305.2799987792969,305.4200134277344,7200646
2026-07-02 12:30:00-04:00,307.80499267578125,308.5299072265625,306.6700134277344,308.0899963378906,6654699
2026-07-02 13:30:00-04:00,307.3299865722656,308.29998779296875,306.8200988769531,307.80499267578125,5550150
2026-07-02 14:30:00-04:00,307.42498779296875,308.30999755859375,307.1300048828125,307.3399963378906,5450575
2026-07-02 15:30:00-04:00,308.2200012207031,309.4200134277344,307.2099914550781,307.44000244140625,8660612
2026-07-06 09:30:00-04:00,311.7300109863281,311.75,307.010009765625,307.67999267578125,10212875
2026-07-06 10:30:00-04:00,313.5799865722656,313.6000061035156,311.2101135253906,311.70001220703125,6250328
2026-07-06 11:30:00-04:00,312.25,314.20001220703125,312.2300109863281,313.5849914550781,4817415
2026-07-06 12:30:00-04:00,312.3800048828125,312.9800109863281,311.8500061035156,312.2449951171875,6272773
2026-07-06 13:30:00-04:00,313.07000732421875,313.14990234375,312.1099853515625,312.3876037597656,2501244
2026-07-06 14:30:00-04:00,313.3999938964844,313.55999755859375,312.9100036621094,313.0799865722656,3451883
2026-07-06 15:30:00-04:00,312.80999755859375,313.739990234375,312.04998779296875,313.4150085449219,4988391
2026-07-07 09:30:00-04:00,311.45001220703125,315.4800109863281,310.1499938964844,315.2900085449219,8945230
2026-07-07 10:30:00-04:00,314.0799865722656,314.1300048828125,310.989990234375,311.45001220703125,5204771
2026-07-07 11:30:00-04:00,313.1700134277344,314.7300109863281,312.67999267578125,314.1025085449219,5936440
2026-07-07 12:30:00-04:00,312.8399963378906,314.010009765625,312.2701110839844,313.1400146484375,2794519
2026-07-07 13:30:00-04:00,312.61920166015625,313.0,311.8500061035156,312.82000732421875,2641358
2026-07-07 14:30:00-04:00,311.8949890136719,313.17999267578125,311.55999755859375,312.6199951171875,4260675
2026-07-07 15:30:00-04:00,310.6600036621094,312.32000732421875,310.3299865722656,311.8999938964844,11962573
2026-07-08 09:30:00-04:00,308.8500061035156,312.0,307.051513671875,311.6600036621094,7602776
2026-07-08 10:30:00-04:00,310.06500244140625,310.8500061035156,308.70001220703125,308.82000732421875,4149375
2026-07-08 11:30:00-04:00,311.6000061035156,311.7900085449219,309.31500244140625,310.0799865722656,3488474
2026-07-08 12:30:00-04:00,314.1199035644531,314.19000244140625,311.3399963378906,311.6000061035156,4629049
2026-07-08 13:30:00-04:00,314.125,314.80999755859375,311.150390625,314.1300048828125,4294797
2026-07-08 14:30:00-04:00,313.81500244140625,314.3999938964844,313.6499938964844,314.125,3477947
2026-07-08 15:30:00-04:00,313.260009765625,314.20001220703125,312.75,313.81500244140625,4786508
2026-07-09 09:30:00-04:00,312.0899963378906,312.29998779296875,308.1600036621094,310.44500732421875,7601316
2026-07-09 10:30:00-04:00,314.4599914550781,314.8500061035156,310.7012023925781,312.07000732421875,4078964
2026-07-09 11:30:00-04:00,314.8999938964844,315.2200012207031,314.1000061035156,314.46990966796875,8485039
2026-07-09 12:30:00-04:00,314.7214050292969,315.5,314.30999755859375,314.90008544921875,4552794
2026-07-09 13:30:00-04:00,314.55999755859375,315.31988525390625,314.2349853515625,314.7235107421875,4088119
2026-07-09 14:30:00-04:00,315.4100036621094,315.69000244140625,314.25,314.55999755859375,3058281
2026-07-09 15:30:00-04:00,316.17999267578125,316.5299987792969,315.3900146484375,315.4200134277344,4155824
2026-07-10 09:30:00-04:00,313.1300048828125,316.3900146484375,312.93011474609375,314.7200012207031,6346453
2026-07-10 10:30:00-04:00,313.3399963378906,314.1099853515625,312.1700134277344,313.1199951171875,4170673
2026-07-10 11:30:00-04:00,314.3550109863281,314.5140075683594,312.32000732421875,313.3500061035156,2588249
2026-07-10 12:30:00-04:00,314.4599914550781,314.7799987792969,313.94000244140625,314.3699951171875,1701568
2026-07-10 13:30:00-04:00,314.840087890625,314.8900146484375,313.8902893066406,314.4700012207031,1530749
2026-07-10 14:30:00-04:00,316.1600036621094,316.4798889160156,314.739990234375,314.8599853515625,3576384
2026-07-10 15:30:00-04:00,315.32989501953125,316.9100036621094,314.7799987792969,316.1499938964844,3989622
2026-07-13 09:30:00-04:00,320.19000244140625,323.45001220703125,316.45001220703125,317.0150146484375,12156474
2026-07-13 10:30:00-04:00,317.2200012207031,320.2950134277344,316.8500061035156,320.2099914550781,3994197
2026-07-13 11:30:00-04:00,317.3699951171875,317.8999938964844,316.0899963378906,317.2200012207031,3728751
2026-07-13 12:30:00-04:00,316.4700012207031,317.44000244140625,315.7799987792969,317.3399963378906,3615264
2026-07-13 13:30:00-04:00,316.84051513671875,316.8450012207031,315.8999938964844,316.489990234375,2357040
2026-07-13 14:30:00-04:00,316.3299865722656,317.5199890136719,316.1700134277344,316.8599853515625,4128503
2026-07-13 15:30:00-04:00,317.4200134277344,317.739990234375,316.04998779296875,316.32501220703125,4025682
2026-07-14 09:30:00-04:00,314.9419860839844,315.68499755859375,311.9100036621094,313.6400146484375,6954014
2026-07-14 10:30:00-04:00,314.29998779296875,316.19000244140625,314.0205078125,314.95001220703125,4610996
2026-07-14 11:30:00-04:00,313.2699890136719,314.8699951171875,312.8699951171875,314.32000732421875,3168667
2026-07-14 12:30:00-04:00,314.8699951171875,314.9700012207031,313.1099853515625,313.260009765625,2646535
2026-07-14 13:30:00-04:00,315.2200012207031,315.3900146484375,314.5899963378906,314.8900146484375,1929118
2026-07-14 14:30:00-04:00,315.7049865722656,315.8699951171875,314.82000732421875,315.2200012207031,2224839
2026-07-14 15:30:00-04:00,314.9200134277344,315.760009765625,314.5899963378906,315.7049865722656,3016895
2026-07-15 09:30:00-04:00,324.7099914550781,325.67999267578125,317.32000732421875,317.625,13551334
2026-07-15 10:30:00-04:00,325.6199951171875,325.67999267578125,323.5400085449219,324.7099914550781,6278014
2026-07-15 11:30:00-04:00,328.1700134277344,328.5299987792969,325.1600036621094,325.6099853515625,7315724
2026-07-15 12:30:00-04:00,326.989990234375,328.5,325.9700012207031,328.1600036621094,5967302
2026-07-15 13:30:00-04:00,327.7900085449219,328.0,326.6499938964844,327.0,3896347
2026-07-15 14:30:00-04:00,327.05999755859375,328.7200012207031,326.8599853515625,327.7799987792969,4546317
2026-07-15 15:30:00-04:00,327.57000732421875,328.3500061035156,325.7200012207031,327.0400085449219,8018122
