Date,Close,High,Low,Open,Volume
2016-07-18,22.72626304626465,22.794556893367258,22.446253236340294,22.469017852041166,145975600
2016-07-19,22.735370635986328,22.764964464531793,22.614714865387988,22.66479806510259,95119600
2016-07-20,22.755857467651367,22.869682285959044,22.705774269703365,22.764963661535447,105104000
2016-07-21,22.63520050048828,22.992610314115744,22.56690492363568,22.726260690682196,130808000
2016-07-22,22.45990753173828,22.60560311838251,22.38022879234326,22.596496927113698,113254800
2016-07-25,22.15941047668457,22.500884865071086,22.0637980647752,22.366572439316762,161531600
2016-07-26,22.006887435913086,22.302832624371444,21.9499750332733,22.041035224862693,224959200
2016-07-27,23.4365291595459,23.755238994973727,23.39099992741144,23.737026607388394,369379200
2016-07-28,23.75296974182129,23.778011348692747,23.406942949243042,23.409219932639388,159479200
2016-07-29,23.723373413085938,23.80077520896637,23.602719358194836,23.718821183600856,110934800
2016-08-01,24.14224624633789,24.165010864131546,23.768900956669082,23.768900956669082,152671600
2016-08-02,23.78483009338379,24.146792110331994,23.67555752521669,24.142239882704782,135266400
2016-08-03,24.08305549621582,24.09443693605807,23.850851892023883,23.85995808599503,120810400
2016-08-04,24.231828689575195,24.26158283232779,24.096786895955468,24.16545245152314,109634800
2016-08-05,24.600330352783203,24.63924001955661,24.30278193880834,24.323380557839805,162213600
2016-08-08,24.80404281616211,24.80404281616211,24.52709469086806,24.609490936017718,112148800
2016-08-09,24.904739379882812,24.93449526442655,24.721634169460142,24.771988669853517,105260800
2016-08-10,24.719348907470703,24.925343830947153,24.6644175099562,24.88185552870278,96034000
2016-08-11,24.70332908630371,24.932211964247323,24.685018036971154,24.83836914609631,109938000
2016-08-12,24.760549545288086,24.820059581873906,24.6689960458263,24.6689960458263,74641600
2016-08-15,25.05809783935547,25.07183025301336,24.73766146618195,24.75139387983984,103472800
2016-08-16,25.03520965576172,25.22976150751289,24.996299983906624,25.092430377750215,135177600
2016-08-17,24.99859046936035,25.03292325340463,24.797172400960832,24.971123892877344,101424000
2016-08-18,24.966548919677734,25.085567267764063,24.95281475726303,25.00088170635739,87938800
2016-08-19,25.030628204345703,25.10615996270143,24.801745358107162,24.895586417021445,101472400
2016-08-22,24.83608055114746,24.971120605375244,24.68501701973566,24.916189205879,103280800
2016-08-23,24.91390037536621,25.021475605068048,24.840657925859944,24.854390339443075,85030800
2016-08-24,24.726215362548828,24.891011302987323,24.64610670990169,24.8498123178777,94700400
2016-08-25,24.620929718017578,24.691882847370994,24.417224107868105,24.579730732468377,100344800
2016-08-26,24.47673797607422,24.70790844864497,24.332540630944195,24.584313218873458,111065200
2016-08-29,24.449264526367188,24.59117251365014,24.327956902413796,24.403488657559762,99881200
2016-08-30,24.26158332824707,24.37602475904069,24.14714189745345,24.215807454424684,99455600
2016-08-31,24.284473419189453,24.392048653075395,24.179187503068988,24.183766138599943,118649600
2016-09-01,24.428665161132812,24.444686889348482,24.174605080686185,24.29362338368296,106806000
2016-09-02,24.657556533813477,24.719354150845867,24.449272248607475,24.650688579709424,107210000
2016-09-06,24.650680541992188,24.788011639486246,24.60719399094068,24.696458156569353,107521600
2016-09-07,24.8017520904541,24.893305603048898,24.506492929110838,24.68044442841715,169457200
2016-09-08,24.15172576904297,24.5522708926255,24.08763882866787,24.54769400241506,212008000
2016-09-09,23.604684829711914,24.197492247375678,23.604684829711914,23.9502983802517,186228000
2016-09-12,24.13340950012207,24.197496422009813,23.46735953427949,23.494826106333228,181171200
2016-09-13,24.70790672302246,24.900169254355387,24.545400084314608,24.607199441122198,248704800
2016-09-14,25.582237243652344,25.87063014465147,24.85667897528379,24.886434865548,443554800
2016-09-15,26.45199203491211,26.488614130670957,25.97591526747291,26.06060255423702,359934400
2016-09-16,26.303220748901367,26.580168830453403,26.10180443856475,26.348998373685482,319547600
2016-09-19,25.996517181396484,26.5916123030239,25.920985414072987,26.365018747291153,188092000
2016-09-20,25.994226455688477,26.1201127277421,25.751611181808023,25.87520813630495,138057200
2016-09-21,25.989648818969727,26.090356087477158,25.735588710853925,26.05831262755603,144012800
2016-09-22,26.23456382751465,26.307806300185078,26.092655772736435,26.172764454369986,124296000
2016-09-23,25.79738426208496,26.273460980543124,25.531881080100096,26.188773702492046,209924800
2016-09-26,25.83629608154297,25.95302682671023,25.53188321108831,25.552481829874388,119477600
2016-09-27,25.884366989135742,25.90496735870978,25.71270480971672,25.863768365799693,98429600
2016-09-28,26.081201553344727,26.23913128768944,25.96218323287002,26.021693266226208,118564400
2016-09-29,25.676084518432617,26.046875455570937,25.589109642617057,25.900390535124735,143548000
2016-09-30,25.875207901000977,25.9484503460104,25.58910432733329,25.74016610618626,145516400
2016-10-03,25.753896713256836,25.875206086826246,25.698965319910553,25.797385012201293,86807200
2016-10-04,25.863765716552734,26.163601733762686,25.779078421401593,25.877498130703476,118947200
2016-10-05,25.875207901000977,26.01482658464982,25.79280993208567,25.955316552380403,85812400
2016-10-06,26.067466735839844,26.17046331624547,25.893515286972285,26.02397843706358,115117200
2016-10-07,26.106374740600586,26.220816154327558,25.980490233243355,26.163595447464072,97433600
2016-10-10,26.561857223510742,26.722074530767596,26.257442593485038,26.326106405350398,144944000
2016-10-11,26.619077682495117,27.166107585717516,26.596187999190285,26.939512293910834,256164000
2016-10-12,26.857112884521484,27.003599515625737,26.722072840694022,26.85940220197684,150347200
2016-10-13,26.774721145629883,26.880007065108106,26.486328216305616,26.73123283788793,140769600
2016-10-14,26.923492431640625,27.0470893958653,26.809050992125677,26.9807131513981,142608800
2016-10-17,26.905181884765625,26.971556379926877,26.72894109816619,26.854827374308645,94499600
2016-10-18,26.886873245239258,27.056246094121228,26.882294609566905,27.049379886850563,98214000
2016-10-19,26.80675506591797,26.953239923143975,26.046864214219088,26.83650920227295,80138400
2016-10-20,26.793025970458984,26.866268412905413,26.625942467176934,26.747250098769054,96503200
2016-10-21,26.687742233276367,26.758697110259885,26.6144997848891,26.735807426320722,92770800
2016-10-24,26.928071975708008,26.948670597321588,26.779297750071155,26.80218568949886,94154800
2016-10-25,27.065399169921875,27.090576425127797,26.8502487149759,26.99673361095342,192516000
2016-10-26,26.456567764282227,26.481745017453612,25.934715146252724,26.163597996001634,264536800
2016-10-27,26.2025089263916,26.51836662459886,26.115532327492296,26.410791407794477,138248000
2016-10-28,26.028560638427734,26.369595630794517,25.96676128472614,26.062893418679984,151446800
2016-10-31,25.987367630004883,26.145297407755773,25.909546527113815,26.012544891566275,105677600
2016-11-01,25.51814842224121,26.040001040121055,25.29842109609378,25.96904791551526,175303200
2016-11-02,25.541038513183594,25.71498998256789,25.45864228688336,25.497551955515803,113326800
2016-11-03,25.26727294921875,25.642266892785667,25.20285698396342,25.531840025263218,107730400
2016-11-04,25.039514541625977,25.363897198636803,24.871573166671375,24.96819711570307,123348000
2016-11-07,25.40070915222168,25.423714605283607,25.18215296012447,25.324789577434114,130240000
2016-11-08,25.55023956298828,25.70207867743133,25.237360559169108,25.377696072141084,97016800
2016-11-09,25.50883674621582,25.610062853032144,24.85777377840301,25.27877868905412,236705600
2016-11-10,24.797958374023438,25.557148915104918,24.347044789302654,25.557148915104918,228538000
2016-11-11,24.945192337036133,25.04641843220124,24.512683871227594,24.643816878508083,136575600
2016-11-14,24.319433212280273,24.802554705796396,23.94443926956893,24.779549254715324,204702000
2016-11-15,24.64151382446289,24.772646821194414,24.422959414978134,24.517282287264077,129058000
2016-11-16,25.304079055786133,25.359294239810122,24.524182572280637,24.547188021355673,235362000
2016-11-17,25.294879913330078,25.386903477159905,25.037216040850755,25.262671929270162,110528000
2016-11-18,25.3201847076416,25.43061332773471,25.22816290530128,25.24196582461165,113715600
2016-11-21,25.704383850097656,25.76419767272217,25.30868376711859,25.333990290230282,117058400
2016-11-22,25.720487594604492,25.863122445096884,25.628464034646015,25.75499489378593,103862000
2016-11-23,25.589351654052734,25.653767612066698,25.38229910671984,25.619258561644013,109705600
2016-11-25,25.718185424804688,25.736590487051203,25.524935781622954,25.566346294075945,45903600
2016-11-28,25.667570114135742,25.874622658112738,25.626159605340344,25.635362135650787,108776000
2016-11-29,25.64226531982422,25.77339831396523,25.32248482963467,25.48582580442763,114115200
2016-11-30,25.426008224487305,25.812505717013426,25.368493727118555,25.67447127436906,144649200
2016-12-01,25.189054489135742,25.522639702654807,25.083228000599767,25.39150668912071,148347600
2016-12-02,25.28337860107422,25.327088434537696,25.041816960298217,25.115435461882715,106112000
2016-12-05,25.101625442504883,25.313278355303645,24.903775446348597,25.306376896982407,137298000
2016-12-06,25.294879913330078,25.38920454893661,25.12003707277725,25.191354501023707,104782000
2016-12-07,25.543346405029297,25.580156537536432,25.113138951375426,25.13614440659052,119994800
2016-12-08,25.794109344482422,25.865426778722618,25.44442012358082,25.504235708377816,108273200
2016-12-09,26.215105056762695,26.38764853477176,25.837810125265783,25.837810125265783,137610400
2016-12-12,26.065576553344727,26.4566745180519,25.879228347983513,26.06327548149486,105497600
2016-12-13,26.50037956237793,26.668320906667244,26.16909550595621,26.18979988188101,174935200
2016-12-14,26.50037956237793,26.73273686092633,26.452067596683612,26.465870513966813,136127200
2016-12-15,26.64531135559082,26.854664929891648,26.50957800933649,26.54408529722973,186098000
2016-12-16,26.679828643798828,26.80175911257715,26.606210148204177,26.794857652865684,177404400
2016-12-19,26.833967208862305,27.00420965154858,26.629215712268476,26.640719315305457,111117600
2016-12-20,26.905282974243164,27.031815579034852,26.84316808520206,26.856971003832687,85700000
2016-12-21,26.93058967590332,27.008810310809384,26.866173714923793,26.870775857967068,95132800
2016-12-22,26.75344467163086,26.804057711784225,26.6039066225968,26.767247589780606,104343600
2016-12-23,26.806354522705078,26.806354522705078,26.59240053536389,26.59240053536389,56998000
2016-12-27,26.97660255432129,27.100834089471928,26.799456904953356,26.806358364372283,73187600
2016-12-28,26.861572265625,27.151444078578333,26.732738593553627,27.03641507988799,83623600
2016-12-29,26.854671478271484,26.942092887589716,26.778751915988057,26.790253763022857,60158000
2016-12-30,26.64531135559082,26.962790690628545,26.55558889666271,26.836259872880024,122345200
2017-01-03,26.721240997314453,26.762651513638215,26.401460470504556,26.64072103646367,115127600
2017-01-04,26.691328048706055,26.80405773102062,26.6292131617844,26.65221861045156,84472400
2017-01-05,26.827062606811523,26.88457710485285,26.643015510998012,26.66832203055245,88774400
2017-01-06,27.12613868713379,27.183653185150572,26.79485461689209,26.86617203276788,127007600
2017-01-09,27.374595642089844,27.47582170420658,27.133035841860686,27.135335157670315,134247600
2017-01-10,27.402210235595703,27.46432512719422,27.21586380559681,27.32398959799397,97848400
2017-01-11,27.549442291259766,27.59085279664473,27.28487527103378,27.31708324686619,110354400
2017-01-12,27.434412002563477,27.44591560275894,27.195151511162045,27.35389206680409,108344800
2017-01-13,27.3861083984375,27.51954247853153,27.333194278674867,27.402212390503777,104447600
2017-01-17,27.606962203979492,27.662175636930506,27.19745921211967,27.225065050993486,137759200
2017-01-18,27.604660034179688,27.721990110335962,27.540244072432184,27.60696110572876,94852000
2017-01-19,27.55634880065918,27.62766622376003,27.46202592706161,27.468927386690293,102389200
2017-01-20,27.606962203979492,27.710487610163064,27.54484731131003,27.710487610163064,130391600
2017-01-23,27.625364303588867,27.793305656069048,27.554045132006674,27.60695924284487,88200800
2017-01-24,27.60005760192871,27.629964509038164,27.491930064774497,27.503433666464463,92844000
2017-01-25,28.039464950561523,28.090077985152917,27.671372546991893,27.70358052260405,129510400
2017-01-26,28.053272247314453,28.168301243893303,27.975051616935176,27.991155606248086,105350400
2017-01-27,28.055578231811523,28.147601801987605,27.975058266108807,28.099289822565975,82251600
2017-01-30,27.981952667236328,27.981952667236328,27.7587978915031,27.82091277645912,121510000
2017-01-31,27.91754150390625,27.926744035702466,27.749600125434853,27.871530600128644,196804000
2017-02-01,29.619970321655273,30.020272543535167,29.21966985497879,29.224270243127602,447940000
2017-02-02,29.569358825683594,29.767208875316427,29.39681530020404,29.44282796012069,134841600
2017-02-03,29.69589614868164,29.721202676842115,29.484243145161116,29.518750451558322,98029200
2017-02-06,29.974260330200195,30.02257406292655,29.65447979668952,29.70739567310579,107383600
2017-02-07,30.259523391723633,30.388355288483623,30.011060372083982,30.031764746119144,152735200
2017-02-08,30.376855850219727,30.41826811436979,30.18821012137677,30.218118783795905,92016400
2017-02-09,30.596357345581055,30.603288725916276,30.29598460376013,30.4184436905168,113399600
2017-02-10,30.527048110961914,30.716515292031392,30.51087606110025,30.605609651634992,80262000
2017-02-13,30.79737091064453,30.919833509046352,30.672602553228607,30.748851253837106,92141600
2017-02-14,31.19710350036621,31.213275546287704,30.78813442366091,30.83896689762997,132904800
2017-02-15,31.310314178466797,31.485918528736484,31.10467502535525,31.31262698873376,142492400
2017-02-16,31.273357391357422,31.400435071703008,31.155516852353124,31.347293303978862,90338400
2017-02-17,31.35884666442871,31.384262905527905,31.21559341039314,31.21559341039314,88792800
2017-02-21,31.58527183532715,31.596825310218332,31.418911668645606,31.47667551747599,98028800
2017-02-22,31.680017471313477,31.682326756921896,31.448961987903893,31.52289790926898,83347600
2017-02-23,31.545991897583008,31.76549381144753,31.4928501454238,31.74239038798178,83152800
2017-02-24,31.576034545898438,31.576034545898438,31.257176938072412,31.40274298088445,87106400
2017-02-27,31.63842010498047,31.756260637263946,31.488235477341306,31.686943299266535,81029600
2017-02-28,31.652278900146484,31.756253119716007,31.58527086321527,31.6730730389353,93931600
2017-03-01,32.29923629760742,32.3824163916019,31.79322787856917,31.860232400519113,145658400
2017-03-02,32.10746383666992,32.41245516840426,32.061249930553956,32.347759930593156,104844000
2017-03-03,32.29692840576172,32.30848188263105,32.02197187415191,32.06587297087968,84432400
2017-03-06,32.19526672363281,32.29462240405926,32.024287940837276,32.2021981053339,87000000
2017-03-07,32.236854553222656,32.34313807658122,32.06818155101605,32.13056750423803,69785200
2017-03-08,32.116703033447266,32.301548072577894,32.07511475059646,32.10514955744675,74828800
2017-03-09,32.042762756347656,32.068178992623274,31.666144833241777,32.05662904255546,88623600
2017-03-10,32.14905548095703,32.19988796249569,32.0335277548467,32.174471721726356,78451200
2017-03-13,32.16291809082031,32.21605985740259,32.07511941682055,32.082050798304046,69686800
2017-03-14,32.1143913269043,32.266885211484286,32.07973090151632,32.18601793683025,61236400
2017-03-15,32.454044342041016,32.52104885946369,32.123633273411656,32.21143545714722,102767200
2017-03-16,32.50718688964844,32.583435599648205,32.407831227906016,32.51411827004607,76928000
2017-03-17,32.345458984375,32.57882375766877,32.32235202535992,32.57882375766877,175540000
2017-03-20,32.68510055541992,32.69434122074406,32.40089985653458,32.44017885400737,86168000
2017-03-21,32.3107795715332,32.99470496460121,32.28536334179292,32.83527620765082,158119600
2017-03-22,32.67585754394531,32.717449353469824,32.2923046950709,32.313102362646134,103440800
2017-03-23,32.56032943725586,32.71282686095234,32.488702820993375,32.63888743408401,81385200
2017-03-24,32.49563217163086,32.74979452858138,32.42862765513974,32.69433996189426,89582400
2017-03-27,32.55108642578125,32.6296444169478,32.0288989566286,32.20681260478574,94300400
2017-03-28,33.225772857666016,33.281223906665865,32.491014727782115,32.55802277949188,133499200
2017-03-29,33.299713134765625,33.38520605590323,33.08483324044029,33.19804816408955,116760000
2017-03-30,33.25581359863281,33.38751691474966,33.15646143437077,33.3158902799325,84829200
2017-03-31,33.19343185424805,33.33437584126324,33.0432436734726,33.207294619261525,78646800
2017-04-03,33.202667236328125,33.29971010159959,33.052482605089835,33.20498004721343,79942800
2017-04-04,33.44990158081055,33.47762710917722,33.080211416330286,33.09869627711697,79565600
2017-04-05,33.27659606933594,33.609316373182615,33.228072889347786,33.3228064391757,110871600
2017-04-06,33.19343185424805,33.39213971257066,33.14490865107397,33.338994412516456,84596000
2017-04-07,33.11948013305664,33.31356582257368,33.10330808840969,33.20959159787709,66688800
2017-04-10,33.08021926879883,33.244270243705806,33.01783328953814,33.179574978408624,75733600
2017-04-11,32.7243766784668,33.121792239387545,32.361618016499676,33.02705868141359,121517600
2017-04-12,32.76365280151367,32.84452006719451,32.58111708135151,32.71744243174959,81400000
2017-04-13,32.59037399291992,32.897678183969354,32.59037399291992,32.78908183353735,71291600
2017-04-17,32.77058792114258,32.782141396308624,32.548773185081686,32.689717120605906,66328400
2017-04-18,32.62501907348633,32.81910474726567,32.60422493535825,32.67354225474382,58790000
2017-04-19,32.5048713684082,32.80986618297272,32.45172961458277,32.78214066369432,69313600
2017-04-20,32.91154098510742,33.02244662108617,32.6157902720797,32.629653035873716,93278400
2017-04-21,32.87226104736328,32.96699110581275,32.7752181779293,32.91154005220847,69283600
2017-04-24,33.188812255859375,33.260438897572406,33.08252517337647,33.15646462651713,68537200
2017-04-25,33.39445114135742,33.47994054817826,33.241953665168516,33.25119785952204,75486000
2017-04-26,33.19804000854492,33.41061409080594,33.12872620522698,33.38057575895097,80164800
2017-04-27,33.22345733642578,33.30895023936952,33.11255172184781,33.25349566926757,56985200
2017-04-28,33.19111251831055,33.341300669562116,33.103313848608956,33.2927774759267,83441600
2017-05-01,33.86810302734375,34.01135625590871,33.49379438464133,33.526142001595545,134411600
2017-05-02,34.08298873901367,34.217001325364414,33.928182007960174,34.08992012058126,181408800
2017-05-03,33.9790153503418,34.07837103137064,33.334372168846535,33.63936354242312,182788000
2017-05-04,33.856563568115234,33.99750757011488,33.69020331901312,33.85425428224311,93487600
2017-05-05,34.41801834106445,34.42263691120523,33.90969357549422,33.90969357549422,109310800
2017-05-08,35.35378646850586,35.51321526304212,34.434186938092864,34.434186938092864,195009600
2017-05-09,35.58022689819336,35.78586608965602,35.455454991771575,35.55249784919626,156521600
2017-05-10,35.41156005859375,35.56867961150019,35.145847678377294,35.49705297990931,103222800
2017-05-11,35.71780776977539,35.74565127496851,35.33731290713693,35.36979404638002,109020400
2017-05-12,36.21662521362305,36.29086629146974,35.884850329613776,35.89181032003133,130108000
2017-05-15,36.12382125854492,36.34422922660591,35.97301673833962,36.19574352326371,104038800
2017-05-16,36.07046127319336,36.207345816128424,35.896454418221445,36.17950585219005,80194000
2017-05-17,34.859378814697266,35.86166015777353,34.73409541690228,35.63661097305999,203070800
2017-05-18,35.390682220458984,35.57629029064586,35.063551935204295,35.09603308197353,134272800
2017-05-19,35.511322021484375,35.72477002721877,35.411559780401745,35.5855666531375,107843200
2017-05-22,35.72709274291992,35.8639773012021,35.4765224188457,35.72941156011525,91865600
2017-05-23,35.68299865722656,35.938206531456125,35.569312928958254,35.938206531456125,79675600
2017-05-24,35.5762825012207,35.76885052211112,35.42083679427562,35.69228707716587,76712000
2017-05-25,35.699256896972656,35.810623869469445,35.5043700053728,35.66677574837268,76942400
2017-05-26,35.63893508911133,35.78510202508662,35.56933161768597,35.72941853991041,87710400
2017-05-30,35.65283203125,35.82915764340433,35.57394980003706,35.59482976591507,80507600
2017-05-31,35.441715240478516,35.768848980184664,35.353554173882166,35.7224478598426,97804800
2017-06-01,35.53915786743164,35.57396136205059,35.31643107865565,35.536839050528435,65616400
2017-06-02,36.06582260131836,36.06582260131836,35.47187972823621,35.631966612345444,111082800
2017-06-05,35.713172912597656,35.83381868263159,35.604131850277305,35.80829753012786,101326800
2017-06-06,35.83381271362305,36.1493453010279,35.67836700705885,35.70620697236029,106499600
2017-06-07,36.04725646972656,36.188782177000014,35.8407684909353,35.96605540041843,84278400
2017-06-08,35.959102630615234,36.08670484231927,35.82221452940671,36.019423740514945,85003200
2017-06-09,34.56471633911133,36.00549447499846,33.87797135357596,36.00549447499846,259530800
2017-06-12,33.73876190185547,33.894207569448334,33.06361459113021,33.813006510950586,289229200
2017-06-13,34.010231018066406,34.20975909068001,33.67613717181295,34.14247797394997,136661600
2017-06-14,33.6784553527832,34.221356015522005,33.372201518307364,34.221356015522005,126124800
2017-06-15,33.476593017578125,33.52067531502955,32.994017182789065,33.25154743721436,128661600
2017-06-16,33.0079460144043,33.52532547863764,32.99170367301799,33.358278590962286,201444400
2017-06-19,33.95222091674805,34.04502670838691,33.330438043573054,33.330438043573054,130165600
2017-06-20,33.64363479614258,34.07517181859464,33.62739600173428,34.07517181859464,99600400
2017-06-21,33.84316635131836,33.8895710035528,33.55083615920216,33.76196529026394,85063200
2017-06-22,33.78749084472656,34.03573877374179,33.66916392232728,33.81997198142515,76425200
2017-06-23,33.93829345703125,34.142462613482856,33.66684321411892,33.67148438772323,141757600
2017-06-26,33.83156967163086,34.40231009217581,33.729485098153745,34.14477984187781,102769600
2017-06-27,33.3466682434082,33.91045221913847,33.32114709981254,33.643639619696934,99047600
2017-06-28,33.833892822265625,33.89885509731291,33.21442885223566,33.52300142879953,88329600
2017-06-29,33.335079193115234,33.6714953555342,33.010267738576154,33.57405191917247,125997600
2017-06-30,33.41395568847656,33.63204483576465,33.3582722231546,33.51371791447777,92096400
2017-07-03,33.29330825805664,33.710925376297865,33.20050602741556,33.61348197207128,57111200
2017-07-05,33.430198669433594,33.59260437172023,33.11234725637412,33.33739642246375,86278400
2017-07-06,33.11467361450195,33.29332169778916,33.04043250805533,33.181958268029426,96515200
2017-07-07,33.45107650756836,33.58332341824197,33.15410508801684,33.15410508801684,76806800
2017-07-10,33.655242919921875,33.86173089842264,33.263146934412056,33.43483496042663,84362400
2017-07-11,33.764286041259766,33.838530656946226,33.49747697651507,33.57867804222174,79127200
2017-07-12,33.81300735473633,33.915088384522775,33.5995594085281,33.84316613027823,99538000
2017-07-13,34.28399658203125,34.45104347027611,33.74341478259706,33.75733476658762,100797600
2017-07-14,34.578643798828125,34.645928438020356,34.18191011600604,34.33039583744347,80528400
2017-07-17,34.69929122924805,35.01018267036603,34.46960441447506,34.527606707527475,95174000
2017-07-18,34.81992721557617,34.83152837896584,34.49279352494887,34.6157580684877,71475200
2017-07-19,35.03802490234375,35.13082715177635,34.78977339783427,34.91273797141296,83692000
2017-07-20,34.880245208740234,35.20506005389073,34.845445261842336,35.14937659867638,68974800
2017-07-21,34.864017486572266,34.90345861897583,34.54152489557479,34.799055204945354,105010400
2017-07-24,35.286285400390625,35.36749005262227,34.778184584848944,34.9359527131384,85972800
2017-07-25,35.437076568603516,35.692284493098995,35.218987415187335,35.218987415187335,75415600
2017-07-26,35.604122161865234,35.71316319451389,35.51131638702401,35.57860101630619,63124000
2017-07-27,34.931297302246094,35.72709053321311,34.17494874241261,35.671407062358746,129905200
2017-07-28,34.68537139892578,34.854737104138636,34.613449121650966,34.77585483488103,68854800
2017-07-31,34.5067024230957,34.87791829128071,34.367499127658995,34.77815256638302,79383600
2017-08-01,34.81297302246094,34.85241415241093,34.43247816509669,34.59256504206811,141474400
2017-08-02,36.45792770385742,37.06347189329879,36.23055966565275,36.95442727963152,279747200
2017-08-03,36.09366989135742,36.474164805577196,35.96606413411134,36.437042487073036,108389200
2017-08-04,36.283905029296875,36.51823295889064,36.12149935828248,36.209663954052346,82239600
2017-08-07,36.845375061035156,36.870896210885,36.348875587739144,36.4393590208106,87481200
2017-08-08,37.1400260925293,37.54604211525849,36.720090086877995,36.79665353312838,144823600
2017-08-09,37.367393493652344,37.416116973301776,36.914976354816375,36.949776311581175,104526000
2017-08-10,36.17716979980469,37.26723470908686,36.016454281468874,37.24394126576149,163217200
2017-08-11,36.68027877807617,36.93416454339408,36.35186393739302,36.47531138153877,105028400
2017-08-14,37.23231506347656,37.31616652194303,36.9761012864729,37.108867576579,88490800
2017-08-15,37.639930725097656,37.77968080540851,37.29986544358438,37.42098502311984,117862000
2017-08-16,37.48851013183594,37.85186512027864,37.30217323789386,37.71910243792333,110686400
2017-08-17,36.76879119873047,37.43261533993221,36.76413179853818,37.388359923307966,111762400
2017-08-18,36.684932708740234,37.15077312408931,36.503255231080516,36.76878412566628,109712400
2017-08-21,36.61738967895508,36.77577372401931,36.12825579092864,36.684934979566464,105474000
2017-08-22,37.215999603271484,37.26724234582348,36.806061216936655,36.85497248223008,86418400
2017-08-23,37.2625846862793,37.37671690076482,37.00637451563045,37.050629936636696,77596400
2017-08-24,37.09720993041992,37.43960298887121,36.929507062848636,37.367394724546074,79275600
2017-08-25,37.234615325927734,37.39765872013271,37.097193290389214,37.18570053062653,101920400
2017-08-28,37.609622955322266,37.73307037035567,37.25092387633161,37.29983867949579,103864000
2017-08-29,37.94503402709961,37.99394528318715,37.26723533152812,37.29052877524253,118067600
2017-08-30,38.04752731323242,38.17330269453287,37.87516503492764,38.15234072332967,109078400
2017-08-31,38.19892120361328,38.320040729401555,38.077801677825,38.115069771003085,107140400
2017-09-01,38.2105712890625,38.41787018874405,38.11274520142325,38.385261492864295,66364400
2017-09-05,37.75169372558594,38.25712996283683,37.39765414570402,38.14066990206716,117874000
2017-09-06,37.712100982666016,37.963655162105084,37.38834212797745,37.89843780677784,86606800
2017-09-07,37.56071090698242,37.78897526638358,37.35108414451552,37.75403510325225,87714000
2017-09-08,36.94814682006836,37.53510339320149,36.924853369385254,37.46755807275102,114446000
2017-09-11,37.616615295410156,37.74472212642734,37.24161360138557,37.38369507686272,126323200
2017-09-12,37.46754837036133,38.18960250557941,36.98074594224573,37.87515877319203,286856000
2017-09-13,37.18571853637695,37.25792680327699,36.78043955369521,37.23696127852219,179629600
2017-09-14,36.866607666015625,37.127477143471076,36.82235226093013,37.03198256595404,95042800
2017-09-15,37.23928451538086,37.493166692687424,36.80139338088487,36.91086616450887,196458400
2017-09-18,36.957454681396484,37.383699154318606,36.80139854443826,37.29286040134051,113077600
2017-09-19,36.9714241027832,37.21366311254684,36.90387880537779,37.15310158306575,83242400
2017-09-20,36.35185623168945,36.86194846899141,35.830113719840035,36.778097057338464,211805600
2017-09-21,35.727638244628906,36.28897691957961,35.57856942162137,36.28897691957961,150046800
2017-09-22,35.37825393676758,35.4667647623346,35.068469601363695,35.296730433842086,186581600
2017-09-25,35.06614303588867,35.364280660403736,34.7423840426693,34.935708269423436,177549200
2017-09-26,35.66939926147461,35.85107673302411,35.33166568252132,35.352627647527754,146640000
2017-09-27,35.92327880859375,36.03741097766786,35.762563313762016,35.82312483591887,102016800
2017-09-28,35.70201873779297,35.93493900803122,35.56692455456503,35.84410024480155,88022000
2017-09-29,35.89767074584961,35.90000222315323,35.40388091253344,35.68571600201449,105199200
2017-10-02,35.8254508972168,35.97451966434531,35.57156876405851,35.93026426324657,74795200
2017-10-03,35.98152542114258,36.123606940273305,35.848762703901954,35.87205260046407,64921200
2017-10-04,35.74859619140625,35.83710701682054,35.51102011384265,35.78353635863432,80655200
2017-10-05,36.19347381591797,36.20512053804694,35.88136156571288,35.91163877835149,85135200
2017-10-06,36.17251968383789,36.21677510506576,36.000157399603395,36.09565556603391,69630400
2017-10-09,36.29828643798828,36.50558529280248,36.21676649297357,36.29129911567504,65051600
2017-10-10,36.31226348876953,36.801397407591345,36.12593014262862,36.349531579630025,62468000
2017-10-11,36.46366882324219,36.56382283295449,36.277331897223505,36.32857464073067,67622400
2017-10-12,36.3355598449707,36.654659457585346,36.27267038086556,36.41708335599889,64500400
2017-10-13,36.5661506652832,36.63369597276531,36.43105649623809,36.50558912676728,65576800
2017-10-16,37.23928451538086,37.267233803427715,36.719869885307716,36.77809993812558,96486000
2017-10-17,37.3767204284668,37.46988712584488,37.08789798006404,37.21600485452017,75989200
2017-10-18,37.21133804321289,37.43261512506398,37.17407350413148,37.36506626194702,65496800
2017-10-19,36.330894470214844,36.58710813067184,36.107293052070986,36.510244032534736,170336800
2017-10-20,36.3937873840332,36.74316774291992,36.32624207844399,36.477638812329246,95896400
2017-10-23,36.375144958496094,36.729184635748865,36.2190888606344,36.542847776453726,87937200
2017-10-24,36.591773986816406,36.66630662132224,36.3821436219765,36.403105592236166,71028800
2017-10-25,36.431053161621094,36.69658207534849,36.1655242478937,36.547513273853816,84828400
2017-10-26,36.663970947265625,36.761797008544235,36.51723007830754,36.62204346152888,68002000
2017-10-27,37.97764205932617,38.1057488893798,36.96443769463346,37.10185976956351,177816800
2017-10-30,38.83244705200195,39.146890670948736,38.133686613524105,38.17328261188165,178803200
2017-10-31,39.37282943725586,39.51491090283744,38.883699144821094,39.10730054876835,144187200
2017-11-01,38.872066497802734,39.58247408291886,38.57392881520999,39.56616795689383,134551200
2017-11-02,39.156219482421875,39.247058228740606,38.49705481387086,38.80451121930693,165573600
2017-11-03,40.178741455078125,40.588679798570986,39.85731038613164,40.528121815557064,237594400
2017-11-06,40.58635330200195,40.75871556536482,39.997065357610694,40.14846209750659,140105200
2017-11-07,40.716793060302734,40.81927855085233,40.43496151537272,40.50716623260138,97446000
2017-11-08,41.049861907958984,41.049861907958984,40.6049834233386,40.681847524405,97638000
2017-11-09,40.96601486206055,41.0172576015806,40.327812095180505,40.78666527374036,117930400
2017-11-10,40.8304328918457,40.996402330142,40.73693129386803,40.93328678973554,100582000
2017-11-13,40.666805267333984,40.79069649569724,40.533561738608874,40.556938922656,67928400
2017-11-14,40.052024841308594,40.5522659440664,40.01462277065098,40.449412033186846,99130000
2017-11-15,39.52373123168945,39.8135919089244,39.36010164246712,39.73177533088447,116632400
2017-11-16,39.99591827392578,40.17590901947847,39.80891152035712,40.014615739111214,94550000
2017-11-17,39.773841857910156,40.0637024759367,39.65462680301197,39.98188591460903,87598000
2017-11-20,39.73409652709961,39.86967629719186,39.63591881086512,39.80656077716391,65049600
2017-11-21,40.472782135009766,40.60368579254124,39.92111417337202,39.92111417337202,100525200
2017-11-22,40.898223876953125,40.907572609846746,40.451746085565624,40.524210357777335,102355600
2017-11-24,40.90056610107422,41.02445733931441,40.825761959645845,40.930955729386724,56106800
2017-11-27,40.69485092163086,40.92627217962039,40.51953275956953,40.91925973848651,82867200
2017-11-28,40.456417083740234,40.87717778066195,40.17356890543842,40.74393784446522,105715200
2017-11-29,39.61722946166992,40.421356022358474,39.07491378830195,40.35356790075893,166665600
2017-11-30,40.171241760253906,40.239029889391794,39.37412755223093,39.83930285607974,166108800
2017-12-01,39.984230041503906,40.12915858256177,39.38814756965987,39.72709530718462,159037200
2017-12-04,39.69203567504883,40.351230160635915,39.65229731659654,40.31850424386007,130169600
2017-12-05,39.65463638305664,40.094101782104794,39.36477569500352,39.519056556395874,109400800
2017-12-06,39.50736618041992,39.785538263351555,38.911287221974995,39.15439352879619,114240000
2017-12-07,39.579837799072266,39.84164516474968,39.483996328830415,39.512046098907895,102693200
2017-12-08,39.591514587402344,39.97254053034316,39.46295079005944,39.85332546546157,93420800
2017-12-11,40.362911224365234,40.414338164972506,39.45593089022615,39.55177233107214,141095200
2017-12-12,40.13618469238281,40.297478029125415,40.08008514350427,40.241374913388476,77636800
2017-12-13,40.26941680908203,40.566286349142075,40.206301267674334,40.3231800504292,95273600
2017-12-14,40.25772476196289,40.470444984363944,40.12448124896759,40.29979940805167,81906000
2017-12-15,40.666805267333984,40.71355606857073,40.3138326161104,40.58732854854576,160677200
2017-12-18,41.23950958251953,41.42184019960957,40.874848348339455,40.87952449840411,117684400
2017-12-19,40.800045013427734,40.99874037620498,40.69485481948698,40.91458750768088,109745600
2017-12-20,40.75563430786133,41.005753056380755,40.49849955063809,40.877185677769134,93902400
2017-12-21,40.90990447998047,41.146001870600934,40.69718783621033,40.71354900872024,83799600
2017-12-22,40.90990447998047,41.00574592435399,40.79068942247038,40.83276406623033,65397600
2017-12-26,39.87202835083008,40.082408726132456,39.66398070018009,39.925791590410505,132742000
2017-12-27,39.87904739379883,39.92112204908144,39.67100327556646,39.76216859553665,85992800
2017-12-28,39.991241455078125,40.17123576447634,39.850985500534065,39.97254042334844,65920800
2017-12-29,39.55878829956055,39.87669870309674,39.55645200818158,39.86033752972982,103999600
2018-01-02,40.26707077026367,40.27642306888876,39.565798181369,39.7761820981515,102223600
2018-01-03,40.260066986083984,40.80238628352514,40.19695500765061,40.33019497342311,118071600
2018-01-04,40.44707489013672,40.54992879885171,40.22500589642445,40.33253238872998,89738400
2018-01-05,40.90757369995117,40.99406285723671,40.45174716352319,40.54291247080879,94640000
2018-01-08,40.75563430786133,41.05016756597909,40.65745298829791,40.75563430786133,82271200
2018-01-09,40.75094223022461,40.92158419321893,40.5358857749913,40.80236916156911,86336000
2018-01-10,40.74160385131836,40.74394370972359,40.44005816620148,40.47746023211193,95839600
2018-01-11,40.973018646240234,41.02210929584681,40.788351771134415,40.8117253834916,74670800
2018-01-12,41.3961296081543,41.459245154422774,41.0595181171993,41.18340935111223,101672400
2018-01-16,41.18574905395508,41.933772604993706,41.17406046145214,41.58547252280897,118263600
2018-01-17,41.86598205566406,41.90104426428869,40.923939337469655,41.176394373281866,137547200
2018-01-18,41.903377532958984,42.099736587663685,41.66728368925117,41.9290910063812,124773600
2018-01-19,41.71636962890625,41.97817691644085,41.47092351341417,41.75143183103793,129700400
2018-01-22,41.375083923339844,41.557414516297534,41.2815823355666,41.44521189759825,108434400
2018-01-23,41.38443374633789,41.945453988337626,41.333010368506855,41.44521299016399,130756400
2018-01-24,40.72523880004883,41.44521244943131,40.486805111138345,41.43352385908979,204420400
2018-01-25,39.99826431274414,40.89589266839285,39.862684472538135,40.793038750522214,166116000
2018-01-26,40.091766357421875,40.20630887024904,39.752818536712894,40.20630887024904,156572000
2018-01-29,39.26192092895508,39.7761868421077,39.05387684544463,39.7761868421077,202561600
2018-01-30,39.030494689941406,39.12399627428952,38.499864103281,38.6938832793173,184192800
2018-01-31,39.13801956176758,39.37411693794769,38.92062678192371,39.00711592226718,129915600
2018-02-01,39.2198486328125,39.416204154709504,38.9814148894474,39.077256358536815,188923200
2018-02-02,37.51808547973633,38.99075870726561,37.424583889707215,38.80375196035035,346375200
2018-02-05,36.58072280883789,38.30819107991556,36.46618031736213,37.19083019912959,290954000
2018-02-06,38.10948944091797,38.270782705665994,35.99865925194776,36.19267842788692,272975200
2018-02-07,37.293670654296875,38.19597476327134,37.18380790882007,38.12351050765929,206434400
2018-02-08,36.267486572265625,37.634969821723445,36.23943680447615,37.46900037296808,217562000
2018-02-09,36.71107864379883,37.058449261240575,35.26291495408006,36.86598846911432,282690400
2018-02-12,38.18976593017578,38.46672273816519,36.96926786105699,37.20163266035302,243278000
2018-02-13,38.572330474853516,38.668562658760024,37.94095852973828,38.01137241019179,130196800
2018-02-14,39.28351593017578,39.32341630642415,38.22966752219258,38.26721850010876,162579600
2018-02-15,40.60258483886719,40.626053748209934,39.66608832808962,39.85150811191413,204588800
2018-02-16,40.47114562988281,41.032107382495894,40.31623936113969,40.45471775078253,160704400
2018-02-20,40.33502197265625,40.900671851907454,40.234094542494496,40.38196338095014,135722000
2018-02-21,40.151947021484375,40.867811539145606,40.13786137607023,40.56503641863772,149886400
2018-02-22,40.487586975097656,40.82791670005755,40.30216713810029,40.32329023698601,123967600
2018-02-23,41.19171905517578,41.22692422009872,40.73168460558105,40.762198136114456,135249600
2018-02-26,42.00615692138672,42.10473494491624,41.35835694616437,41.391216287340875,152648800
2018-02-27,41.87002944946289,42.36057381022389,41.81604700695905,42.03667557380085,155712400
2018-02-28,41.8066520690918,42.39342858513631,41.790224188970356,42.07422201715211,151128400
2018-03-01,41.07435607910156,42.19627249006448,40.52513412020834,41.90523004911441,195208000
2018-03-02,41.35835647583008,41.37947957033199,40.47584232615504,40.55799246886187,153816000
2018-03-05,41.50154113769531,41.71747451781942,40.96170589668479,41.123656827127995,113605600
2018-03-06,41.46631622314453,41.83715935575729,41.33957409039291,41.75735862101,95154000
2018-03-07,41.08139419555664,41.27385859802717,40.90301543683224,41.06027110203652,126814000
2018-03-08,41.529685974121094,41.57193215474558,41.0907783844388,41.18700698966086,95096400
2018-03-09,42.24320983886719,42.24790505333158,41.6353102868023,41.76909703854284,128740800
2018-03-12,42.651611328125,42.80886700334209,42.29719960470139,42.31597330142616,128828400
2018-03-13,42.2408561706543,43.069384090349125,42.06951847924452,42.85579663941172,126774000
2018-03-14,41.88175964355469,42.36995811673612,41.73389082089603,42.32301671345703,117473600
2018-03-15,41.93104553222656,42.30423809273555,41.79491654145905,41.89584037623486,90975200
2018-03-16,41.78319549560547,42.041375090064086,41.689309076474494,41.931060785960625,157618800
2018-03-19,41.14476776123047,41.65408931941201,40.75984253110528,41.61888416294302,133787200
2018-03-20,41.13068771362305,41.49683568443578,41.06027381583607,41.13068771362305,78597600
2018-03-21,40.198875427246094,41.09546783304174,40.19652602973703,41.08373158969234,148219600
2018-03-22,39.630889892578125,40.529828421739076,39.57221223717389,39.900805674877645,165963200
2018-03-23,38.713165283203125,39.88202301847782,38.713165283203125,39.522916102330775,164115200
2018-03-26,40.550960540771484,40.62841548606614,39.065241676811105,39.44782118743007,150164800
2018-03-27,39.51117706298828,41.1095554946715,39.17788847855881,40.76453066529328,163690400
2018-03-28,39.074623107910156,39.90550071027378,38.77184798320467,39.25535128853273,166674000
2018-03-29,39.37974166870117,40.31154297775571,39.17319520783287,39.386782699739925,153594000
2018-04-02,39.12156677246094,39.65201509761951,38.60285827668735,39.11217992291302,150347200
2018-04-03,39.522926330566406,39.607422308079656,38.69909323586246,39.3468933425305,121112000
2018-04-04,40.2786865234375,40.37256933160999,38.6732668664508,38.69908517590817,138422000
2018-04-05,40.557987213134766,40.89362160917028,40.38899531621928,40.506350601221754,107732800
2018-04-06,39.52057647705078,40.482887897857516,39.478326701909054,40.12847614077942,140021200
2018-04-09,39.912540435791016,40.62605912311723,39.865599029495826,39.87264006137012,116070800
2018-04-10,40.66362380981445,40.83965681332014,40.259921168596016,40.60494614197922,113634400
2018-04-11,40.4734992980957,40.82087000785947,40.29981215251393,40.42420849279554,89726400
2018-04-12,40.872501373291016,41.074352620855194,40.61431829568591,40.70116364800726,91557200
2018-04-13,41.01097869873047,41.27150758615567,40.80443582338923,41.02271494402695,100497200
2018-04-16,41.266822814941406,41.353664598056646,41.0344580124711,41.08139942006313,86313600
2018-04-17,41.83482360839844,41.999120331657075,41.40530272955087,41.42408000955185,106421600
2018-04-18,41.740928649902344,41.9709475967017,41.515608498889755,41.733887619020656,83018000
2018-04-19,40.557987213134766,41.165886729911804,40.525127876590034,40.78330735475603,139235200
2018-04-20,38.896240234375,40.18714851166951,38.8281721559885,40.04162908827687,261964400
2018-04-23,38.78357696533203,39.17788901493464,38.51365765341196,39.156765922577186,146062000
2018-04-24,38.243743896484375,39.039412648935595,37.84004139740122,38.88450280085499,134768000
2018-04-25,38.410396575927734,38.82583543069064,38.119357660993536,38.16864489208386,113528400
2018-04-26,38.54417037963867,38.898582053680634,38.34466496108976,38.52069788990382,111852000
2018-04-27,38.09823226928711,38.56999935976334,37.70157072022894,38.49254441988215,142623200
2018-04-30,38.78828048706055,39.25770178412414,37.98557049884984,38.053638592508214,169709600
2018-05-01,39.6895637512207,39.71303266229741,38.790621726653995,39.05819166644517,214277600
2018-05-02,41.442867279052734,41.71982416767574,40.79271768022978,41.12835223997469,266157600
2018-05-03,41.517967224121094,41.661140865562984,40.94292684113001,41.28091075413384,136272800
2018-05-04,43.146854400634766,43.24543243285755,41.81839141046121,41.8371686901322,224805200
2018-05-07,43.45903015136719,44.04815266592173,43.36279791351144,43.46372178633522,169805600
2018-05-08,43.66791534423828,43.707815723321396,43.1093028742744,43.41912263854349,113611200
2018-05-09,43.975379943847656,43.98476679241279,43.473099382720285,43.78526492315641,92844800
2018-05-10,44.604400634765625,44.68185556216297,44.04344244670562,44.064569122468185,111957200
2018-05-11,44.434757232666016,44.78111254653238,44.16615551938289,44.64681348749568,104848800
2018-05-14,44.331085205078125,44.656235967916004,44.262758245240285,44.53371481746541,83115200
2018-05-15,43.928192138671875,44.076631181678145,43.61246796024898,44.00830061465196,94780800
2018-05-16,44.338157653808594,44.404133352868826,43.82451718880194,43.841012012369504,76732400
2018-05-17,44.05778884887695,44.51017064166061,43.909349781090896,44.29575945379428,69176000
2018-05-18,43.897560119628906,44.25098366663279,43.85515101968935,44.10490308433846,73190800
2018-05-21,44.20857620239258,44.59498581760541,44.03893260593715,44.295752863411764,73603200
2018-05-22,44.097835540771484,44.50309483483212,44.008300423764275,44.385286984121706,60962800
2018-05-23,44.38057327270508,44.41355932680517,43.76797101632021,43.90698701129441,80233600
2018-05-24,44.331085205078125,44.493660586497064,43.87399384244604,44.47716935972642,92936000
2018-05-25,44.43239974975586,44.68450662598143,44.21327532554309,44.34993283409535,69844000
2018-05-29,44.272178649902344,44.47245338801161,44.02949482101763,44.20149683194327,90056400
2018-05-30,44.17793655395508,44.29574438476563,44.00829298997112,44.2297722871285,74762000
2018-05-31,44.029502868652344,44.349940351070494,43.8575044214986,44.11196979829037,109931200
2018-06-01,44.82352828979492,44.82823801484715,44.23684395189632,44.293393009412675,93770000
2018-06-04,45.19815444946289,45.57278250226014,45.0850599344167,45.15338689688778,105064800
2018-06-05,45.546875,45.6953140564857,45.323040781395484,45.49032952721355,86264000
2018-06-06,45.70473098754883,45.72829399486384,45.219363236624766,45.622267652366574,83734400
2018-06-07,45.582218170166016,45.756571499725034,45.31832612251338,45.74243513194571,85388800
2018-06-08,45.16753387451172,45.238219311227645,44.71279724984477,45.04265782757154,106627200
2018-06-11,45.056793212890625,45.23115014029129,44.816467766594464,45.0850695440865,73234000
2018-06-12,45.30418395996094,45.381937568012425,45.0379370834704,45.09448614256514,67644400
2018-06-13,44.931915283203125,45.44555940171566,44.870656492735385,45.337174592969205,86553600
2018-06-14,44.95545959472656,45.136884623053184,44.818802108019014,45.13217130414356,86440400
2018-06-15,44.49367141723633,44.80468589134723,44.35701386908553,44.77405469747586,246876800
2018-06-18,44.4701042175293,44.5831987359482,44.107254061254174,44.26747459129005,73939600
2018-06-19,43.75148010253906,43.902274007400344,43.22369963791943,43.62189074792149,134314000
2018-06-20,43.942325592041016,44.10725585377342,43.76090050653034,43.90698467710195,82514800
2018-06-21,43.697288513183594,44.37821773005367,43.57476734474176,44.11903902665944,102847600
2018-06-22,43.57004928588867,43.85985555346904,43.51821355084701,43.852787370982426,108801600
2018-06-25,42.922115325927734,43.570058556606334,42.5828281135387,43.21192165517229,126652400
2018-06-26,43.454612731933594,43.94940726420574,43.00929909097313,43.11532905875371,98276800
2018-06-27,43.390987396240234,44.126107216581914,43.360356205322596,43.64309432120707,101141200
2018-06-28,43.70670700073242,43.87399570915046,43.306161078797324,43.37684649918818,69460800
2018-06-29,43.614803314208984,44.104884187503366,43.09644971973508,43.892827993030835,90950800
2018-07-02,44.10254669189453,44.13082302172207,43.21663292019015,43.310881360931305,70925200
2018-07-03,43.334434509277344,44.283965391794474,43.244899402321124,44.24626602094871,55819200
2018-07-05,43.68314743041992,43.92112157794117,43.41925900843449,43.65016137767174,66416800
2018-07-06,44.28867721557617,44.39705840908352,43.636020811298415,43.6878565456575,69940800
2018-07-09,44.90363311767578,44.92719252665673,44.60204535912611,44.64916777229769,79026400
2018-07-10,44.84944152832031,45.06856236255624,44.809383703042094,44.93426330823316,63756400
2018-07-11,44.26747512817383,44.715143482285086,44.203857887887295,44.41355569937035,75326000
2018-07-12,45.00965881347656,45.09919391389085,44.60439959451979,44.65623532684284,72164400
2018-07-13,45.08035659790039,45.20051932204773,44.97903996775959,45.02145266730081,50055600
2018-07-16,44.98139190673828,45.391360903359555,44.86593892521994,45.12511762037944,60172400
2018-07-17,45.10862731933594,45.20758548689798,44.578491967618255,44.708081328191334,62138000
2018-07-18,44.86122131347656,45.19108540259918,44.750481662975155,45.18637208262621,65573600
2018-07-19,45.20994186401367,45.36780395227822,44.693942903525354,44.693942903525354,81147200
2018-07-20,45.106266021728516,45.33952324227363,44.80703310367688,45.18637448948724,82704800
2018-07-23,45.14630889892578,45.2287758036567,44.66329616094973,44.92718450375423,63957600
2018-07-24,45.47382354736328,45.62933074980564,45.24998938365914,45.34423421199465,74791600
2018-07-25,45.90264129638672,45.909709478060186,45.339516458198204,45.487955463759825,66839600
2018-07-26,45.7589111328125,46.171238467728884,45.61754032275755,45.85315594270977,76304000
2018-07-27,44.997886657714844,45.98983036478812,44.79054728056739,45.942707942491445,96096000
2018-07-30,44.745765686035156,45.28532390323262,44.54784941734162,45.21463849435372,84118000
2018-07-31,44.83529281616211,45.271183132465225,44.611458705847895,44.83765127319428,157492000
2018-08-01,47.4765510559082,47.53780982751144,46.48932095747742,46.91814314432803,271742800
2018-08-02,48.86433410644531,49.097594916163985,47.20560135629759,47.25979195423673,249616000
2018-08-03,49.00570297241211,49.18241471941246,48.414305358183405,48.7795103543594,133789600
2018-08-06,49.260169982910156,49.302579077921635,48.78893864166359,49.008059489642534,101701600
2018-08-07,48.79836654663086,49.36148791169574,48.715899615615555,49.31907881246056,102349600
2018-08-08,48.83134841918945,48.9632926213491,48.18811863605624,48.548610329531655,90102000
2018-08-09,49.21540069580078,49.427453353804616,48.81956451359469,49.3685494382247,93970400
2018-08-10,49.06880569458008,49.44002134910859,48.865465439702334,49.02861098938335,98444800
2018-08-13,49.385643005371094,49.87744283435731,49.10900627803238,49.48967807024764,103563600
2018-08-14,49.59371566772461,49.785233134291715,49.24141574509612,49.690657765657285,82992000
2018-08-15,49.70957946777344,49.827800496523814,49.25797427207032,49.468407558933215,115230400
2018-08-16,50.43781280517578,50.55366708451775,50.00039363053768,50.066597106681336,114001600
2018-08-17,51.445064544677734,51.53254695356063,50.3999910582582,50.466194547329515,141708000
2018-08-20,50.94379425048828,51.82335515995268,50.86103810842803,51.568000978126,121150800
2018-08-21,50.84449005126953,51.3528425555406,50.60568491149106,51.26063031267377,104639200
2018-08-22,50.84685134887695,51.15658978265497,50.560754949723034,50.62223217694636,76072400
2018-08-23,50.95090103149414,51.3197500694594,50.74046774148476,50.75228695828093,75532800
2018-08-24,51.10930252075195,51.28426728810176,50.861037704362104,51.21333757583482,73905600
2018-08-27,51.530174255371094,51.71932859234506,51.14950246004533,51.34338303977495,82100400
2018-08-28,51.94630432128906,52.14491472640033,51.7618798582831,51.78315877144107,91107200
2018-08-29,52.721839904785156,52.8424276423776,51.8777437807323,52.0527085641898,109019200
2018-08-30,53.20654296875,53.97024961852312,52.58469935427872,52.78567649739625,195175200
2018-08-31,53.8212890625,54.11447480869955,53.43588748059386,53.55647159158061,173360400
2018-09-04,53.993892669677734,54.18777322429528,53.58484903952322,54.00571549067332,109560400
2018-09-05,53.6415901184082,54.30362837496612,53.22309041713026,54.14284956250599,133332000
2018-09-06,52.750213623046875,53.75509216076385,52.32461728550888,53.49027465750758,137160000
2018-09-07,52.324615478515625,53.2869325453365,52.18511556397365,52.45465930046942,150479200
2018-09-10,51.622398376464844,52.45467548595915,51.18261597513305,52.2418754549678,158066000
2018-09-11,52.92754364013672,53.033941819572114,51.20387942357245,51.54671960522813,142996000
2018-09-12,52.270240783691406,53.19945622059127,51.97941449205581,53.18527027618349,197114800
2018-09-13,53.53284454345703,53.99154269031417,52.624907951969114,52.8495271742845,166825600
2018-09-14,52.92518615722656,53.63451228780782,52.613084535836826,53.376791326239925,127997200
2018-09-17,51.5159797668457,52.714738729611575,51.37175001470513,52.525584424011406,148780400
2018-09-18,51.601097106933594,52.45465276750049,51.33627964580432,51.49469533361137,126286800
2018-09-19,51.63184356689453,51.927396096554034,50.90596843011665,51.66258218448119,108495200
2018-09-20,52.02434539794922,52.55634002502186,51.81627523374747,52.07399981724989,106435200
2018-09-21,51.46397018432617,52.33880492393241,51.37648418489235,52.20166812140533,384986800
2018-09-24,52.204036712646484,52.31516476068613,51.220440562753595,51.265365127852924,110773600
2018-09-25,52.53504180908203,52.68400140445,51.9463000058917,51.95812282593677,98217600
2018-09-26,52.116546630859375,52.903898945307674,51.96049404071963,52.25368342754412,95938800
2018-09-27,53.1876220703125,53.539921915292425,52.85423801645415,52.920445089288755,120724800
2018-09-28,53.374420166015625,53.398062202116094,52.96773962377275,53.14979737223942,91717600
2018-10-01,53.733802795410156,54.244518335419805,53.51864333667554,53.89694833800921,94403200
2018-10-02,54.21142578125,54.381664323409666,53.584855874564354,53.73144877171672,99152800
2018-10-03,54.871097564697266,55.20211492695663,54.3296433555075,54.39348370673561,114619200
2018-10-04,53.90642166137695,54.93730909364432,53.60850238383533,54.566093361412044,128168000
2018-10-05,53.031578063964844,54.00572162104816,52.15438020692258,53.89932343564714,134322000
2018-10-08,52.90862274169922,53.15215769186115,52.06452314346974,52.53977383107797,118655600
2018-10-09,53.6415901184082,53.73616907381262,52.54922934016951,52.87788354358608,107564000
2018-10-10,51.15660095214844,53.51865827828025,51.08330449551882,53.30822500274197,167962400
2018-10-11,50.704978942871094,51.89901159404719,50.20136000805382,50.72153161226197,212497600
2018-10-12,52.51613998413086,52.69820135934952,51.27008946263702,52.116552371945346,161351600
2018-10-15,51.393035888671875,52.44993197126722,51.37175697346174,52.29151625611603,123164000
2018-10-16,52.52558517456055,52.72419918257883,51.251163028216794,51.764241699309125,116736000
2018-10-17,52.29860305786133,52.64144321335758,51.86118394400235,52.56105380461304,91541600
2018-10-18,51.07619857788086,51.95576305015513,50.362142773439196,51.51125096413181,130325200
2018-10-19,51.854087829589844,52.315148949225154,51.40957577177829,51.55853536728283,132314800
2018-10-22,52.170936584472656,52.81169612366842,51.76662270171441,51.96759627834825,115168400
2018-10-23,52.66272735595703,52.785678210129554,50.76409832307149,51.03127894622945,155071200
2018-10-24,50.85631561279297,53.017395633132395,50.72627177410019,52.63199757568536,163702000
2018-10-25,51.96995162963867,52.3435304176031,51.248802817676285,51.47578872209439,119423200
2018-10-26,51.14240646362305,52.06216571984942,50.28412082995475,51.04782749681985,189033600
2018-10-29,50.182464599609375,51.94395724211877,48.72834375182358,51.82573621097291,183742000
2018-10-30,50.433074951171875,50.87758341933534,49.48021406236967,49.92472253053314,146640000
2018-10-31,51.74769592285156,52.12363783449441,51.218064547531675,51.27954177612992,153435600
2018-11-01,52.542152404785156,52.57525414732443,51.26300005412576,51.79263154257351,233292800
2018-11-02,49.05699157714844,50.51583847534508,48.572284692079506,49.546428313026276,365314800
2018-11-05,47.66435623168945,48.32639475211834,46.85572478172848,48.305115831602976,264654800
2018-11-06,48.17978286743164,48.40440202496884,47.68798312025159,47.74236376500268,127531600
2018-11-07,49.6410026550293,49.66701142221143,48.264911939279166,48.69996440139942,133697600
2018-11-08,49.467796325683594,49.85453905967433,49.054950457423345,49.821321825704445,101450400
2018-11-09,48.51398468017578,48.87937427397922,47.987251640765706,48.77023347938126,137463200
2018-11-12,46.07012939453125,47.41780773297329,45.97996678297015,47.21612935039931,204542000
2018-11-13,45.60983657836914,46.78430756047721,45.42476859914762,45.467478543802656,187531600
2018-11-14,44.32147216796875,46.14368081930121,44.11504743544878,46.00606553775681,243204000
2018-11-15,45.415279388427734,45.54814833515879,44.34520285307609,44.698732002376936,185915200
2018-11-16,45.91828918457031,46.25995429565413,44.9526142307228,45.19937035516797,147713200
2018-11-19,44.09844207763672,45.24681341876194,43.892020958745455,45.080727252963975,167701200
2018-11-20,41.99150466918945,43.05683460015604,41.64272195581489,42.32130559172112,271300800
2018-11-21,41.94407272338867,42.77213610850644,41.88950231051062,42.6440098621219,124496800
2018-11-23,40.87873458862305,41.90135851863127,40.83365689452534,41.507494383952164,94496000
2018-11-26,41.43156433105469,41.50986287918792,40.39708001756018,41.341405328689035,179994000
2018-11-27,41.341407775878906,41.46715900960743,40.54419042635813,40.693666190363125,165549600
2018-11-28,42.93109130859375,43.014132585864616,41.505114329859374,41.932195651447095,184250000
2018-11-29,42.601287841796875,43.37240554234032,42.16234247178632,43.33918830928703,167080000
2018-11-30,42.37113952636719,42.78635675904082,42.003374967632006,42.77686405200895,158126000
2018-12-03,43.85167694091797,43.88014781476748,42.99514315535249,43.76626069896329,163210000
2018-12-04,41.92271041870117,43.2751317110597,41.82305870457027,42.93346662237809,165377200
2018-12-06,41.45528793334961,41.46952337319293,40.435039173164846,40.75297606435523,172393600
2018-12-07,39.977115631103516,41.40071754199759,39.9320343246601,41.163450556848574,169126400
2018-12-10,40.24048614501953,40.356744662283546,38.7528209859677,39.14905645625793,248104000
2018-12-11,40.01034164428711,40.76010273038026,39.623595215094355,40.72926047741938,189126800
2018-12-12,40.121856689453125,40.79094783925062,40.10287489238267,40.430300935727146,142510800
2018-12-13,40.560794830322266,40.94516985024621,40.22862246288901,40.45165403262589,127594400
2018-12-14,39.26294708251953,40.1171098380698,39.21549440063509,40.09812804123451,162814800
2018-12-17,38.89755630493164,39.943904744588174,38.61046161430654,39.25582820608512,177151600
2018-12-18,39.40293502807617,39.74934284350836,39.00432455915935,39.239220208007154,135366000
2018-12-19,38.17388916015625,39.730360169185076,37.74680781733559,39.38632372817106,196189200
2018-12-20,37.210594177246094,38.463363988754615,36.84757585802534,38.05763571529184,259092000
2018-12-21,35.76325225830078,37.52614787017046,35.50226074249866,37.217700060216195,382978400
2018-12-24,34.83791732788086,35.95781796306272,34.780971939167266,35.151107914787005,148676800
2018-12-26,37.29124450683594,37.30547994396388,34.81180570914823,35.18668790861084,234330000
2018-12-27,37.049232482910156,37.19634045254991,35.60665262499373,36.975680308293434,212468400
2018-12-28,37.068233489990234,37.61157711002897,36.66962654849139,37.3695636838857,169165600
2018-12-31,37.42649841308594,37.810869799996105,37.12753967179389,37.61393775275985,140014000
2019-01-02,37.46920394897461,37.6898641400753,36.59368814570471,36.75028523353009,148158800
2019-01-03,33.73699951171875,34.57455183641599,33.69191819683805,34.16170590164323,365248800
2019-01-04,35.17721176147461,35.24602123385648,34.11900273892931,34.29220667285654,234428400
2019-01-07,35.098907470703125,35.31244995449789,34.61725572428317,35.28160408429917,219111200
2019-01-08,35.76799392700195,36.0218713099174,35.23888962424999,35.485645667649806,164101200
2019-01-09,36.375404357910156,36.66487039683081,35.50226350768915,35.89612398881753,180396400
2019-01-10,36.49165725708008,36.53199220371461,35.79409185202172,36.18320950118543,143122800
2019-01-11,36.13338851928711,36.46793584598435,35.94832055566885,36.273378795691265,108092800
2019-01-14,35.59004592895508,35.89137599820077,35.40497797975705,35.7917243040485,129756800
2019-01-15,36.318458557128906,36.3943821085161,35.601911260051914,35.65411028555859,114843600
2019-01-16,36.762149810791016,36.98518137158213,36.30185124837653,36.32083304295525,122278800
2019-01-17,36.980438232421875,37.40751959655014,36.36354252641356,36.58657410659207,119284800
2019-01-18,37.208213806152344,37.45971625451414,37.00890676859886,37.369553633249645,135004000
2019-01-22,36.37302780151367,37.186851783715795,36.211684376745275,37.110928234724035,121576000
2019-01-23,36.5201416015625,36.80960767396495,35.9934084941028,36.57471200591153,92522400
2019-01-24,36.23066329956055,36.6529981897714,36.002889050218684,36.565210574963224,101766000
2019-01-25,37.431243896484375,37.519035156053725,36.615048386108995,36.890275378715764,134142000
2019-01-28,37.084835052490234,37.091952773285364,36.458450279667375,36.963826558158345,104768400
2019-01-29,36.70046615600586,37.51904038821024,36.565225817907695,37.07297716838964,166348800
2019-01-30,39.2083740234375,39.42191288765638,38.017292600660475,38.73383999592237,244439200
2019-01-31,39.490726470947266,40.09812951029959,39.04466327999454,39.412427913785926,162958400
2019-02-01,39.50969696044922,40.09337168073329,39.369706696277575,39.61409500678469,130672400
2019-02-04,40.63197326660156,40.72925360434192,39.69002299817537,39.72086886633868,125982000
2019-02-05,41.3271598815918,41.54070233089087,40.89296450420444,41.013969357855885,144406400
2019-02-06,41.341407775878906,41.65697335385666,41.011606755653766,41.43868450470518,112958400
2019-02-07,40.55842590332031,41.27022697955856,40.416064239909666,40.90483373299473,126966800
2019-02-08,40.6060791015625,40.665650250891964,40.131891443963546,40.26771540968325,95280000
2019-02-11,40.372554779052734,40.796704677929405,40.329665299757814,40.75857827237781,83973600
2019-02-12,40.720455169677734,40.7466666211287,40.436895913781186,40.53221193539128,89134000
2019-02-13,40.551265716552734,41.099320945808756,40.48931303829851,40.8395916413653,89960800
2019-02-14,40.69900894165039,40.80861781758018,40.36064525814671,40.43927960962729,87342800
2019-02-15,40.60847091674805,40.913474987637784,40.44882063244915,40.806247618891994,98507200
2019-02-19,40.729984283447266,40.85151175450796,40.38685751910222,40.43928042114127,75891200
2019-02-20,40.992095947265625,41.29948509114437,40.7442815842349,40.791937772979175,104457600
2019-02-21,40.76097106933594,41.07312337466057,40.5798760468402,40.93730301677255,68998800
2019-02-22,41.21607971191406,41.22322795767942,40.83720814261498,40.88486432636196,75652800
2019-02-25,41.51633071899414,41.907117372895385,41.44961131242088,41.49965268531831,87493600
2019-02-26,41.54015350341797,41.77128984933254,41.263742503117236,41.39241821936573,68280800
2019-02-27,41.6688117980957,41.69978994841313,41.15888308359243,41.273262268179934,111341600
2019-02-28,41.25897216796875,41.67835534148874,41.20416773449612,41.53776831669921,112861600
2019-03-01,41.69266128540039,41.73555077281449,41.19702882720667,41.52824431177665,103544800
2019-03-04,41.90235137939453,42.35509069759693,41.45437513566205,41.86422496802693,109744800
2019-03-05,41.826087951660156,41.938081984197204,41.59018493156289,41.92378549254291,78949600
2019-03-06,41.585426330566406,41.81656266632499,41.447220836488704,41.62116756354591,83241600
2019-03-07,41.104095458984375,41.566368186765395,40.989719863594985,41.43054421304361,99185600
2019-03-08,41.2017936706543,41.23992008169563,40.3892422605175,40.584637390153304,95997600
2019-03-11,42.62910842895508,42.681531325611424,41.78320110804429,41.816560802649775,128044000
2019-03-12,43.108062744140625,43.52744228144765,42.74110246755472,42.891222911242956,129870400
2019-03-13,43.29869079589844,43.67756238941142,43.11044394955633,43.42736286383217,124130000
2019-03-14,43.78001403808594,43.86818178331635,43.501221584746304,43.820521970355806,94318000
2019-03-15,44.349525451660156,44.63785139707803,43.7824106162076,44.04690664893718,156171600
2019-03-18,44.802276611328125,44.89044075986763,44.27089927495176,44.27328444822138,104879200
2019-03-19,44.44723129272461,45.03341307639729,44.30187752445981,44.8809110601797,126585600
2019-03-20,44.83562469482422,45.152543603093804,44.01830674487972,44.37573359295211,124140800
2019-03-21,46.48694610595703,46.782420346635014,45.228803590706896,45.27884496121636,204136800
2019-03-22,45.52425765991211,47.106466705960244,45.459919822317524,46.54649663713052,169630800
2019-03-25,44.97383499145508,45.74587473890536,44.46390611241121,45.63388069031745,175381200
2019-03-26,44.50917434692383,45.96033017793337,43.98256747013785,45.66962270436676,199202000
2019-03-27,44.90949630737305,45.216881824139065,44.45199033761694,44.97621570071659,119393600
2019-03-28,44.96907043457031,45.16922862786753,44.68551117609868,45.023874875034785,83121600
2019-03-29,45.26215362548828,45.2931317832796,44.92617150707696,45.233560640409536,94256000
2019-04-01,45.56953811645508,45.6743802630411,44.888044166010914,45.66485048096369,111448000
2019-04-02,46.23196792602539,46.33681370641152,45.524262544352574,45.53379232623605,91062800
2019-04-03,46.54890060424805,46.822926454826096,46.02467154689668,46.0485014625707,93087200
2019-04-04,46.629913330078125,46.791945110655476,46.02228688104425,46.41545501139502,76457200
2019-04-05,46.94205856323242,46.96588847372943,46.687092337463056,46.811001327366576,74106400
2019-04-08,47.680747985839844,47.7117225101516,46.78479559908021,46.8038588026213,103526800
2019-04-09,47.537776947021484,48.33603179875124,47.473439087978925,47.73317206117505,143072800
2019-04-10,47.804649353027344,47.833245973912184,47.2232344194669,47.34237670467407,86781200
2019-04-11,47.40672302246094,47.89520720622881,47.285199178784595,47.85946596865772,83603200
2019-04-12,47.387664794921875,47.6902873032396,46.75383042116104,47.466299161773016,111042800
2019-04-15,47.47343063354492,47.62116952932975,47.18272318704627,47.318547127954844,70146400
2019-04-16,47.47821044921875,47.98337267920693,47.31379347996625,47.528251819139626,102785600
2019-04-17,48.402740478515625,48.46231161438307,47.3256933239708,47.54729620414958,115627200
2019-04-18,48.57669448852539,48.64579541672132,48.25739402484164,48.400362590881734,96783200
2019-04-22,48.73634719848633,48.83404475360525,48.214503361460345,48.33126412020742,77758000
2019-04-23,49.439292907714844,49.503630774436516,48.58623351509709,48.71252407529548,93292000
2019-04-24,49.363033294677734,49.67756704213216,49.33682184606203,49.410689482360645,70162400
2019-04-25,48.91505813598633,49.5060028744457,48.87693173068337,49.28439996099873,74172800
2019-04-26,48.68155288696289,48.84835140848778,48.16209047885956,48.82452149001205,74596400
2019-04-29,48.755401611328125,49.07946874270756,48.576688199963,48.70536025633508,88818800
2019-04-30,47.81657028198242,48.46708622241454,47.44484688744978,48.38607033097731,186139600
2019-05-01,50.163673400878906,51.30505499845377,49.85628424061624,50.01117140720834,259309200
2019-05-02,49.83721923828125,50.671215281428715,49.594171580722325,50.00163618282265,127985200
2019-05-03,50.45677185058594,50.47821659527701,50.094578184529375,50.25184691746729,83569600
2019-05-06,49.67756271362305,49.76334529835149,48.49090665482442,48.6791498523468,129772400
2019-05-07,48.33840560913086,49.42498261248666,47.85468824698724,49.05802599276639,155054800
2019-05-08,48.34794235229492,48.92935733960514,48.073916525359294,48.109657759852,105358000
2019-05-09,47.8284797668457,48.057230920723306,46.8610449825507,47.75222695826382,139634400
2019-05-10,47.1658935546875,47.56536448730354,46.11101450339134,47.22330340337194,164834800
2019-05-13,44.424644470214844,45.324043662968705,43.73813514502486,44.900658286424814,229722400
2019-05-14,45.12790298461914,45.376671749647436,44.35049557524216,44.58969785505046,146118800
2019-05-15,45.668479919433594,45.86701816748591,44.4963906935112,44.55619123871001,106178800
2019-05-16,45.46755599975586,46.03924912918253,45.17094394873877,45.42689206250881,132125600
2019-05-17,45.20921325683594,45.66369595129546,44.67339904500029,44.7140629787205,131516400
2019-05-20,43.795536041259766,44.09693319133087,43.123378349333606,43.89839489959819,154449200
2019-05-21,44.635135650634766,44.97001729820006,44.18064924329761,44.30503541950881,113459200
2019-05-22,43.721378326416016,44.422242678436454,43.666362841765874,44.17107963556311,118994400
2019-05-23,42.97507095336914,43.185566421251686,42.53254539430105,43.00855911757338,146118800
2019-05-24,42.810020446777344,43.56829102566304,42.72629821206873,43.10423814743245,94858800
2019-05-28,42.63301086425781,43.19752825231062,42.55646805143749,42.79806098088244,111792800
2019-05-29,42.4296875,42.900916127061286,42.09958729527348,42.20005178150852,113924800
2019-05-30,42.649757385253906,42.87221370220988,42.259856591093225,42.56603514665155,84873600
2019-05-31,41.87713623046875,42.575606305283934,41.8579996140433,42.15460804379681,108174400
2019-06-03,41.45374298095703,42.55885600339575,40.728960589625665,42.00390878409617,161584400
2019-06-04,42.97027587890625,43.015724873298545,41.74556198761419,41.96562753683477,123872000
2019-06-05,43.663970947265625,44.250019297013125,43.32908930449805,44.080184117507756,119093600
2019-06-06,44.30503845214844,44.36483901115955,43.57068583552247,43.79314581301077,90105200
2019-06-07,45.484310150146484,45.90769918974606,44.436606690203384,44.613614033925494,122737600
2019-06-10,46.06557083129883,46.73294351859347,45.83593505990151,45.88138407246512,104883600
2019-06-11,46.5989875793457,46.88363882764626,46.30955491422111,46.610948421278835,107731600
2019-06-12,46.4506721496582,46.87645174018506,46.25930967471751,46.393262312195304,73012800
2019-06-13,46.44111251831055,47.072606273434246,46.30955420885947,46.57267447769808,86698400
2019-06-14,46.103851318359375,46.30717107767437,45.520197138796654,45.819200005381056,75046000
2019-06-17,46.3789176940918,46.63486581817367,45.96748958898146,46.14210618535647,58676400
2019-06-18,47.46967315673828,47.909804303689334,46.69466040883223,46.89558936940522,106204000
2019-06-19,47.33094024658203,47.811739025879014,47.19698759262692,47.76389566380698,84496800
2019-06-20,47.711273193359375,47.98635426785553,47.369212143833636,47.9289444249456,86056000
2019-06-21,47.54863357543945,48.043784095422275,47.397934956325116,47.55341864348971,191202400
2019-06-24,47.50078582763672,47.87872584119384,47.40271202381546,47.491215693151446,72881600
2019-06-25,46.7807731628418,47.663426161251905,46.7137931929715,47.46488790932587,84281200
2019-06-26,47.792606353759766,48.07725759186515,47.20656161939147,47.30702611814578,104270000
2019-06-27,47.778255462646484,48.215995988213024,47.73759152091885,47.90981377120324,83598800
2019-06-28,47.34290313720703,47.720843084338505,47.13479837293914,47.52469551117032,124442400
2019-07-01,48.21120834350586,48.91446345681218,47.99592415477376,48.59871477331292,109012000
2019-07-02,48.49345779418945,48.58914085785711,48.16575196972495,48.17771280892537,67740800
2019-07-03,48.89533233642578,48.902508111863035,48.483904178318824,48.625032628500364,45448000
2019-07-05,48.85226821899414,49.05559156534589,48.534128829376186,48.641772747995475,69062000
2019-07-08,47.8452262878418,48.1753228503153,47.460110590009364,48.03419442469582,101354400
2019-07-09,48.13706588745117,48.201647872072776,47.555802476298,47.649091215132835,82312000
2019-07-10,48.613067626953125,48.73266874059022,48.21360034539757,48.28297103527144,71588400
2019-07-11,48.25904083251953,48.89053445503686,48.249474351089496,48.632195657197634,80767200
2019-07-12,48.629817962646484,48.79725880699689,48.36669402871252,48.426494590976,70380800
2019-07-15,49.08668899536133,49.24455968604115,48.797252704231944,48.81878002796971,67789600
2019-07-16,48.91685485839844,49.30197058543267,48.67765263415199,48.93838218259591,67467200
2019-07-17,48.641761779785156,49.05797121150033,48.62262516856653,48.80920256552893,56430000
2019-07-18,49.194332122802734,49.246956906066245,48.725494140074105,48.797255539973115,74162400
2019-07-19,48.45997619628906,49.39525773939744,48.40496070844038,49.2254225596,83717200
2019-07-22,49.56748580932617,49.56987651762095,48.7039656231899,48.71353210630533,89111600
2019-07-23,49.954994201660156,49.971740110187,49.58423000504602,49.864099833734244,73420800
2019-07-24,49.91432571411133,50.02914175520972,49.55552239198474,49.67512349936027,59966400
2019-07-25,49.519649505615234,50.050678778547585,49.450278810987754,49.96695653329002,55638400
2019-07-26,49.691871643066406,50.1678817358878,49.54834884778114,49.62967672847252,70475600
2019-07-29,50.15592575073242,50.38556151543497,49.85931729833176,49.86410236528758,86693600
2019-07-30,49.940635681152344,50.27073588947548,49.58900815053056,49.93585061510733,135742800
2019-07-31,50.95964050292969,52.95219547888276,50.54343096661381,51.76814519291497,277125600
2019-08-01,49.85691833496094,52.15326117014312,49.452669637980264,51.165354806371035,216071600
2019-08-02,48.80202865600586,49.37850312251167,48.23033560503574,49.16322262546881,163448400
2019-08-05,46.24734878540039,47.517511782159396,46.06555644186893,47.35964111669537,209572000
2019-08-06,47.122833251953125,47.37878135711824,46.41479313620579,46.957783150481916,143299200
2019-08-07,47.61080551147461,47.73519168066867,46.362173353172416,46.742503985009016,133457600
2019-08-08,48.660911560058594,48.68483324483393,47.69453608408315,47.888289320978814,108038000
2019-08-09,48.25992202758789,48.68491595492223,47.851730305039446,48.33435586806552,98478800
2019-08-12,48.1374626159668,48.514438725738295,47.818114477569125,47.93096696496544,89927600
2019-08-13,50.17601013183594,50.93716177711402,48.13746584722147,48.267127875565244,188874000
2019-08-14,48.68251419067383,49.56852452960049,48.644095544305394,48.780960598066514,146189600
2019-08-15,48.44001007080078,49.256386268391125,47.94297838198592,48.85300141700887,108909600
2019-08-16,49.58293151855469,49.74140568988817,48.944235250189195,49.04988469774485,110481600
2019-08-19,50.507362365722656,51.078824190677665,50.43052506876509,50.57218971325113,97654400
2019-08-20,50.509761810302734,51.2276951856261,50.50015898015101,50.634620585098965,107537200
2019-08-21,51.05722427368164,51.29973516626406,50.80751034118719,51.14126462439481,86141600
2019-08-22,51.01398849487305,51.489407284634304,50.603397042031474,51.189268512143016,89014800
2019-08-23,48.656097412109375,50.91554301125543,48.26231548209122,50.286449641445806,187272000
2019-08-26,49.580528259277344,49.748605248722136,49.237167578736795,49.429257136875236,104174400
2019-08-27,49.02107238769531,50.07515974076012,48.86980125519638,49.90948253160488,103493200
2019-08-28,49.35002899169922,49.395650682194926,48.819385567248915,49.00667191279658,63755200
2019-08-29,50.18560791015625,50.26004541127674,49.621349155907794,50.06315259687426,83962000
2019-08-30,50.12078857421875,50.53137647269659,49.751015456218866,50.461745870992495,84573600
2019-09-03,49.390838623046875,49.69818045135938,49.03547532102372,49.56611865080238,80092000
2019-09-04,50.22883987426758,50.29847047880786,49.77983330506893,50.03675026808803,76752400
2019-09-05,51.21088409423828,51.376561303793046,50.78588651283309,50.90354224548307,95654800
2019-09-06,51.206077575683594,51.484607253260535,51.025994300943886,51.39576734347277,77449200
2019-09-09,51.42459487915039,51.96964811295189,50.68025265249834,51.58546887972169,109237600
2019-09-10,52.03207015991211,52.051279485915714,50.83391821884729,51.35015557390354,127111600
2019-09-11,53.68642807006836,53.71524388706847,52.27937718938957,52.36101772978543,177158400
2019-09-12,53.56637954711914,54.365949877044244,53.51115502500784,53.976971102844466,128906800
2019-09-13,52.524295806884766,53.014120770564304,52.10890468762575,52.82443464006696,159053200
2019-09-16,52.80042266845703,52.855650852329696,52.238563645662204,52.27938208778277,84632400
2019-09-17,52.992515563964844,53.02133138546332,52.61313961117362,52.81483570644543,73274800
2019-09-18,53.489532470703125,53.50874179178695,52.689962341630235,53.07894101811847,101360000
2019-09-19,53.0549430847168,53.72725114264616,52.91327477040642,53.307056774538246,88242400
2019-09-20,52.27937698364258,53.43911377467882,52.216949430695024,53.15578449922015,221652400
2019-09-23,52.517093658447266,52.78601688512093,52.2601730542611,52.572318178824,76662000
2019-09-24,52.267372131347656,53.42230937106519,52.14972006049818,53.071745622463716,124763200
2019-09-25,53.07175064086914,53.184603139280306,52.137718705200996,52.47627620043449,87613600
2019-09-26,52.79802703857422,53.05014441394907,52.54350987128694,52.824439404828816,75334000
2019-09-27,52.541107177734375,53.05494473156102,52.17133407059121,52.95409485593707,101408000
2019-09-30,53.777679443359375,53.924147350243985,53.01412429579234,53.04053666142086,103909600
2019-10-01,53.926544189453125,54.79814854366671,53.832901018952796,54.04180014068749,139223200
2019-10-02,52.57472229003906,53.68403427770665,52.32740451351937,53.559175493563515,138449200
2019-10-03,53.02133560180664,53.05495100972436,51.655102837499456,52.44746654753214,114426000
2019-10-04,54.50761032104492,54.622866267592265,53.7584649875072,54.17865934180888,138478800
2019-10-07,54.51961135864258,55.208728860944525,54.22667560102354,54.32992525189106,122306000
2019-10-08,53.88091278076172,54.75972001542837,53.86410691411583,54.22187366190399,111820000
2019-10-09,54.51241683959961,54.6948999368784,54.17866259327657,54.51241683959961,74770400
2019-10-10,55.24714660644531,55.331186933368876,54.577238437627656,54.728505896765036,113013600
2019-10-11,56.71663284301758,57.059989886560345,55.78019754791175,55.93386847365883,166795600
2019-10-14,56.63499450683594,57.17764784685901,56.34686196781524,56.40208648570823,96427600
2019-10-15,56.5029411315918,57.062396724114954,56.39729167013194,56.75985808213798,87360000
2019-10-16,56.27482604980469,56.48372515630135,55.99389655879597,56.034714997954104,73903200
2019-10-17,56.49333190917969,56.70222736637808,56.070737747547255,56.447710219951496,67585200
2019-10-18,56.7646484375,57.04557789777624,56.25561057187668,56.32764461231242,97433600
2019-10-21,57.749114990234375,57.864370947488375,56.983163716549996,57.03118520017032,87247200
2019-10-22,57.61704635620117,58.15489273709962,57.535405818697356,57.905178869368726,82293600
2019-10-23,58.390201568603516,58.40461130875165,57.91958597693626,58.130884866797174,75828800
2019-10-24,58.486244201660156,58.77917994672948,58.061246659419666,58.70954569740127,69275200
2019-10-25,59.20658874511719,59.242603940499954,58.31817850890162,58.38540931615225,73477200
2019-10-28,59.79965591430664,59.84767739008357,59.24019674518622,59.408273742307344,96572800
2019-10-29,58.416629791259766,59.967749159367955,58.24375316438358,59.780462788431066,142839600
2019-10-30,58.409420013427734,58.89924866845541,57.91719523037346,58.769586633499244,124522000
2019-10-31,59.73002243041992,59.828468838504534,56.968745403896456,59.36505627876599,139162000
2019-11-01,61.42520523071289,61.45161392666581,59.82606489739292,59.91730459707598,151125200
2019-11-04,61.82859802246094,61.912638359081036,61.31956374708165,61.78777591806556,103272000
2019-11-05,61.739768981933594,61.99428616447251,61.54527957504271,61.720555990265,79897600
2019-11-06,61.76615905761719,61.82618681516117,61.31715260360538,61.65330658033023,75864400
2019-11-07,62.47902297973633,62.7005915790344,62.16112308276353,62.3128483676645,94940400
2019-11-08,62.65004348754883,62.722290151717836,61.857704105649745,62.30083412830914,69986400
2019-11-11,63.146156311035156,63.21117830823524,62.202091592786324,62.20690558715346,81821200
2019-11-12,63.08832550048828,63.288220102882214,62.83786560415839,62.9895835347863,87388800
2019-11-13,63.69282150268555,63.767478813815906,62.87399440184441,62.88844372983046,102734400
2019-11-14,63.25210952758789,63.79157076632971,63.12205821124544,63.51942947548323,89182800
2019-11-15,64.00349426269531,64.00830825530088,63.341206473883005,63.502559746650064,100206400
2019-11-18,64.32622528076172,64.40569660274649,63.635038653115814,64.01313928749168,86703200
2019-11-19,64.13114166259766,64.54296223689062,63.91439437873861,64.51887757210454,76167200
2019-11-20,63.38456726074219,64.08056783760952,62.71264400137363,63.95052386452542,106234400
2019-11-21,63.100364685058594,63.582028456160344,62.900470104272074,63.50496048887865,121395200
2019-11-22,63.04497528076172,63.38213847508004,62.81859270394661,63.24004853424612,65325200
2019-11-25,64.15040588378906,64.1672658843364,63.22320139858819,63.26896005744073,84020400
2019-11-26,63.64947509765625,64.34066158536174,63.21838386975903,64.28767826489613,105207600
2019-11-27,64.50442504882812,64.53814504778033,63.89512054291369,63.960142519969104,65235600
2019-11-29,64.36235046386719,64.54297445955625,64.03722580170505,64.20581113752517,46617600
2019-12-02,63.61814498901367,64.60314641398823,63.447156426385185,64.36712854544369,94487200
2019-12-03,62.48385238647461,62.503115708653056,61.722822542288654,62.20930043557878,114430400
2019-12-04,63.035343170166016,63.41345104116114,62.780061927870314,62.87398990266559,67181600
2019-12-05,63.96015167236328,64.03481634506913,63.273786434184856,63.5290677356678,74424400
2019-12-06,65.19561004638672,65.26545336433453,64.3743722789269,64.4177276122505,106075600
2019-12-09,64.2828598022461,65.21728148518294,63.79878528754208,65.02461888758106,128042400
2019-12-10,64.6585693359375,65.04149128263923,64.0275834068731,64.68746799612504,90420400
2019-12-11,65.21005249023438,65.28953113493121,64.6633667099047,64.73802401273718,78756800
2019-12-12,65.37622833251953,65.64114490385342,64.37918804536231,64.48996866624496,137310400
2019-12-13,66.26490020751953,66.30102352499274,65.248589228168,65.37622984964455,133587600
2019-12-16,67.39921569824219,67.62319496321233,66.70562596191743,66.71043995432287,128186000
2019-12-17,67.53167724609375,67.85920511821561,67.14393404643634,67.32937932220554,114158400
2019-12-18,67.37031555175781,67.89051335467951,67.22100094482415,67.38476487826064,116028400
2019-12-19,67.43777465820312,67.71714066290718,67.18009000136882,67.31254466282935,98369200
2019-12-20,67.29808044433594,68.07114894305518,67.08614715319112,67.97000364021376,275978000
2019-12-23,68.39627838134766,68.45648637288053,67.52205716835296,67.560591164887,98572000
2019-12-24,68.4612808227539,68.61060277279962,68.136163640974,68.56243345348084,48478800
2019-12-26,69.81958770751953,69.83644770700805,68.56485537418061,68.59375403067095,93121200
2019-12-27,69.7930908203125,70.79736320865955,69.38849493923185,70.11099073385043,146266000
2019-12-30,70.20732116699219,70.4890977572307,68.69008295692782,69.71120798213394,144114400
2019-12-31,70.7203140258789,70.7275386917613,69.72567670828415,69.82441870841632,100805600
2020-01-02,72.33385467529297,72.39406264366768,71.09116132608638,71.34403185341793,135480400
2020-01-03,71.6306381225586,72.38925722098051,71.40666619485818,71.56320547713457,146322800
2020-01-06,72.20140075683594,72.23993474282962,70.50353879987532,70.7540060340311,118387200
2020-01-07,71.86184692382812,72.46633010238772,71.64268897397623,72.21104883104543,108872000
2020-01-08,73.01782989501953,73.31886979288494,71.56561372170107,71.56561372170107,132079200
2020-01-09,74.56879425048828,74.76145686133366,73.74274246581768,73.99320238999518,170108400
2020-01-10,74.73738861083984,75.30094193802128,74.23646130286748,74.80241795222723,140644800
2020-01-13,76.3341064453125,76.36060178633993,74.93487315391599,75.05288582822318,121532000
2020-01-14,75.30333709716797,76.48100893453174,75.18051779267843,76.27148630079421,161954400
2020-01-15,74.98059844970703,75.98245997667709,74.54950731619692,75.10342506334987,121923600
2020-01-16,75.91985321044922,76.03064118697364,75.16123412136378,75.52248200660513,108829200
2020-01-17,76.76034545898438,76.7627487799805,75.8620399276341,76.16789376021451,137816400
2020-01-21,76.24017333984375,76.8302072165908,76.10289736234121,76.38948797518701,110843200
2020-01-22,76.51229095458984,77.06379066619063,76.41836299389982,76.72421683459743,101832400
2020-01-23,76.88079833984375,76.96026966222608,76.01861570517516,76.56530902285643,104472000
2020-01-24,76.6592025756836,77.8681760847734,76.46894331412666,77.12641705620177,146537600
2020-01-27,74.405029296875,75.08416976822737,73.42484155700832,74.67234921705278,161940000
2020-01-28,76.50990295410156,76.68089158109271,75.18532722614749,75.28406920782065,162234000
2020-01-29,78.1114273071289,78.95674973344263,77.39856685210137,78.13792264122904,216229200
2020-01-30,77.99823760986328,78.05122092954578,76.76517927864235,77.19627050016777,126743200
2020-01-31,74.5399169921875,77.71167041513803,74.24610164905711,77.29021440201876,199588400
2020-02-03,74.33517456054688,75.498389394716,72.78421654858387,73.28514366287956,173788400
2020-02-04,76.78924560546875,76.97950484657014,75.53210291102174,75.93669870128832,136616400
2020-02-05,77.41541290283203,78.21256585966833,76.8133331862121,77.91392932249283,118826800
2020-02-06,78.32095336914062,78.3233640404218,77.12883967256218,77.68516086755363,105425600
2020-02-07,77.2563705444336,78.06989925267796,76.76632167871378,77.82125391424971,117684000
2020-02-10,77.623291015625,77.623291015625,75.7644885208781,75.8441484328751,109348800
2020-02-11,77.15495300292969,78.1905758646545,76.93769137166434,78.11815777658227,94323200
2020-02-12,78.98723602294922,78.99206144129231,77.60399117788235,77.60399117788235,113730400
2020-02-13,78.42475891113281,78.7506551305069,78.05782821966719,78.26060628866534,94747600
2020-02-14,78.4440689086914,78.69271421468866,77.93712009409066,78.3933688702963,80113600
2020-02-18,77.00772094726562,77.18877358272158,75.94795598487916,76.12900862033511,152531200
2020-02-19,78.12299346923828,78.3523297233802,77.24911404532844,77.24911404532844,93984000
2020-02-20,77.32154846191406,78.37165530100644,76.81701596336808,77.8840228178166,100566000
2020-02-21,75.57133483886719,77.3577259732465,74.95575908786314,76.91595360573281,129554000
2020-02-24,71.98170471191406,73.43012593023869,69.82114748147725,71.75961758398634,222195200
2020-02-25,69.54352569580078,73.03180965186876,69.07279323243056,72.6503953158895,230673600
2020-02-26,70.646728515625,71.90927139616765,69.16209855410392,69.16934036398257,198054800
2020-02-27,66.02869415283203,69.04141300899963,65.89350875868202,67.85853712666133,320605600
2020-02-28,65.99005126953125,67.20914325476264,61.88860853206062,62.10346116385855,426510000
2020-03-02,72.13379669189453,72.76868922917748,67.0425965295844,68.14339616645945,341397200
2020-03-03,69.84286499023438,73.3866667341741,68.99311992366323,73.30700681770827,319475600
2020-03-04,73.08248901367188,73.24181619852034,70.76260504877715,71.56164999828624,219178400
2020-03-05,70.71192932128906,72.31242862903635,70.3474076125405,71.33957264179317,187572800
2020-03-06,69.77285766601562,70.2049720207652,67.88991319528947,68.07579124975517,226176800
2020-03-09,64.25435638427734,67.13188124194363,63.48910424371685,63.67015682235863,286744800
2020-03-10,68.88208770751953,69.14763308452109,65.0268727397902,66.90258302825225,285290000
2020-03-11,66.48978424072266,67.88751298901103,65.62797171834961,66.96294054735044,255598800
2020-03-12,59.923587799072266,65.17894285229022,59.86806602728879,61.78481034349421,418474000
2020-03-13,67.10291290283203,67.57365254636639,61.062997947439406,63.94535922482895,370732000
2020-03-16,58.47034454345703,62.5428168089279,57.93684117686896,58.40757727472599,322423600
2020-03-17,61.041297912597656,62.187961018540406,57.55060118117008,59.749787528944104,324056000
2020-03-18,59.5469856262207,60.35085951701018,57.24158205596609,57.88130337696088,300233600
2020-03-19,59.09074783325195,61.036459434063396,58.566902685612334,59.72081110917334,271857200
2020-03-20,55.33934783935547,60.792652825729554,55.04000612907548,59.670124174823826,401693200
2020-03-23,54.1636962890625,55.1606938155284,51.3247927605554,55.059304798459365,336752800
2020-03-24,59.59770202636719,59.793238287645494,56.56084531140466,57.05813597182242,287531200
2020-03-25,59.269386291503906,62.34245170831376,58.97487373705756,60.53192552123785,303602000
2020-03-26,62.388336181640625,62.44627067816228,59.472180756044146,59.51080620940923,252087200
2020-03-27,59.805301666259766,61.767909526223264,59.638732669554486,61.01473181958192,204216800
2020-03-30,61.512020111083984,61.683418202528024,60.206026401052306,60.529509863529455,167976400
2020-03-31,61.38650894165039,63.36601737405014,60.83369641639568,61.702750695754574,197002000
2020-04-01,58.15651321411133,60.04187380235648,57.726815314664734,59.505957782413006,176218400
2020-04-02,59.126949310302734,59.18005836764035,57.18847976805371,58.018908282578614,165934000
2020-04-03,58.2772216796875,59.31284110700112,57.68819653151743,58.61277240805976,129880000
2020-04-06,63.361167907714844,63.515662294825994,60.20119742720632,60.56812804276326,201820400
2020-04-07,62.627296447753906,65.58932155008534,62.523494730385906,65.3720525473446,202887200
2020-04-08,64.23023986816406,64.54406151460887,63.061847651130236,63.42636197678972,168895200
2020-04-09,64.69373321533203,65.19585671097452,63.89952086210519,64.86513503536223,161834800
2020-04-13,65.9635238647461,66.07215841536981,64.17230617831575,64.77098966919036,131022800
2020-04-14,69.29486083984375,69.58454794114515,67.12222968123038,67.59296937908287,194994800
2020-04-15,68.66238403320312,69.12104913161228,67.74505383638481,68.17233530641538,131154400
2020-04-16,69.20799255371094,69.57251431493546,68.1603019063984,69.37456161234648,157125200
2020-04-17,68.26890563964844,69.27073604048029,66.83496828577375,68.72516178272222,215250000
2020-04-20,66.85186004638672,67.9985265094596,66.83255101061553,67.09809629652644,130015200
2020-04-21,64.78545379638672,66.92911797835283,64.07572694243713,66.69495629705587,180991600
2020-04-22,66.65149688720703,67.08602016909022,65.71002486509416,66.05039726124157,116862400
2020-04-23,66.39321899414062,68.01545116760279,66.35459354155203,66.59599709494192,124814400
2020-04-24,68.30994415283203,68.31960235496462,66.86876505886688,66.91704870248016,126161200
2020-04-27,68.35823822021484,68.68895986495261,67.58091858862758,68.02750920842628,117087600
2020-04-28,67.25018310546875,69.00035846269303,67.15845596472252,68.81930583953189,112004800
2020-04-29,69.45903015136719,69.92735352024151,68.53204161617626,68.73481966758834,137280800
2020-04-30,70.92433166503906,71.10055883816591,69.6086872641838,69.9973432879905,183064000
2020-05-01,69.78251647949219,72.17965163700352,69.00519685948858,69.1017567929507,240616800
2020-05-04,70.76985931396484,70.89780288941466,69.11866006272429,69.80666159250394,133568000
2020-05-05,71.83202362060547,72.66245223551824,71.08367131021836,71.2285148811078,147751200
2020-05-06,72.57313537597656,73.20319497472518,72.14826285856589,72.53209353947886,142333600
2020-05-07,73.32389068603516,73.66910326152602,72.89660917840814,73.19836352852457,115215200
2020-05-08,75.06914520263672,75.122398042806,73.65553308459083,73.98231154076618,133838400
2020-05-11,76.2503890991211,76.74418013279127,74.36960120604306,74.57777409776222,145946400
2020-05-12,75.37896728515625,77.38319884408511,75.25793879153254,76.93296900656856,162301200
2020-05-13,74.46883392333984,76.47791143801962,73.39410026175051,75.55809041384309,200622400
2020-05-14,74.92632293701172,74.98683718466037,72.98744407851115,73.70877656980059,158929200
2020-05-15,74.48335266113281,74.52934407916516,72.66792527667609,72.70181680027588,166348400
2020-05-18,76.2382583618164,76.611028150083,75.11511790410643,75.80498172029709,135178400
2020-05-19,75.79773712158203,77.0999976554672,75.76626852775506,76.25522103808397,101729600
2020-05-20,77.2718505859375,77.34204178986873,76.61587086677298,76.65460086911052,111504800
2020-05-21,76.69575500488281,77.67366726497515,76.4585365069764,77.13387754437865,102688800
2020-05-22,77.18956756591797,77.27186606725144,76.3326836366315,76.43434344951643,81803200
2020-05-26,76.66670227050781,78.48454498542678,76.6110265113562,78.3054252019707,125522000
2020-05-27,77.000732421875,77.14596806852482,75.78560919845494,76.52388732434491,112945200
2020-05-28,77.0346450805664,78.29092158030248,76.40045688271769,76.6763980387844,133560800
2020-05-29,76.95960998535156,77.736610955793,76.60378586836536,77.2767040924692,153532400
2020-06-01,77.90601348876953,78.02704193682199,76.78286594508734,76.91357873734127,80791200
2020-06-02,78.26667785644531,78.29088502405892,77.19920603150173,77.63975136630202,87642800
2020-06-03,78.69757080078125,78.9589964979716,78.0149682866651,78.58622664893751,104491200
2020-06-04,78.01980590820312,78.81859097042819,77.6470360985682,78.5208656190316,87560400
2020-06-05,80.24188995361328,80.30240419943048,78.2400813612976,78.26912701737099,137250400
2020-06-08,80.71632385253906,80.75021537775042,79.23009773769596,79.93932296340279,95654400
2020-06-09,83.26518249511719,83.6573136410901,80.36534445233356,80.39681304328083,147712400
2020-06-10,85.40738677978516,85.87455499385788,83.77350211039672,84.21162466782144,166651600
2020-06-11,81.30693817138672,84.97652287764004,81.20527837641917,84.55292316229209,201662400
2020-06-12,82.0089111328125,84.18742419889422,80.90029328946143,83.44189186655679,200146000
2020-06-15,83.02312469482422,83.67425858934295,80.50331054070764,80.665491974399,138808800
2020-06-16,85.2234115600586,85.49452156139306,83.44187587324252,85.07333742619001,165428800
2020-06-17,85.10482788085938,86.02706454807957,84.98379936928724,85.96655029229349,114406400
2020-06-18,85.13870239257812,85.55504068464955,84.53113702208627,85.06124238777585,96820400
2020-06-19,84.65216064453125,86.30782937031772,83.54595856056092,85.84308414219812,264476000
2020-06-22,86.86700439453125,87.00981715451016,84.99832384422328,85.04431527047004,135445200
2020-06-23,88.72116088867188,90.1371959593026,87.68999560053155,88.10875691220691,212155600
2020-06-24,87.15503692626953,89.26819705246864,86.78226710315806,88.35079901624333,192623200
2020-06-25,88.31207275390625,88.35080275936323,86.55232106785238,87.30996064055707,137522400
2020-06-26,85.59860229492188,88.42824869367755,85.4509437109353,88.20797597788908,205256800
2020-06-29,87.57135772705078,87.665763477541,85.0297599072803,85.50661236513594,130646000
2020-06-30,88.30238342285156,88.58801627360432,87.14051287267962,87.15987418081895,140223200
2020-07-01,88.13536071777344,88.92204587845694,88.08695375546539,88.37984062385425,110737200
2020-07-02,88.13536071777344,89.67484690422407,88.02160103220285,89.04065881814572,114041600
2020-07-06,90.49298858642578,90.96015670821257,89.52959930495038,89.56106788910034,118655600
2020-07-07,90.21220397949219,91.64759989931855,90.10085985246303,90.87059916943323,112424400
2020-07-08,92.31327056884766,92.34473915860562,91.10056271828748,91.18770707353977,117092000
2020-07-09,92.71023559570312,93.25727928434208,91.66454778966232,93.20402645939578,125642800
2020-07-10,92.87242126464844,92.93051996359854,91.69602787555728,92.30600881208682,90257200
2020-07-13,92.4439697265625,96.77921054368312,92.2309584307968,94.17467542417103,191649200
2020-07-14,93.9737777709961,94.16499745387678,90.89481289415856,91.82672629574613,170989200
2020-07-15,94.62008666992188,96.09421302015997,93.42432441242931,95.84489458759741,153198000
2020-07-16,93.45578002929688,94.31024088700049,92.85789898357274,93.49451003316076,110577600
2020-07-17,93.26698303222656,94.06092970486094,92.79496892260524,93.90601706451432,92186800
2020-07-20,95.23247528076172,95.37044953138843,93.01039399095433,93.35411815070974,90318000
2020-07-21,93.91812133789062,96.09663446170768,93.66880290920021,96.02159737840238,103433200
2020-07-22,94.18195343017578,94.86213298167614,93.53324246932021,93.62037944003524,89001600
2020-07-23,89.8951187133789,93.99314144318696,89.08664931990235,93.91568143989768,197004400
2020-07-24,89.67243957519531,90.01616378626149,86.31268703007238,88.0966534330444,185438800
2020-07-27,91.79767608642578,91.88965891007823,90.50993871626743,90.73262697532834,121214000
2020-07-28,90.28968048095703,91.54595685387366,90.28483461346657,91.36925259131361,103625600
2020-07-29,92.02037811279297,92.20434377285328,90.73505619988047,90.7713632677891,90329200
2020-07-30,93.13385772705078,93.2379404686909,90.78832470426487,91.19497870904048,158130000
2020-07-31,102.88391876220703,103.03399293401982,97.62159407755033,99.61614896320704,374336800
2020-08-03,105.47633361816406,108.09054616095987,104.4645371706777,104.76226254133908,308151200
2020-08-04,106.18070220947266,107.26995848073891,104.94378735797679,105.66511972582127,173071600
2020-08-05,106.56558990478516,106.88510690463526,105.43760344433963,105.90235611566642,121776800
2020-08-06,110.28356170654297,110.77735994512233,106.30899078686637,106.89718739322298,202428800
2020-08-07,107.77619934082031,110.26175680038186,106.98082124977309,109.80586800423681,198045600
2020-08-10,109.34268951416016,110.35873735584337,106.69708588297902,109.21901552378732,212403600
2020-08-11,106.09086608886719,109.10505737675727,105.83139636601508,108.60794885006547,187902400
2020-08-12,109.61672973632812,109.87377217439806,106.98567459916234,107.17966637873178,165598000
2020-08-13,111.5566635131836,112.55816241863091,110.5066629686095,110.9940770606822,210082000
2020-08-14,111.45722961425781,111.54695097773372,109.65065103503774,111.38205726105852,165565200
2020-08-17,111.16625213623047,112.60181637912858,110.54062239475888,112.57756555807367,119561600
2020-08-18,112.09255981445312,112.51692321018118,110.58425076333872,110.91889279659107,105633600
2020-08-19,112.23323822021484,113.64455185030188,112.1386696245519,112.49998249055456,145538000
2020-08-20,114.72364807128906,114.83762028422797,112.25748652761663,112.27446284451047,126907200
2020-08-21,120.6356201171875,121.11817961837231,115.6693525872738,115.6814742972318,338054800
2020-08-24,122.07845306396484,124.91805616382935,120.21610549023623,124.83317459173283,345937600
2020-08-25,121.07695007324219,121.42129395286675,119.35767277780953,120.95328347307442,211495600
2020-08-26,122.7234878540039,123.17937664467517,121.32672345710665,122.39127306939878,163022400
2020-08-27,121.25641632080078,123.65709978806709,120.11426694187719,123.32488497435537,155552400
2020-08-28,121.05997467041016,122.64587607239329,120.83687750115561,122.22878715620412,187630000
2020-08-31,125.1653823852539,127.06653708598974,122.2166692582802,123.74922926791106,225702700
2020-09-01,130.15106201171875,130.75245576113278,126.61066398001222,128.7737011544299,151948100
2020-09-02,127.45450592041016,133.83693302305636,123.18662864355862,133.45864396806553,200119000
2020-09-03,117.25040435791016,124.97139321089942,116.88181705951085,123.09935129507485,257599600
2020-09-04,117.3280258178711,119.98575186395645,107.56039029271544,116.46474975837279,332607200
2020-09-08,109.43243408203125,115.41717011939836,109.2966383541402,110.52850171438395,231366600
2020-09-09,113.79731750488281,115.56266939432574,111.799173992742,113.7391214492864,176940500
2020-09-10,110.08229064941406,116.88180696925608,109.12201895469966,116.74601127102618,182274400
2020-09-11,108.63703918457031,111.77005705290503,106.69709205627441,111.1298709484181,180860300
2020-09-14,111.89617156982422,112.4490563072492,109.41304115616997,111.27538896641066,140150100
2020-09-15,112.07075500488281,115.26196916143692,110.1987055878256,114.7769823425134,184642000
2020-09-16,108.76313781738281,112.51693833812011,108.67584374495958,111.7700619173575,154679000
2020-09-17,107.0268783569336,108.83102975873638,105.44582412860575,106.42549948987329,178011000
2020-09-18,103.6319808959961,107.5506753180143,102.9045006607274,107.08509211161683,287104900
2020-09-21,106.77469635009766,106.88139403880808,100.00427732246104,101.4010416835348,195713800
2020-09-22,108.45274353027344,109.47121874863322,105.88231946545223,109.29662320835186,183055400
2020-09-23,103.9035873413086,108.74375412227577,103.56409061974239,108.26846907252015,150718700
2020-09-24,104.9705810546875,106.9396269704099,101.84726378134276,102.01215757519913,167743300
2020-09-25,108.90863037109375,109.06382969318265,104.43705165768294,105.17423363698332,149981400
2020-09-28,111.50816345214844,111.85735453793174,109.39362072171006,111.5566650919616,137672400
2020-09-29,110.6642837524414,111.84765272079834,110.15990073985728,111.1104781178147,99382200
2020-09-30,112.33263397216797,113.73910005377913,110.20839693905525,110.37329066576835,142675200
2020-10-01,113.28321075439453,114.18528644364022,112.35203704296524,114.10768678427674,116120400
2020-10-02,109.62641906738281,111.90586307346008,108.85044458473479,109.50032515653433,144712000
2020-10-05,113.00193786621094,113.14743540361185,110.14051836534591,110.48970949498322,106243800
2020-10-06,109.7622299194336,112.63335124814374,108.87955028037823,112.2259566607193,161498200
2020-10-07,111.62455749511719,112.0804462459722,110.70307818585619,111.17837055181317,96849000
2020-10-08,111.51787567138672,112.90493833599005,111.14928093514196,112.75944080327828,83477200
2020-10-09,113.45780944824219,113.48690747123634,111.46936067345082,111.81855175000258,100506900
2020-10-12,120.66474914550781,121.42132756900631,115.6984803395375,116.45505876303599,240226800
2020-10-13,117.46382141113281,121.62500974923826,116.05736241261016,121.50861023337559,262330500
2020-10-14,117.55110931396484,119.33585728240598,116.02825097556021,117.36681195189107,150712000
2020-10-15,117.08551025390625,117.56079523723751,114.60238025084043,115.15526489684527,112559200
2020-10-16,115.4462661743164,117.90030584427576,115.24257258596,117.63840880188037,115393800
2020-10-19,112.49754333496094,116.80422116143153,112.18715207359088,116.35803418573154,120639300
2020-10-20,113.98159790039062,115.40746025257594,112.15804282671203,112.71092747344602,124423700
2020-10-21,113.36083221435547,115.14558032107824,112.95343762450592,113.16683302863848,89946000
2020-10-22,112.27445983886719,114.49570058030427,111.14928675399084,113.92341222842757,101988000
2020-10-23,111.58576202392578,113.05042420827988,110.84858002778377,112.89522488264528,82572600
2020-10-26,111.595458984375,113.05041929759861,109.49061077367527,110.58668561250266,111850700
2020-10-27,113.09890747070312,113.75848974001332,111.10076444910626,112.02223630461869,92276800
2020-10-28,107.86106872558594,111.96406058991157,107.76407283902445,111.59547326085323,143937800
2020-10-29,111.85736083984375,113.41901900582575,108.83104039265947,108.99594153712782,146129200
2020-10-30,105.59132385253906,108.62733847489969,104.48555457025763,107.72526275511105,190272600
2020-11-02,105.50403594970703,107.356689266343,104.09757704674024,105.83383085542181,122866900
2020-11-03,107.12387084960938,108.14233853823154,105.46521712787313,106.36729273797286,107624400
2020-11-04,111.49845886230469,112.11924135480659,108.97652906147681,110.71278263905,138235500
2020-11-05,115.45597076416016,116.0282591074031,113.3608313760952,114.40839736997158,126387100
2020-11-06,115.3248062133789,115.82034093796346,112.83738439067113,114.96529408792372,114457900
2020-11-09,113.02198791503906,118.53122507296646,112.7596464655049,117.08347300114552,154515300
2020-11-10,112.68191528320312,114.25597883957684,110.8940807658282,112.27382528066764,138023400
2020-11-11,116.10212707519531,116.23815709626824,113.13860742972919,113.86734286251138,112295000
2020-11-12,115.8300552368164,117.11262917137141,115.2082016572188,116.22843412444456,103162300
2020-11-13,115.87863159179688,116.27700303551688,114.52804275815001,116.05352836084144,81581900
2020-11-16,116.88912963867188,117.55956098518271,114.80008723878368,115.5482521194945,91183000
2020-11-17,116.00495147705078,117.24865863043144,115.58714291023577,116.16041857776305,74271000
2020-11-18,114.68350982666016,116.42275908285534,114.65436159878705,115.24706694247119,76322100
2020-11-19,115.2762222290039,115.68431227037438,113.49810608907285,114.25598971249795,74113000
2020-11-20,114.01306915283203,115.40252482669361,113.96449124482857,115.27621337018954,73604300
2020-11-23,110.62202453613281,114.28513837643995,110.52486130551306,113.85761126601786,127959300
2020-11-24,111.90460205078125,112.56532241854126,109.39775058959653,110.68033196208322,113874200
2020-11-25,112.74022674560547,113.43981393627315,111.90460953598352,112.27384022721371,76499200
2020-11-27,113.28433227539062,114.158816151439,112.92482759135008,113.26490259506915,46691300
2020-11-30,115.67459869384766,117.5401594833683,113.49810369299398,113.6535707986605,169410200
2020-12-01,119.24053192138672,119.96926723797301,116.60736920035771,117.57901628913943,127728200
2020-12-02,119.5903091430664,119.87208764992158,117.46239993689542,118.56035832864589,89004200
2020-12-03,119.45428466796875,120.27046459048226,118.74497909552679,120.01783429457547,78967600
2020-12-04,118.78387451171875,119.37657991827966,118.07456876821664,119.12394956144712,78260400
2020-12-07,120.24132537841797,121.03807568238211,118.78385476777048,118.84215122001115,86712000
2020-12-08,120.85344696044922,121.43644107050238,119.6000214847598,120.84373582820557,82225500
2020-12-09,118.3271713256836,122.37893756571138,117.56928784632052,120.99920059491815,115089200
2020-12-10,119.74578094482422,120.35792333365181,116.7433951040976,117.08347009062476,81312200
2020-12-11,118.9393081665039,119.27938312055916,117.13204422429256,118.95873784398792,86939800
2020-12-14,118.3271713256836,119.85265683014165,118.09397811966689,119.12392157489586,79184500
2020-12-15,124.25423431396484,124.27367140820184,120.61055751786674,120.81460252887871,157243700
2020-12-16,124.18621063232422,124.73033062366706,122.9716517851633,123.79755773169585,98208600
2020-12-17,125.05096435546875,125.90601844904018,124.40967378529018,125.24529078778322,94359800
2020-12-18,123.06881713867188,125.43963827870924,122.54412684965975,125.30360828671483,192541500
2020-12-21,124.59429931640625,124.67203286094654,119.94982751976666,121.47531311924551,121251600
2020-12-22,128.14085388183594,130.59912042639044,125.97406967366213,127.87850495293172,168904800
2020-12-23,127.24688720703125,128.6751945398209,127.07198305177502,128.41286054616967,88223700
2020-12-24,128.228271484375,129.67603102914552,127.3829432351903,127.59670678746939,54930100
2020-12-28,132.81442260742188,133.44598718799116,129.7245776284665,130.19097883452193,124486200
2020-12-29,131.0460662841797,134.85492191166836,130.5310944025397,134.1359124001807,121047300
2020-12-30,129.9286651611328,132.13430846309575,129.61773093964035,131.73592955161843,96452100
2020-12-31,128.92787170410156,130.91975146585497,127.9853727167279,130.27846074381847,99116600
2021-01-04,125.74082946777344,129.8217435013824,123.16596368827079,129.73429883825594,143301900
2021-01-05,127.29545593261719,128.00476884946957,124.78860513373438,125.23556923440636,97664900
2021-01-06,123.0105209350586,127.33435496235823,122.7967573877346,124.0987683518539,155088000
2021-01-07,127.20806884765625,127.8979449873073,124.23483033901421,124.7206540123521,109578200
2021-01-08,128.3059844970703,128.86954151504634,126.53757990692247,128.67520026141898,105158200
2021-01-11,125.3230209350586,126.47928319135579,124.85663454489163,125.52707332046941,100384500
2021-01-12,125.14815521240234,126.01292057820679,123.26315737935117,124.85665810373773,91951100
2021-01-13,127.17887878417969,127.72299874717103,124.84693184960055,125.1092658720847,88636800
2021-01-14,125.25501251220703,127.28575108963446,125.10925657328106,127.0914246638891,90221800
2021-01-15,123.53521728515625,126.52789226757409,123.39918727805356,125.12871800814145,111598500
2021-01-19,124.20565032958984,125.0607045202907,123.34088500532488,124.15706500945309,90757300
2021-01-20,128.28651428222656,128.73347829354256,124.90518787360259,125.0120696050378,104319500
2021-01-21,132.9893341064453,135.7099489572785,129.80233279797613,130.00638521290585,120150900
2021-01-22,135.12696838378906,135.88485193048166,131.19179469063414,132.4160646907934,114459400
2021-01-25,138.8677978515625,140.97627022018892,132.6686847833474,139.01355380816258,157611700
2021-01-26,139.1009979248047,140.20867499016745,137.36174136904043,139.52852500725305,98390600
2021-01-27,138.03221130371094,140.20870656534407,136.42899920964183,139.363363343346,140843800
2021-01-28,133.20310974121094,137.9641898687069,132.82416793009364,135.56422012291074,142621100
2021-01-29,128.21856689453125,132.86303917443942,126.51818434944722,131.97883669271752,177523800
2021-02-01,130.33673095703125,131.54157860190338,127.21773749244758,129.9577892114423,106239800
2021-02-02,131.1626434326172,132.4452098565485,130.79341280132044,131.8816527763116,83305400
2021-02-03,130.1424102783203,131.92052618668296,129.82176496768204,131.9108002272906,89880900
2021-02-04,133.49462890625,133.5043400423377,130.7740133593302,132.435536852372,84183100
2021-02-05,133.08099365234375,133.72324245824956,132.20521062487953,133.65513325973174,75693800
2021-02-08,133.22702026367188,133.27567819524438,131.29054743428753,132.37068818260687,71297200
2021-02-09,132.35116577148438,134.17087067010365,132.1954812442837,132.94475664834664,76774200
2021-02-10,131.7478790283203,133.3048434386966,130.78450562896475,132.80855342312873,73046600
2021-02-11,131.494873046875,132.72097244544923,130.17145780866096,132.24414858851415,64280000
2021-02-12,131.72836303710938,131.88406238888496,130.093564388388,130.73581307823173,60145100
2021-02-16,129.60707092285156,132.35120265140839,129.21782237561078,131.84520181246612,80576300
2021-02-17,127.3202896118164,128.66317119438432,125.98714852369966,127.7192638281322,97918500
2021-02-18,126.22071075439453,126.50290300476138,123.98257950080088,125.7244206319919,96856700
2021-02-19,126.37635040283203,127.1937647700894,125.3351422926217,126.73640709556466,87668800
2021-02-22,122.61048889160156,126.2304187991235,122.22124775949521,124.56641277376495,103916400
2021-02-23,122.47425079345703,123.30138352656303,115.20519947854247,120.43074421044315,158273000
2021-02-24,121.97795867919922,122.18230857916163,118.94189453786483,121.57899194807914,111039900
2021-02-25,117.73524475097656,123.05809741548158,117.29735317502876,121.32598240071049,148199500
2021-02-26,117.99797821044922,121.49139980199843,117.93958722628282,119.2921941436735,164560400
2021-03-01,124.35232543945312,124.48855870917815,119.48683030882653,120.42100448300808,116307900
2021-03-02,121.75415802001953,125.25731317881322,121.6471165286429,124.95565484356455,102260900
2021-03-03,118.77645874023438,122.32827149061751,118.56237577745944,121.45248092660913,112966300
2021-03-04,116.89837646484375,120.2750310748952,115.42900236715201,118.47479946720621,178155000
2021-03-05,118.1536865234375,118.65970219404976,114.40725661331615,117.72552798386944,153766600
2021-03-08,113.22981262207031,117.74499188213018,113.08384627126932,117.67687524164398,154376600
2021-03-09,117.83255004882812,118.77645723226702,115.59442688495044,115.827968557669,129525800
2021-03-10,116.75244140625,118.88352353506721,116.23669261108125,118.4164400921035,111943300
2021-03-11,118.67915344238281,119.89552719538874,117.99798711036199,119.24355264557505,103026500
2021-03-12,117.77417755126953,117.91041082516712,115.9544870681418,117.16112781873039,88105100
2021-03-15,120.654541015625,120.66427408423421,117.18057793774676,118.14395127784391,92403800
2021-03-16,122.19203186035156,123.7976465733389,121.36489925795071,122.31853204805573,115227900
2021-03-17,121.40384674072266,122.4742542742317,119.04894125801434,120.71294726523811,111932600
2021-03-18,117.28762817382812,119.86634216018179,117.08327826271949,119.57440947336566,121229700
2021-03-19,116.76214599609375,118.16341092060107,116.4604876842397,116.67457065039011,185549500
2021-03-22,120.07068634033203,120.53777713211232,117.02488910943605,117.09300574322106,111912300
2021-03-23,119.24354553222656,120.89781076796868,118.8543044696532,120.01229458916613,95467100
2021-03-24,116.85944366455078,119.5938566296314,116.8399849531247,119.51600693561616,88530500
2021-03-25,117.34600830078125,118.38723138862223,115.79878440882977,116.32425877519718,98844700
2021-03-26,117.9493179321289,118.21205879522662,115.72092053842741,117.1124522760085,94071200
2021-03-29,118.1244888305664,119.28247903408416,117.48224734126221,118.37749665321657,80819200
2021-03-30,116.674560546875,117.16111000084517,115.66253679171842,116.87891042664381,85671900
2021-03-31,118.86404418945312,120.19718506636265,117.89094519064328,118.3774946900482,118323800
2021-04-01,119.6911849975586,120.8394421912494,119.19490239563412,120.33343394406754,75089100
2021-04-05,122.51318359375,122.76619144970482,119.75931123714496,120.53779352124103,88651200
2021-04-06,122.81482696533203,123.71007628588559,122.26989388745704,123.09702657327624,80171300
2021-04-07,124.45936584472656,124.47882455845117,121.7736104771957,122.4450511751175,83466700
2021-04-08,126.85317993164062,126.88237171232534,125.06268142419076,125.4811068462127,88844600
2021-04-09,129.42218017578125,129.46109760648577,125.9871415439433,126.30826602843275,106686700
2021-04-12,127.70947265625,129.27616208263035,127.1158818835641,128.95503774511434,91420000
2021-04-13,130.8136749267578,131.0374983592836,128.3809277339075,128.8772176641677,91266500
2021-04-14,128.4782257080078,131.36833015937881,128.11818392495562,131.3099466105929,87222800
2021-04-15,130.88180541992188,131.36835488244947,130.04493975044198,130.22010527807376,89347100
2021-04-16,130.55101013183594,131.04728544647298,129.69467796698697,130.6872434445785,84922400
2021-04-19,131.2126922607422,131.82574950678435,129.75304346412022,129.91846854593953,94264200
2021-04-20,129.5292205810547,131.88411859918818,128.2641887932471,131.38784340823202,94812300
2021-04-21,129.90872192382812,130.15199668398512,127.76790700410929,128.7993896114448,68847100
2021-04-22,128.39068603515625,130.54122653689166,127.8749447465964,129.46108603950333,84566500
2021-04-23,130.70663452148438,131.48510166245782,128.60473760491465,128.60473760491465,78657500
2021-04-26,131.09588623046875,131.42673629598994,129.96708793224363,131.20292770440926,66905100
2021-04-27,130.7747802734375,131.76734545845767,130.5023137282654,131.37809693084532,66015800
2021-04-28,129.986572265625,131.3878372667235,129.50002274292763,130.69693041123548,107760100
2021-04-29,129.88925170898438,133.38268843991688,128.886960916459,132.79882309453924,151101000
2021-04-30,127.923583984375,129.96708270240345,127.54407601900469,128.23496790165584,109839500
2021-05-03,128.9745330810547,130.46338819019584,128.28364111599663,128.48798358801744,75135100
2021-05-04,124.41070556640625,127.95279275381809,123.29164023246338,127.66086008438737,137564700
2021-05-05,124.65399169921875,126.94076551104096,124.5274840738415,125.72439172337612,84000900
2021-05-06,126.2498550415039,126.25958068498952,123.71005892640017,124.44961615985031,78128300
2021-05-07,126.92247009277344,127.94594783933177,126.2108903922729,127.54631080549646,78973300
2021-05-10,123.64727020263672,126.26934761190338,123.6082792363769,126.14263998590019,88071200
2021-05-11,122.73101806640625,123.08192191649415,119.67029018955704,120.38186236478138,126142800
2021-05-12,119.67029571533203,121.49308457084182,119.16342796467423,120.28439421406758,112172300
2021-05-13,121.81476593017578,122.96497365657781,121.12269286111233,121.43461322233485,105861300
2021-05-14,124.23210144042969,124.66099456905815,122.67250020464256,123.06240237278067,81918000
2021-05-17,123.08191680908203,123.72525662054227,122.0096912267483,123.61803331863223,74244600
2021-05-18,121.6977767944336,123.78374532662899,121.62954445690447,123.36460169987382,63342900
2021-05-19,121.54183197021484,121.76602077062454,119.75803398561095,120.0504625668393,92612000
2021-05-20,124.09566497802734,124.49531683623646,121.94146411990351,122.06818662946591,76857100
2021-05-21,122.26311492919922,124.76822668310021,122.04866834970511,124.59277106685647,79295400
2021-05-24,123.89097595214844,124.70977148763245,122.76026751533502,122.82849985689472,63092900
2021-05-25,123.69602966308594,125.08018314804377,123.13067172111496,124.59279971373591,72009500
2021-05-26,123.64727020263672,124.17363709199465,123.22812661130169,123.75449350065962,56575900
2021-05-27,122.11690521240234,124.41732007226534,121.92195782567474,123.24762087836753,94625600
2021-05-28,121.46383666992188,122.62379382802953,121.4053539348129,122.39959761550023,71311100
2021-06-01,121.14216613769531,122.18515038351808,120.8107540580726,121.9219706400981,67637100
2021-06-02,121.90247344970703,122.07792909380578,120.91797935921073,121.14216813753484,59278900
2021-06-03,120.42082977294922,121.69775216114203,120.02117799348292,121.53204615165062,76229200
2021-06-04,122.7115249633789,122.97471215998662,120.72303005127523,120.93747667465416,75169300
2021-06-07,122.72126770019531,123.1306617200527,121.67828344764422,122.98444744531308,71057600
2021-06-08,123.54004669189453,125.21662849111421,123.0234294041827,123.40358202860334,74403800
2021-06-09,123.92022705078125,124.52457600687696,123.32562769760736,123.99820900061968,56877900
2021-06-10,122.92597198486328,124.95345787476269,122.7602659341765,123.81299241371467,71186400
2021-06-11,124.13465881347656,124.22239035571975,122.91621888119515,123.33536251537065,53522400
2021-06-14,127.1855697631836,127.24405247259509,123.8616710621393,124.59273467683755,96906500
2021-06-15,126.36686706542969,127.302635665895,126.12317902998467,126.65929568267117,62746300
2021-06-16,126.86396026611328,127.58528206314801,125.21664196538165,127.07840688486591,91815000
2021-06-17,128.46255493164062,129.20337594415264,126.37658632134162,126.52280804022224,96721700
2021-06-18,127.1661376953125,128.18961527761795,126.95169109033546,127.40982566701065,108953300
2021-06-21,128.9596710205078,129.066894317528,125.94769141357571,127.01016734634604,79663300
2021-06-22,130.59727478027344,130.69475593415476,128.2968593599112,128.79399242175575,74783600
2021-06-23,130.3243408203125,130.92869718078555,129.86620618552573,130.3925806003398,60214200
2021-06-24,130.04164123535156,131.24058178501798,129.57374966230876,131.0553765632134,68711000
2021-06-25,129.74923706054688,130.50954241745376,129.4568084909208,130.09040620403312,70783700
2021-06-28,131.37705993652344,131.83519451956099,129.98317185834844,130.04165459260284,62111300
2021-06-29,132.88792419433594,133.0438880631515,130.9579196567259,131.3965550234282,64556100
2021-06-30,133.50201416015625,133.94064949902392,132.43952338561445,132.73195190270366,63261400
2021-07-01,133.80419921875,133.86268195374564,132.3323143115352,133.15111722207564,52485800
2021-07-02,136.42628479003906,136.46526832234767,134.27207651002422,134.41828334809892,78852600
2021-07-06,138.43423461914062,139.53569387856405,136.53347186094717,136.53347186094717,108181800
2021-07-07,140.91989135742188,141.23180423568894,139.0581116318865,139.91588320227135,104911600
2021-07-08,139.6234588623047,140.42274763655988,137.11833949517367,138.00536723887996,105575500
2021-07-09,141.4462432861328,141.97260274724476,139.04834716131978,139.1458282969305,99890800
2021-07-12,140.8516387939453,142.62569425576672,140.36426288116348,142.51847096001342,76299700
2021-07-13,141.96287536621094,143.7369310790402,140.00362927408963,140.39352411006757,100827100
2021-07-14,145.38426208496094,145.79367103404422,143.95137538377713,144.36078433286042,127050800
2021-07-15,144.7311248779297,146.2127515919836,143.37622064145185,145.47194567172176,106820300
2021-07-16,142.69393920898438,145.97884856339024,142.1968210625346,144.7116829108476,93251400
2021-07-19,138.8533935546875,140.43250161447835,138.09308832622733,140.1205738932986,121434600
2021-07-20,142.45999145507812,143.38601770583355,139.35054523026795,139.83792120496685,96350000
2021-07-21,141.7289276123047,142.4405072449087,140.97837931958148,141.85565012536404,74993500
2021-07-22,143.0935821533203,144.4582288663732,142.12857241610413,142.25529492286392,77338200
2021-07-23,144.8091583251953,144.96512221870486,143.21056560056124,143.8246641352954,71447400
2021-07-26,145.22830200195312,146.04709009069717,143.97086362595675,144.52647939059113,72434100
2021-07-27,143.0643310546875,145.44272791296905,141.87513262554674,145.35498894389306,104818600
2021-07-28,141.31954956054688,143.2593115153304,138.94115215326465,141.1538434950934,118931200
2021-07-29,141.96287536621094,142.84990322262558,140.92964066468824,141.03686397561236,56699500
2021-07-30,142.17730712890625,142.63544169374407,140.47149137109437,140.73467853831747,70440600
2021-08-02,141.84591674804688,143.2398049839172,141.58272954059322,142.66470486730785,62880000
2021-08-03,143.63943481445312,144.30225894055675,141.51446802349406,142.12856645538005,64786600
2021-08-04,143.23976135253906,144.05854922239413,142.58667948918819,143.55168904021573,56368300
2021-08-05,143.34703063964844,144.10733603044793,142.4795019309908,143.2690486927029,46397700
2021-08-06,142.66368103027344,143.61060825982952,142.16581806356817,142.86869219057516,54126800
2021-08-09,142.6148681640625,143.21035833317768,142.05843483321482,142.72225212556916,48908700
2021-08-10,142.13653564453125,144.196344465899,141.84366893661831,142.9565505100319,69023100
2021-08-11,142.3903350830078,143.2298783064216,142.06818321748432,142.57581781429272,48493500
2021-08-12,145.34825134277344,145.50444888855472,142.37080079552103,142.7124810649403,72282600
2021-08-13,145.55325317382812,145.88516176552068,144.74299521470792,145.42634081402107,59375000
2021-08-16,147.5251922607422,147.59353426907154,142.9858112009547,145.0065628373872,103296000
2021-08-17,146.6173095703125,148.07185618392833,145.54347021491796,146.65635150331968,92229700
2021-08-18,142.87844848632812,147.13473517673972,142.67343732669485,146.2366215497856,86326000
2021-08-19,143.21029663085938,144.47937520302148,141.06263322186894,141.58002438734985,86960300
2021-08-20,144.66493225097656,144.96755574158394,143.288469055807,143.9327728785443,60549600
2021-08-23,146.1487274169922,146.61730507779947,144.3720141553827,144.78202147056598,60131800
2021-08-24,146.0608673095703,147.27137582254224,145.6020463753851,145.8949130199866,48606400
2021-08-25,144.83082580566406,146.74420805011133,144.28414942034036,146.24633035248027,58991300
2021-08-26,144.03038024902344,145.5727977281921,144.00109506679658,144.82112485660906,48597200
2021-08-27,145.06520080566406,145.21162673984585,143.33730030320672,143.97183254575776,55802400
2021-08-30,149.4776153564453,149.83882401907485,145.07490345956626,145.45562564226032,90956700
2021-08-31,148.21829223632812,149.1652192116683,147.69112933468762,149.0285501067643,86453100
2021-09-01,148.88217163085938,151.29341783710504,148.71621728375123,149.19456679893693,80313700
2021-09-02,149.9950408935547,151.03959539227287,148.7747752992504,150.20980882981786,71115500
2021-09-03,150.62957763671875,150.95172951907767,149.44835406806936,150.10241459437898,57808700
2021-09-07,152.9627227783203,153.51915609845358,150.71743128739138,151.28363626481305,82278300
2021-09-08,151.42030334472656,153.3043860941943,150.31717858511598,153.24581573453693,74420200
2021-09-09,150.4050750732422,152.39654212564548,150.2879194378151,151.79129510992104,57305700
2021-09-10,145.4263153076172,151.78145061032407,145.1627338741772,151.312872980953,140893200
2021-09-13,145.99252319335938,147.81803506194143,145.21155053067017,147.04683405361763,102404300
2021-09-14,144.5965576171875,147.4763957492906,143.4153491043727,146.7735217186003,109296300
2021-09-15,145.48492431640625,145.8851749521173,142.88819590848047,145.02610332343372,83281300
2021-09-16,145.2506561279297,145.4263821295721,143.71801019803328,144.9089906791146,68034100
2021-09-17,142.5855712890625,145.27992686740734,142.29270460935308,145.27992686740734,129868800
2021-09-20,139.53981018066406,141.39460787991925,137.909537174392,140.37935348466607,123478900
2021-09-21,140.01809692382812,141.16027821011605,139.38356500550353,140.50620298279006,75834000
2021-09-22,142.38059997558594,142.94679012081193,140.28173414994058,141.01389352952881,76404300
2021-09-23,143.33729553222656,143.58134867828787,142.17560017364323,143.16156952123504,64838200
2021-09-24,143.42510986328125,143.96202960944674,142.09746053449825,142.1950877231893,53477900
2021-09-27,141.9119873046875,142.48796392317834,140.39887004950094,142.00961449990794,74150700
2021-09-28,138.53427124023438,141.30671020043195,138.3195033733077,139.84239196001295,108972300
2021-09-29,139.43240356445312,141.0138627120859,138.6514307510702,139.08096654322168,74602000
2021-09-30,138.13406372070312,140.9455603850025,137.91929578685694,140.24268621892764,89056700
2021-10-01,139.25668334960938,139.5202648503588,135.80089824481317,138.52452409983053,94639600
2021-10-04,135.83018493652344,138.82716398233575,134.98088496397907,138.38785651091933,98322000
2021-10-05,137.7533416748047,138.85646652806082,136.04496985928344,136.17188224652747,80861100
2021-10-06,138.62217712402344,138.7686030429388,135.07852092806354,136.15236065284557,83221100
2021-10-07,139.88145446777344,140.7893396562003,139.32502120039112,139.65692980871162,61732700
2021-10-08,139.500732421875,140.7502829805711,139.16882381318146,140.60385709315267,58773200
2021-10-11,139.4128875732422,141.36531233280488,138.43667519346084,138.88573944232053,64452200
2021-10-12,138.14381408691406,139.84242905892054,137.68499305819657,139.82290063970592,73035900
2021-10-13,137.55807495117188,138.0364094315763,135.88874541033104,137.88022678873125,78762700
2021-10-14,140.34024047851562,140.45739605494873,138.14376334202237,138.72949653674615,69907100
2021-10-15,141.3946075439453,141.45317790755652,140.09624319922384,140.35006796929892,67940300
2021-10-18,143.06390380859375,143.34699879821167,139.75454497889402,140.03763996851194,85589200
2021-10-19,145.22134399414062,145.62159463310732,143.06392303976392,143.51297237963328,76378900
2021-10-20,145.70945739746094,146.18780683574556,144.59657585778285,145.16278083703227,58418800
2021-10-21,145.9242401123047,146.0804376870695,144.35253739380764,145.27017952577518,61421000
2021-10-22,145.1529998779297,146.60754657748723,145.10418628692474,146.129212114762,58883400
2021-10-25,145.10418701171875,145.8168177773373,144.10844635434742,145.14322894722775,50720600
2021-10-26,145.76803588867188,147.2518679421637,145.46539754636262,145.77779264971988,60893400
2021-10-27,145.30921936035156,146.16827612937263,144.9577823061733,145.80708231384622,56094900
2021-10-28,148.94073486328125,149.5264533730465,146.15852353048365,146.25615073002083,100077900
2021-10-29,146.23663330078125,146.37330245291255,142.92727357091124,143.718003300801,124953200
2021-11-01,145.4165802001953,146.13896771640327,144.28417043944881,145.44586537540286,74588300
2021-11-02,146.4513702392578,147.96450225059075,145.11394928812004,145.12372094423125,69122000
2021-11-03,147.88641357421875,148.35499132920407,146.25614074482093,146.81257403590004,54511500
2021-11-04,147.36903381347656,148.80405236999567,147.05663868837075,147.9742807485948,60394600
2021-11-05,147.89694213867188,148.79636649786093,146.70422366033108,148.49330137784227,65463900
2021-11-08,147.0757293701172,148.18046407919945,146.80199217243356,148.02403856122066,55020900
2021-11-09,147.4374542236328,148.0435844748696,146.70422637098488,146.8410949734435,56787900
2021-11-10,144.612060546875,146.7726448402154,144.54363371528353,146.66510417552323,65187100
2021-11-11,144.56321716308594,146.0883289050465,144.37746369649008,145.62885311604722,41000000
2021-11-12,146.63577270507812,147.03659252052734,144.18189439318962,145.11064651980587,63804000
2021-11-15,146.64556884765625,148.483531417499,146.08830852560698,147.00728981052836,59222800
2021-11-16,147.62319946289062,148.102247003654,146.00031832566742,146.58690654221206,59256200
2021-11-17,150.05755615234375,151.53378312081145,147.61346287620162,147.62323387898405,88807000
2021-11-18,154.3395538330078,155.12166644396783,149.62735108476016,150.27259510761894,137827700
2021-11-19,156.9596710205078,157.41916174351337,153.02956490955935,154.1245139086052,117305600
2021-11-22,157.4191131591797,161.9944471367291,157.39955624235793,158.06434223873075,117467900
2021-11-23,157.8004150390625,158.18169292863084,155.502961782972,157.51689191338718,96041900
2021-11-24,158.3185272216797,158.51405162465102,156.06995929361992,157.15513688529995,69463600
2021-11-26,153.30328369140625,156.8618824271744,152.8633499442556,156.00157185337474,76959800
2021-11-29,156.6566162109375,157.58536872105077,155.23903010240633,155.80606156230635,88748200
2021-11-30,161.6033935546875,161.81847488073362,156.3437019010155,156.41214364910118,174048100
2021-12-01,161.08526611328125,166.49159798116264,160.85062784337472,163.7346542506034,152052500
2021-12-02,160.09783935546875,160.52800204808736,154.27113083970096,155.19011206164845,136739200
2021-12-03,158.22080993652344,161.27104831929452,156.1482237273482,160.35206691181173,118023100
2021-12-06,161.6229705810547,164.12571914002814,160.6062196554979,160.61599065605895,107497000
2021-12-07,167.3519287109375,167.74299254141582,164.57544264356054,165.2988995417756,120405400
2021-12-08,171.1646728515625,172.02499811029608,166.88261839066362,168.2806469361057,116998900
2021-12-09,170.65634155273438,172.7973693361273,170.03065436230736,170.9985205283445,108923700
2021-12-10,175.4369659423828,175.61294836881706,170.78341894665584,171.29179439045112,115402700
2021-12-13,171.8099365234375,178.0570365302883,171.6046261840087,177.06961358561998,153237000
2021-12-14,170.43150329589844,173.76524989300478,168.35891710300444,171.3309277742781,139380400
2021-12-15,175.2903594970703,175.48588396086842,168.4566698432585,171.19405708911282,131063300
2021-12-16,168.40774536132812,177.08916675225177,166.9315188519041,175.27076132354634,150185800
2021-12-17,167.31277465820312,169.59067037342322,165.89520416900396,166.1298274724243,195432700
2021-12-20,165.95387268066406,166.76531314131543,163.7150906232475,164.51674516713837,107499100
2021-12-21,169.12144470214844,169.3267401361631,165.3379790393109,167.72341591348743,91185900
2021-12-22,171.712158203125,171.92723953166936,168.30019977990446,169.17029609354066,92135300
2021-12-23,172.3378448486328,172.89510508509778,171.35043687369296,171.91746810959268,68356600
2021-12-27,176.29730224609375,176.3852860059842,173.1102106304085,173.12975263201184,74919600
2021-12-28,175.2805633544922,177.27495155456995,174.5375644683696,176.13111784462515,79144300
2021-12-29,175.3685302734375,176.59057652650236,174.1562550200767,175.31964543980357,62348900
2021-12-30,174.21495056152344,176.53196092937984,174.10740987004013,175.4565540145469,59773000
2021-12-31,173.59902954101562,175.2218958133562,173.29594950484335,174.1073900997929,64062300
2022-01-03,177.9397430419922,178.79029755777358,173.73591497728762,173.8532266687499,104487900
2022-01-04,175.68141174316406,178.84896181974315,175.11438034514651,178.5458966574974,99310400
2022-01-05,171.00823974609375,176.140833320671,170.73450261552068,175.59335905952486,94537600
2022-01-06,168.15357971191406,171.3797850968752,167.80162976232634,168.83792269234627,96904000
2022-01-07,168.31980895996094,170.2457555978546,167.2053030557917,169.0237089960216,86709100
2022-01-10,168.33934020996094,168.64240533418686,164.40923476090865,165.29888813158135,106765600
2022-01-11,171.1646728515625,171.26242759251966,166.99994496438987,168.4664003367464,76138300
2022-01-12,171.60462951660156,173.21772467571947,170.91051556767007,172.1814317936139,74805200
2022-01-13,168.33934020996094,172.6702655459411,167.94827640647682,171.84905393496265,84505800
2022-01-14,169.19964599609375,169.89375992557677,167.26391395832079,167.50832321300913,80440800
2022-01-18,166.00277709960938,168.6814931182034,165.6214992398613,167.67452813175186,90956700
2022-01-19,162.5126190185547,167.25416515581253,162.22911080921511,166.19831524532339,94815000
2022-01-20,160.8311004638672,165.8854833139809,160.50847837757559,163.24586569234862,91420500
2022-01-21,158.77804565429688,162.61038131219433,158.67050497614542,160.74309086318223,122848900
2022-01-24,158.00570678710938,158.67050778679211,151.24045969712583,156.44149634340394,162294600
2022-01-25,156.2068634033203,159.1202179477596,153.50859022634555,155.42475069595457,115798400
2022-01-26,156.118896484375,160.71378862428045,154.2907195812304,159.84369205931444,108275300
2022-01-27,155.65939331054688,160.17607231774176,154.74041197266266,158.81715723147198,121954600
2022-01-28,166.5209197998047,166.5404767176366,159.1593140383979,162.0042414218655,179935700
2022-01-31,170.8714141845703,171.0864955438015,165.71926239899202,166.35473547583268,115541600
2022-02-01,170.70521545410156,170.93006781127377,168.45664712970438,170.1186272242385,86213900
2022-02-02,171.90769958496094,171.94681342176997,169.45383589849953,170.84207875406224,84914300
2022-02-03,169.033447265625,172.29876649074853,168.27089152715305,170.57811566132818,89418100
2022-02-04,168.7495880126953,170.4234840013588,167.07569202403184,168.05457472378333,82465400
2022-02-07,168.03500366210938,170.2766384169295,167.33999039041194,169.20965988540354,77251200
2022-02-08,171.13803100585938,171.64705409326743,167.80982151011347,168.10348925040896,74829200
2022-02-09,172.5574188232422,172.9196005956565,171.20655609241282,172.33228001362485,71285000
2022-02-10,168.48526000976562,171.77430598076174,167.92730472233933,170.46260694632986,90865900
2022-02-11,165.07876586914062,169.42500712943504,164.49143031742815,168.6908451580762,98670700
2022-02-14,165.3136749267578,165.99888966269845,163.04266044585623,163.8355528500562,86185500
2022-02-15,169.14109802246094,169.29772280484622,166.6547430824804,167.35953966665278,62527400
2022-02-16,168.9062042236328,169.67951494494773,166.45899759893967,168.2209893560315,61177400
2022-02-17,165.3136749267578,168.27968759105596,164.91232953264935,167.41826624498145,69589300
2022-02-18,163.76705932617188,166.93862933962222,162.68049906023276,166.23384762062662,82772700
2022-02-22,160.84999084472656,163.16993775264925,158.72580252665216,161.4960419882263,91162800
2022-02-23,156.6897735595703,162.64136771002168,156.3765239008277,162.04424861753867,90009200
2022-02-24,159.30337524414062,159.4110529381091,148.7901697172211,149.3579234730035,141147500
2022-02-25,161.36880493164062,161.6330924831591,157.47284137265066,160.38012393186045,91974200
2022-02-28,161.63311767578125,161.92678549313706,158.99992064321486,159.61662156600548,95056600
2022-03-01,159.753662109375,163.08187242749526,158.54964050687724,161.2219862371019,83474400
2022-03-02,163.04269409179688,163.82580321014547,159.50892707803538,160.91852050375005,79724800
2022-03-03,162.71966552734375,165.34307890598984,162.0540324670775,164.91236813214016,76678400
2022-03-04,159.7242889404297,162.0540345545001,158.67689221468046,161.01642127862274,83737200
2022-03-07,155.93600463867188,161.53521443024337,155.68148559760553,159.91026569329455,96418800
2022-03-08,154.1152801513672,159.44040392728598,152.50991327214726,155.46614292973925,131148300
2022-03-09,159.5089111328125,159.959203685233,156.04367342146804,158.06995256595388,91454900
2022-03-10,155.17250061035156,157.00300660733848,152.6861300144377,156.81701649151432,105342000
2022-03-11,151.46249389648438,155.91641251914996,151.23735509056115,155.57379764949783,96970100
2022-03-14,147.4392852783203,150.86537421208124,146.9302771053436,148.2517595892854,108732100
2022-03-15,151.81491088867188,152.28478532825997,147.20438184151632,147.713390079557,92964300
2022-03-16,156.2198944091797,156.6212399212536,151.19823606106897,153.73353879751855,102300200
2022-03-17,157.22816467285156,157.60014494995056,154.30131439746998,155.2606154453612,75615400
2022-03-18,160.51718139648438,161.00662274780382,156.38629519642316,157.1204572234023,123511700
2022-03-21,161.88758850097656,162.83710569668534,159.56762687828217,160.0570681157996,95811400
2022-03-22,165.25498962402344,165.84231029999864,161.42755456550663,162.01487524148183,81532000
2022-03-23,166.61561584472656,168.9942934206818,164.1096638130363,164.4424952526729,98062700
2022-03-24,170.3940887451172,170.46260275503545,166.6156015912022,167.44764277770662,90131400
2022-03-25,171.0303497314453,171.5785215356228,169.10195003253148,170.2080920251791,80546200
2022-03-28,171.89181518554688,172.01905978493204,168.3678313455488,168.53423961902578,90371900
2022-03-29,175.18081665039062,175.2297488255487,172.6161343745908,172.95874922006587,100589400
2022-03-30,174.0159912109375,175.81713189197046,172.9685794955082,174.77951856347462,92633200
2022-03-31,170.92269897460938,174.27047582290578,170.7171270473916,174.08448573079536,103049300
2022-04-01,170.6290283203125,171.18699858724577,168.30908127405286,170.35494237968112,78751300
2022-04-04,174.6717987060547,174.72074581921223,170.75626863844195,170.88352814533914,76468400
2022-04-05,171.36322021484375,174.53480585728352,170.7367358216346,173.75169663163055,73401800
2022-04-06,168.20138549804688,169.96337702443967,166.53728819844997,168.72019203962893,89058800
2022-04-07,168.50485229492188,169.69909027693134,166.26321768469555,167.5455515170426,77594700
2022-04-08,166.4981689453125,168.15248323813117,165.6269638660641,168.15248323813117,76575500
2022-04-11,162.24978637695312,165.46052001953282,162.0050657338506,165.1472853633742,72246700
2022-04-12,164.1194610595703,166.28278325109693,163.1209966207163,164.47185939466212,79265200
2022-04-13,166.80160522460938,167.42808955183875,163.24827119923606,163.85517369033073,70618900
2022-04-14,161.79949951171875,167.65322825491936,161.55477886000992,167.01694559853848,75329400
2022-04-18,161.58416748046875,163.08185675186522,160.11584349387897,160.45844346214486,69023900
2022-04-19,163.8649444580078,164.2760883021938,160.44865367684753,161.53521398147984,67723800
2022-04-20,163.69857788085938,165.31374357546795,162.59245039656437,165.1962674744082,67929800
2022-04-21,162.9056396484375,167.90773030576432,162.40641490220864,165.34306268686478,87227800
2022-04-22,158.3734130859375,164.32502122927878,158.08954369720692,162.94480808191494,84882400
2022-04-25,159.44039916992188,159.72426854560663,155.113739965227,157.71755627231695,96046400
2022-04-26,153.4888153076172,158.91181906878418,153.4105028966986,158.82372320771267,95623200
2022-04-27,153.26364135742188,156.4156292897006,152.09876878373368,152.61757531774515,88063200
2022-04-28,160.18434143066406,161.0457628626786,155.57379800357486,155.88704759214835,130216800
2022-04-29,154.32086181640625,162.6903124384376,153.9293146853147,158.42238298865084,131747600
2022-05-02,154.62432861328125,154.8886162063275,150.03336604127583,153.40072515321864,123055300
2022-05-03,156.11219787597656,157.31623426694395,153.0189401124905,154.81028218380573,88966500
2022-05-04,162.51412963867188,162.96440737050813,155.89687222909777,156.29821776928353,108256500
2022-05-05,153.45947265625,160.615104090122,151.67789865233715,160.38996521087574,130525300
2022-05-06,154.1848602294922,156.30235682996496,151.1458596477854,152.93984857664353,116124600
2022-05-09,149.06756591796875,152.763379211531,148.50879088738637,151.88108159062776,131577900
2022-05-10,151.46934509277344,153.6554710112095,149.92043660074285,152.4594785674708,115366700
2022-05-11,143.61700439453125,152.39087300235883,142.9405806152843,150.47925033829725,142689800
2022-05-12,139.75453186035156,143.3228989996902,136.06853101088905,139.96040581157675,182602000
2022-05-13,144.21502685546875,145.1855500570958,140.2937427481442,141.744613679471,113990900
2022-05-16,142.6759033203125,144.616949555646,141.34266624082053,142.68571610317943,86643800
2022-05-17,146.30307006835938,146.82263885480765,143.79343645262884,145.93054340694096,78336300
2022-05-18,138.0487823486328,144.46007380411618,137.14687404841018,143.96011558077154,109742900
2022-05-19,134.64707946777344,138.87226008655338,133.91183880440775,137.12729010884627,136095600
2022-05-20,134.88235473632812,137.93115346240322,130.00036063657,136.3528361484188,137426100
2022-05-23,140.29371643066406,140.4407585737006,134.941158046499,135.07840236616943,117726300
2022-05-24,137.59783935546875,139.17615657107172,134.62746828487894,138.03898075989613,104132700
2022-05-25,137.75469970703125,138.99969650386015,135.61759232548434,135.7058176181396,92482700
2022-05-26,140.95053100585938,141.49950829001511,134.44120114221013,134.68628135538745,90601500
2022-05-27,146.69520568847656,146.73441193920726,142.4013957458045,142.5288422380691,90978500
2022-05-31,145.91098022460938,147.69517170019813,143.95033814163904,146.1364648342796,103718400
2022-06-01,145.7835235595703,148.75389460714223,144.7737792988703,146.95009283292427,74286600
2022-06-02,148.2343292236328,148.2931460840145,143.96992734384497,144.9208398093746,72348100
2022-06-03,142.51905822753906,145.05808578629097,141.6171647882395,144.0091352358549,88570300
2022-06-06,143.26409912109375,145.64628674294468,142.04849579123675,144.13658414441952,71598400
2022-06-07,145.7835235595703,146.06781003090646,141.26424373812605,141.50932395629872,67808200
2022-06-08,145.04827880859375,146.9206802540853,144.55811838609154,145.6560729457736,53950200
2022-06-09,139.83299255371094,145.0384948829892,139.72515664096548,144.18562036487367,69473000
2022-06-10,134.43142700195312,137.98998215242344,134.36279735008839,137.5194322486073,91437900
2022-06-13,129.28468322753906,132.53933978353803,128.85333977780914,130.2551910309264,122207100
2022-06-14,130.14739990234375,131.25516732822615,128.89259032192393,130.5101288143863,84784300
2022-06-15,132.76487731933594,134.63729418113485,129.55923814253225,131.64731188113106,91533000
2022-06-16,127.50054168701172,129.784691319241,126.50061011925011,129.48079421494845,108123900
2022-06-17,128.97103881835938,130.46113104749855,127.25547692933145,127.51036998343507,134520300
2022-06-21,133.19619750976562,134.36278178825876,130.69639115129178,130.79441426737327,81000500
2022-06-22,132.6864471435547,135.04900927487205,131.2747825760473,132.13745484401576,73409200
2022-06-23,135.54896545410156,135.8626603415122,132.9609190593017,134.12750324123766,72433800
2022-06-24,138.87225341796875,139.117333627322,137.01944763359853,137.1468791706762,89116800
2022-06-27,138.87225341796875,140.66624234545563,138.19582964679236,139.89178050713437,70207900
2022-06-28,134.73532104492188,140.59763645444562,134.61768731128618,139.33302894232776,67083400
2022-06-29,136.49008178710938,137.90174634957765,133.98046254650382,134.75492447437682,66242400
2022-06-30,134.02944946289062,135.64697266058235,131.13750634293814,134.54901824559195,98964500
2022-07-01,136.1959686279297,136.3038045198631,132.9903302157903,133.36284196732555,71051600
2022-07-05,138.7742462158203,138.82326526029516,134.23535494237336,135.05883599741875,73353800
2022-07-06,140.1074676513672,141.28384979355582,138.30368070277723,138.5683715462856,74064300
2022-07-07,143.469970703125,143.66603189279604,140.4603783389641,140.47017616296918,66253700
2022-07-08,144.1463623046875,144.646335480772,142.14651447587394,142.4013924960781,64547800
2022-07-11,142.0190887451172,143.7542609845207,140.95054251842944,142.80334848304327,63141600
2022-07-12,142.98959350585938,145.5286208059207,142.19553604555907,142.89155544175705,77588800
2022-07-13,142.6269073486328,143.56800712971256,139.3232154144063,140.17610485424197,71185600
2022-07-14,145.54823303222656,146.0187828364424,140.43095716603992,141.24462523992875,78140700
2022-07-15,147.2147674560547,147.89119117713278,145.28353435270415,146.83244295612025,76259900
2022-07-18,144.1758270263672,148.58727184385728,143.813098058474,147.77360356027648,81420900
2022-07-19,148.0284881591797,148.25395782693252,144.0189783944477,145.0090973341563,82982400
2022-07-20,150.0283203125,150.69494637561027,147.41086501912858,148.14610577429508,64823400
2022-07-21,152.2928466796875,152.50851845862235,148.94994906470606,151.45956799212024,65086600
2022-07-22,151.05767822265625,153.2045838749567,150.39106703923662,152.33209867400265,66675400
2022-07-25,149.94009399414062,151.98896129458768,149.28328071900498,150.97923186102722,53623900
2022-07-26,148.61663818359375,150.0773065915356,147.83237855759032,149.2636385384265,55138700
2022-07-27,153.70449829101562,154.23387992265205,149.16562296270044,149.57735592146827,78620700
2022-07-28,154.25352478027344,154.53781130593885,151.37137847040182,153.8907958162713,81378700
2022-07-29,159.3119354248047,160.409904944982,156.36117506106663,158.0669387195233,101786900
2022-08-01,158.33160400390625,160.37067302404677,157.72380990621818,157.84144361325252,67829400
2022-08-02,156.86111450195312,159.21389322725332,156.4886027966237,156.94935473605096,59907000
2022-08-03,162.8607177734375,163.311657015849,157.58658648416494,157.67481177613547,82507500
2022-08-04,162.54701232910156,163.89986001020398,161.19416464799912,162.74307352499065,55474100
2022-08-05,162.32122802734375,162.81206933981917,160.01426786699392,160.22042780912037,56697000
2022-08-08,161.85003662109375,164.73618641729826,161.19231095001098,163.32256080452132,60276900
2022-08-09,161.8990936279297,162.78261696114208,160.25968547297944,161.0155852740051,63135500
2022-08-10,166.13999938964844,166.23815868025727,163.84285029590276,164.60856166738782,70170500
2022-08-11,165.40370178222656,167.85790820975464,165.10919401506573,166.9449356294848,57149200
2022-08-12,168.9475860595703,169.01629605421468,166.29703098384923,166.70935086886797,68039400
2022-08-15,170.01760864257812,170.21394216296972,168.21131628811554,168.3782005294128,54091700
2022-08-16,169.86056518554688,170.52811724537264,168.51566461022102,169.61514449782814,56377100
2022-08-17,171.3527374267578,172.92342093468278,169.40900965777863,169.6053432238579,79542000
2022-08-18,170.95999145507812,171.69625328732099,169.94885973714076,170.56732446959606,62290100
2022-08-19,168.3782196044922,170.55755638009072,168.17205964818893,169.86055507755876,70346300
2022-08-22,164.50057983398438,166.74862666169574,164.07844847706937,166.58174239756778,69026800
2022-08-23,164.16676330566406,165.61966421752064,163.59738564765863,164.01951691966545,54147100
2022-08-24,164.4612579345703,165.03063554714507,163.20470561002094,164.25511301062056,53841500
2022-08-25,166.9154815673828,167.02346724627097,165.2662620854037,165.688378388784,51218200
2022-08-26,160.62289428710938,167.91680343416758,160.56399573070382,167.44560000363606,78961000
2022-08-29,158.42391967773438,159.9160662270411,156.89249744175427,158.19812192757627,73314000
2022-08-30,155.9991912841797,159.58232691391927,154.83098655063566,159.1602105704912,77906200
2022-08-31,154.34011840820312,157.63857209111154,154.261582013457,157.37351363125413,87991100
2022-09-01,155.0665740966797,155.51813965771387,151.83683028732437,153.77074600824523,74229900
2022-09-02,152.95594787597656,157.42260624530542,152.1313381712874,156.8237793213389,76957800
2022-09-06,151.6993865966797,154.2124912520568,150.8747769402501,153.60385293125665,73714800
2022-09-07,153.10321044921875,153.80019664109167,150.7962505650505,151.98409298992328,87449600
2022-09-08,151.6306915283203,153.49588236025656,149.88328282837716,151.80738719524012,84923800
2022-09-09,154.48736572265625,154.92913481819144,151.91536244109605,152.62217501880943,68028800
2022-09-12,160.43638610839844,161.25118449428555,156.38204700518378,156.66672837890903,104956000
2022-09-13,151.0220489501953,157.59931943362142,150.56065692569356,156.97104316313002,122656600
2022-09-14,152.46514892578125,154.2223694761001,150.79629120920487,151.9546696901294,87965400
2022-09-15,149.57896423339844,152.39640331677907,148.6071081028978,151.81719923234522,90481100
2022-09-16,147.9395751953125,148.57767791761873,145.6522527794473,148.4402429431555,162278800
2022-09-19,151.65032958984375,151.72886599832884,146.36888718799335,146.5750321533895,81474200
2022-09-20,154.02598571777344,155.1843789131033,150.2759661753886,150.5900968013731,107689800
2022-09-21,150.9042510986328,155.83230196535132,150.78645397951445,154.4579373320565,101696800
2022-09-22,149.94216918945312,151.6404754795318,148.14568867157536,149.58876294037415,86652500
2022-09-23,147.6745147705078,148.69547312127722,145.83877299693037,148.4206031759059,96029900
2022-09-26,148.00828552246094,150.95333323742267,146.8989794231201,146.91861726875362,93339400
2022-09-27,148.98016357421875,151.88595100420483,147.20332025510484,149.94222342090066,84442700
2022-09-28,147.09532165527344,147.8806707549768,142.1869085062377,144.93562286555536,146691400
2022-09-29,139.8701171875,144.03245634378814,138.103085707034,143.4238179924611,128138200
2022-09-30,135.6685333251953,140.4787870882612,135.47219979960417,138.69211755301987,124925300
2022-10-03,139.84066772460938,140.44932105441077,135.16786446408517,135.67834355315813,114311700
2022-10-04,143.423828125,143.54162523892447,141.61752082886468,142.3734205948832,87830100
2022-10-05,143.71832275390625,144.6803824609242,140.39041942925496,141.43101553965928,79471000
2022-10-06,142.76609802246094,144.83744897574383,142.55995305808347,143.13914221609966,68402200
2022-10-07,137.52392578125,140.47880029356153,136.8956494527264,139.9290453992253,85925600
2022-10-10,137.847900390625,139.29097534068862,136.03179615324555,137.847900390625,74899000
2022-10-11,136.43421936035156,138.76081689569904,135.68814610919395,137.337365394685,77033700
2022-10-12,135.8059844970703,137.78898779453903,135.62928879673916,136.58152223774053,70433700
2022-10-13,140.37078857421875,140.95978909716513,131.90867508719168,132.51732843397534,113224000
2022-10-14,135.84527587890625,141.87280790341703,135.6587537430503,141.66664791660483,88598000
2022-10-17,139.80140686035156,140.28242169324201,137.70060693296034,138.48595592005591,85250900
2022-10-18,141.11688232421875,144.0128431743189,138.03439937209953,142.825015544548,99136600
2022-10-19,141.224853515625,142.2948839097448,138.9080820775627,139.09460416043055,61758300
2022-10-20,140.76345825195312,143.21766459219867,140.0370077826972,140.40024050696854,64522000
2022-10-21,144.5724334716797,145.14181130627574,140.0370486455638,140.2530200648689,86548600
2022-10-24,146.7124786376953,147.47818995640918,143.32567626964715,144.4938810962025,75981900
2022-10-25,149.5495147705078,149.69677613929844,146.62410499116672,147.3407290522299,74732300
2022-10-26,146.6143035888672,149.20594507644813,145.32828678897533,148.19481318791426,88194300
2022-10-27,142.14764404296875,146.31979510961392,141.48991849585923,145.35775035197634,109180200
2022-10-28,152.8872528076172,154.61500878306214,145.11232844918345,145.4853576495381,164762400
2022-10-31,150.53125,151.41477358412882,149.13726210073048,150.35455427074947,97943200
2022-11-01,147.8904571533203,152.60253597457515,146.3983105936967,152.23931825640548,80379300
2022-11-02,142.37342834472656,149.3826416112209,142.34397906464244,146.22162239502856,93604600
2022-11-03,136.3360595703125,140.18425286730874,136.20843606207234,139.45780248243508,97918500
2022-11-04,136.07061767578125,140.2890164015465,132.13737261509453,139.71869406725023,140814800
2022-11-07,136.60154724121094,136.82770454508952,133.40578684396397,134.8217569283286,83374600
2022-11-08,137.17190551757812,139.069688836373,135.19545550623369,138.06672226567503,89908500
2022-11-09,132.61917114257812,136.23776400792798,132.34384521853534,136.18859544917657,74917800
2022-11-10,144.41885375976562,144.41885375976562,137.17185789658723,138.8828241062473,118854000
2022-11-11,147.20166015625,147.50648417895965,141.96061049585242,143.38642351170455,93979700
2022-11-14,145.8053436279297,147.77196548965426,144.9695233350431,146.4838305708861,73374100
2022-11-15,147.53599548339844,151.02675299903876,146.0806992107757,149.67962155098414,89868300
2022-11-16,146.3068389892578,147.36881668355312,144.83187247009243,146.6411761367448,64218300
2022-11-17,148.20465087890625,148.95196191687904,143.71091192910288,143.98623783804743,80389400
2022-11-18,148.76512145996094,150.15159363499748,147.4671586821555,149.76810292744864,74829600
2022-11-21,145.53985595703125,147.86047052115927,145.25470236836378,147.65398361312236,58724100
2022-11-22,147.6736297607422,147.90962978782017,144.47786920588229,145.65785433713793,51804100
2022-11-23,148.548828125,149.29613922514196,146.84768896962234,146.95585380028717,58301400
2022-11-25,145.6382293701172,146.39538323134536,144.6647458342524,145.83488861865806,35195900
2022-11-28,141.81312561035156,144.19273663104678,140.98714790150922,142.71777000634125,69246000
2022-11-29,138.81399536132812,142.39324637035057,138.00768824052855,141.88192051073784,83763800
2022-11-30,145.55955505371094,146.23804217919428,138.20439151332914,139.04019702693043,111380900
2022-12-01,145.8348846435547,146.64120704597443,144.16325857031342,145.73656252403373,71250400
2022-12-02,145.3431854248047,145.5300169012177,143.21923022579475,143.52406921601985,65447400
2022-12-05,144.18292236328125,148.40132070138284,143.33727415278167,145.30389650239576,68826400
2022-12-06,140.5250244140625,144.8417605109046,139.55154080527421,144.61560310834815,64727200
2022-12-07,138.58787536621094,140.97731424983792,137.66356048798676,139.8170142991394,69721100
2022-12-08,140.26927185058594,141.12476240202082,138.74515219829354,139.98411833619514,62128300
2022-12-09,139.7875213623047,143.14061609699272,138.5485396692002,139.9645101732408,76097000
2022-12-12,142.07859802246094,142.08842573001988,138.70583381716978,140.3184631007223,70462700
2022-12-13,143.04225158691406,147.46715106267968,141.83278326469596,147.00499369488003,93886200
2022-12-14,140.8199920654297,144.21241242784126,138.80420126905452,142.92427726159215,82291200
2022-12-15,134.2219696044922,139.43352160827794,133.7598121718234,138.75503452609877,98931900
2022-12-16,132.26516723632812,135.35276341025192,131.49818579850947,134.40879318099954,160156900
2022-12-19,130.16087341308594,132.94364536804903,129.12840885731634,132.8551509782634,79592600
2022-12-20,130.09205627441406,131.0261987808424,127.72227301817315,129.19723960857664,77432800
2022-12-21,133.1894989013672,134.52680273214906,130.53456166494178,130.7607190395491,85928000
2022-12-22,130.0232391357422,132.31435609146064,128.12545567267372,132.10786913644063,77852100
2022-12-23,129.65939331054688,130.21004508793624,127.47644161865645,128.73507853958517,63814900
2022-12-27,127.85993194580078,129.2169059676245,126.57179689801647,129.18740783707491,69007800
2022-12-28,123.93653106689453,128.84325132058044,123.76936998157427,127.50594763388183,85438400
2022-12-29,127.44695281982422,128.30242867918332,125.5983306446105,125.8539861302219,75703700
2022-12-30,127.76161193847656,127.78128236285382,125.30334153820444,126.26698977683235,77034200
2023-01-03,122.98271942138672,128.7154174535332,122.09773792777466,128.10576937065363,112117500
2023-01-04,124.25119018554688,126.51280869797894,122.99255318811515,124.77234386397704,89113600
2023-01-05,122.93354034423828,125.63764564758301,122.67788488068354,125.00832719533365,80962700
2023-01-06,127.45677947998047,128.115596113896,122.80572219640975,123.907033324828,87754700
2023-01-09,127.97792053222656,131.18352399196448,127.72226507394718,128.29258725392592,70790800
2023-01-10,128.54824829101562,129.06940194282927,125.98180587179891,128.08609090104719,63896200
2023-01-11,131.26220703125,131.28186245070447,128.28277553296553,129.0595847172529,69458900
2023-01-12,131.18353271484375,132.0193381171801,129.24640871746402,131.6456901154858,71379600
2023-01-13,132.51097106933594,132.66830441383743,129.4627162913207,129.82653652186355,57809700
2023-01-17,133.6713104248047,134.99877137842552,131.89151977321038,132.5798345273993,63646600
2023-01-18,132.95350646972656,136.2967583598761,132.77650266153844,134.53663801277594,69672800
2023-01-19,133.01251220703125,133.9761529962307,131.5375453850544,131.84236946093412,58280400
2023-01-20,135.56907653808594,135.71658218378784,131.97999755468973,133.02230476612493,80223600
2023-01-23,138.75503540039062,140.92815961902411,135.59860004292767,135.81492969380113,81760300
2023-01-24,140.15130615234375,140.77079684177573,137.9585269717819,137.9683546796287,66435100
2023-01-25,139.4925079345703,140.0529874380773,136.49340619294276,138.53869500355867,65799300
2023-01-26,141.5574493408203,141.8426029112318,139.53181620357194,140.78062529691158,54105100
2023-01-27,143.4945831298828,144.77289057415175,140.69215546789684,140.77082215722044,70555800
2023-01-30,140.6134796142578,143.12092578303154,140.46598895897412,142.54077586673455,64015300
2023-01-31,141.8819580078125,141.93112656571586,139.90550801485074,140.31849689379183,65874500
2023-02-01,143.0029296875,144.16324461699494,138.961535368266,141.56730384751015,77663600
2023-02-02,148.302978515625,148.65695608667727,145.69719525256042,146.41500811186492,118339000
2023-02-03,151.9215850830078,154.75352622762708,145.3629009773319,145.5595602225663,154357300
2023-02-06,149.1977996826172,150.5449461888697,148.2636570715711,150.02379246889225,69858300
2023-02-07,152.06907653808594,152.63939885505883,148.12600388600742,148.12600388600742,83322600
2023-02-08,149.38461303710938,152.0002240332312,148.64712974900903,151.31190929849808,64120100
2023-02-09,148.35214233398438,151.75440537570756,147.9096553354024,151.213581264491,56007100
2023-02-10,148.71652221679688,149.04151212756338,146.95371454850684,147.19007494553122,57450700
2023-02-13,151.51339721679688,151.91715888947925,148.62788900472555,148.65743217523777,62199000
2023-02-14,150.87326049804688,151.43461079325414,148.56880303013764,149.8096612758476,61707600
2023-02-15,152.9709014892578,153.1383177826238,150.55811427879883,150.78461690781828,65573800
2023-02-16,151.3755340576172,153.95573796607766,151.02100096105386,151.17855953849067,68167900
2023-02-17,150.233154296875,150.6763169294936,148.55897600306773,150.03619479649413,59144100
2023-02-21,146.22491455078125,149.0020922304812,146.1559855092862,147.91879277519925,58867200
2023-02-22,146.64842224121094,147.67262055430007,144.9250004924314,146.60902132895072,51011300
2023-02-23,147.13095092773438,148.0566768897737,145.0037677901394,147.810473815914,48394200
2023-02-24,144.48184204101562,144.9545478123535,143.50687229977612,144.87576101262292,55469600
2023-02-27,145.67343139648438,146.90444675275575,145.2105684203629,145.46662923177482,44998500
2023-02-28,145.17120361328125,146.8158385647427,144.6000106018143,144.8166705381309,50547000
2023-03-01,143.10308837890625,144.9939263960711,142.80764165155819,144.60000744430354,55479000
2023-03-02,143.6939697265625,144.48182259076125,141.71448733904464,142.18720807379,52238100
2023-03-03,148.73622131347656,148.81500811176437,145.09241829817535,145.79162671403117,70732300
2023-03-06,151.49371337890625,153.926201531547,151.1293375512549,151.4543124625378,87558000
2023-03-07,149.2975616455078,151.69064849711955,148.83469862838186,151.3656586110283,56182000
2023-03-08,150.54827880859375,151.13917230662574,149.52408044265695,150.48919246419973,47204800
2023-03-09,148.30288696289062,152.19289270805663,147.9483539187185,151.22778082054958,53833600
2023-03-10,146.24465942382812,148.64760438030467,145.3681768808884,147.92869544727571,68572400
2023-03-13,148.1847381591797,150.81418573238946,145.45680332509693,145.56513330123872,84457100
2023-03-14,150.2725067138672,151.07020228030825,147.82033368029548,148.98240499263105,73695900
2023-03-15,150.66648864746094,150.92253451978002,147.6431066809658,148.89382292012243,77167900
2023-03-16,153.4830322265625,154.08376844517147,149.33696504123728,149.84907174243986,76161100
2023-03-17,152.6459503173828,154.35952962100535,151.9368840556802,153.70954970993674,98944600
2023-03-20,155.0094757080078,155.42311016638172,151.80883520237765,152.71487589238697,73641400
2023-03-21,156.86093139648438,156.9791040860205,154.16253977805687,154.93070734117964,73938300
2023-03-22,155.43292236328125,159.67746084227036,155.41322191031108,156.8805976022137,75701800
2023-03-23,156.51625061035156,159.09646969740976,155.28523492873595,156.41777837205046,67622100
2023-03-24,157.81619262695312,157.90482213956633,155.45264879499626,156.44730394409444,59196500
2023-03-27,155.8760986328125,158.3282868109909,155.4723219600322,157.5108907515981,52390300
2023-03-28,155.2556610107422,156.08291480553032,153.61102618902072,155.57080817581272,45992200
2023-03-29,158.3282928466797,158.60403911493316,156.92986104995282,156.94954647836764,51305700
2023-03-30,159.8941650390625,160.0024950198449,158.8207229739758,159.07676882534926,49501700
2023-03-31,162.39553833007812,162.49402556851254,159.45095924162882,159.972908545837,68749800
2023-04-03,163.6462860107422,163.76445869825218,161.7259047034759,161.77514833228696,56976200
2023-04-04,163.114501953125,164.3061166832112,162.60239523685718,164.06977129650792,46278300
2023-04-05,161.27285766601562,162.54327395468036,159.3426339632527,162.23798454444034,51511700
2023-04-06,162.15921020507812,162.45465692468338,159.5396056660462,159.96306777674639,45390100
2023-04-10,159.5691375732422,159.5691375732422,157.6487565719111,158.96840146235982,47716900
2023-04-11,158.35784912109375,159.89415417908276,158.07224508795338,159.88431146406083,47644200
2023-04-12,157.66848754882812,159.59871163720814,157.35334033527027,158.77147274218814,50133100
2023-04-13,163.0455322265625,163.28189260314673,158.96840964951016,159.17522685740187,68445600
2023-04-14,162.70086669921875,163.794009087704,161.33197803499354,162.09027277975596,49386500
2023-04-17,162.7205810546875,162.87815467656333,161.53880894471416,162.58270789230806,41516200
2023-04-18,163.94174194335938,164.86746811951792,163.13418846133288,163.57736611842117,49923000
2023-04-19,165.08412170410156,165.60607111909823,163.02585218946155,163.2819130529251,47720200
2023-04-20,164.11898803710938,165.32046042282218,163.04554607797024,163.56749547193866,52456400
2023-04-21,162.51376342773438,163.92203809382642,161.99181400338804,162.54330660065614,58337300
2023-04-24,162.81907653808594,163.0849801600332,161.40094392376503,162.49408656171667,41949600
2023-04-25,161.28274536132812,163.78416246885476,161.24334444666383,162.68117729099055,48714100
2023-04-26,161.27285766601562,162.76977657727082,160.32744626830737,160.58349205788602,45498800
2023-04-27,165.85226440429688,165.9999802574992,162.6811671878293,162.6811671878293,64902300
2023-04-28,167.10296630859375,167.27039764589344,165.33031595199535,165.93105213681218,55275900
2023-05-01,167.0143280029297,167.86126725124362,166.07875924686118,166.70903856930101,52472900
2023-05-02,165.9802703857422,167.76279339985444,164.99545801480568,167.50673256610264,48425700
2023-05-03,164.90684509277344,168.32414556576836,164.6212560883793,166.925713661642,65136000
2023-05-04,163.27206420898438,164.50307988258416,161.81454585901537,162.38573893481126,81235400
2023-05-05,170.9339141845703,171.65282310766082,168.1665784150509,168.3832383689214,113453200
2023-05-08,170.86495971679688,171.20965008439242,169.49607101524845,169.86044681233003,55962800
2023-05-09,169.16122436523438,170.90433143409618,168.99380806621033,170.42178299192224,45326900
2023-05-10,170.92405700683594,171.38692008917508,169.28926463206565,170.3922648627901,53724500
2023-05-11,171.1111602783203,171.93839911576495,169.5551548305296,171.20964753246403,49514700
2023-05-12,170.18414306640625,171.6535334613317,168.63584185680983,171.2196142676148,45533100
2023-05-15,169.69105529785156,170.81529363826058,169.09934457223466,170.76598190315437,37266700
2023-05-16,169.69105529785156,170.74625419954612,169.42478396654107,169.61215953124739,42110300
2023-05-17,170.30252075195312,170.53919306240596,168.06389984598047,169.33607370599472,57951600
2023-05-18,172.62991333007812,172.81728896230115,170.19406020684744,170.6082518448926,65496700
2023-05-19,172.73837280273438,173.95136353170963,172.52141315393132,173.95136353170963,55809500
2023-05-22,171.79161071777344,172.2945693897219,171.05197977463047,171.57465110395842,43570900
2023-05-23,169.18809509277344,170.98293990870613,168.91196743614205,170.73639628329747,50747300
2023-05-24,169.46426391601562,170.03624707165045,168.16252108250686,168.724632860117,45143500
2023-05-25,170.5983123779297,171.49571963245498,169.3162826671161,170.02632942855666,56058300
2023-05-26,173.00462341308594,173.33993425328168,170.71670589408566,170.92380920574092,54835000
2023-05-30,174.84877014160156,176.51540772383512,174.1288668535482,174.51347436884586,55964400
2023-05-31,174.79946899414062,176.8704419237823,174.31623796446905,174.87836477742368,99625300
2023-06-01,177.60015869140625,177.62974272201325,174.4838437196236,175.24320228346932,68901800
2023-06-02,178.44827270507812,179.26679934554073,176.78163539298924,178.52716847079088,61996900
2023-06-05,177.09722900390625,182.39298156722955,175.57851175717974,180.10506441660397,121946500
2023-06-06,176.73236083984375,177.62976831057978,174.97695616659206,177.4818481362361,64848400
2023-06-07,175.36155700683594,178.7046879636189,174.86846975629078,175.97298038220674,61944600
2023-06-08,178.0735626220703,178.33981894141047,175.0065588784877,175.44046308150416,50214900
2023-06-09,178.45816040039062,179.71059129506313,178.13272098000036,178.99068805786467,48900000
2023-06-12,181.24903869628906,181.34766218390052,178.468033910057,178.76388932505995,54274900
2023-06-13,180.77566528320312,181.60404834381112,179.91769818813273,180.2727216495119,54929100
2023-06-14,181.4068145751953,181.84073380664427,179.50350482104812,180.83483150172444,57462900
2023-06-15,183.43833923339844,183.94129793003785,181.23917400121888,181.4166932611595,65433200
2023-06-16,182.3634033203125,184.40479194393566,181.72239585614398,184.14837692000424,101256200
2023-06-20,182.45217895507812,183.52712083284334,181.86048315364175,181.86048315364175,49799100
2023-06-21,181.4166717529297,182.8466218007744,180.06560242478363,182.34366316376426,49515700
2023-06-22,184.41464233398438,184.46395407144706,181.1306792503188,181.19971869233248,51245300
2023-06-23,184.09910583496094,184.9669444808385,182.45219571223123,182.98473853505004,53117000
2023-06-26,182.7085723876953,185.4501365723536,182.6691169769034,184.24700235631448,48088700
2023-06-27,185.45997619628906,185.78541559077308,183.10301971608257,183.31997931240525,50730800
2023-06-28,186.633544921875,187.27455239917202,185.00636283468697,185.33178721386028,51216800
2023-06-29,186.96885681152344,187.44223149955704,186.3278492789131,186.46591313429835,46347300
2023-06-30,191.2882843017578,191.79122791985353,188.6157445714927,188.98063939826477,85213200
2023-07-03,189.7991485595703,191.19951452662892,189.1088143797874,191.10089105870892,31458200
2023-07-05,188.68479919433594,190.31198136153697,187.98460856583768,188.92148652956726,46920300
2023-07-06,189.15814208984375,189.36524537083605,186.5842258571581,187.2153769807983,45094300
2023-07-07,188.0437774658203,190.0062704618662,187.60987325439862,188.76369580404943,46815000
2023-07-10,186.00241088867188,187.36333679085425,184.45410938571575,186.6434184249519,59922200
2023-07-11,185.47972106933594,186.68285528837708,184.02018687082855,186.5447914459214,46638100
2023-07-12,187.14639282226562,189.04970293089204,185.8643625945321,187.05762565542406,60750200
2023-07-13,187.90573120117188,188.54675382063684,187.1562438045736,187.86629083201726,41342300
2023-07-14,188.0536346435547,188.53685056119244,187.00829198764853,187.59998771190843,41616200
2023-07-17,191.3080291748047,191.6334686208352,189.1581605746784,189.2469126832782,50520200
2023-07-18,191.0515899658203,191.64330071063998,189.75970372238763,190.6768538720752,48288200
2023-07-19,192.40267944335938,195.48939585264796,189.9865395225249,190.4303301514657,80507300
2023-07-20,190.45993041992188,193.75375040663724,189.8386355247165,192.39282446393295,59581200
2023-07-21,189.2863311767578,192.27443863277517,188.58614067832426,191.4164716546598,71951700
2023-07-24,190.08514404296875,192.21528467718613,189.59205676918674,190.73602285584008,45377800
2023-07-25,190.943115234375,191.75178560391285,190.2527960456413,190.65713123041024,37283200
2023-07-26,191.81094360351562,192.93518195125802,190.64726489612826,190.99241694846552,47471900
2023-07-27,190.54867553710938,194.4736466049838,189.88794029801272,193.3099676892758,47460200
2023-07-28,193.12258911132812,193.9115318637554,191.45595149688123,191.97862287270013,48291400
2023-07-31,193.73402404785156,193.7734794641123,192.5604737033273,193.34941650238693,38824100
2023-08-01,192.90562438964844,194.01013518521242,192.5801849485631,193.52691923606866,35175100
2023-08-02,189.91749572753906,192.48154051645844,189.19759252290805,192.34347668203839,50389300
2023-08-03,188.52700805664062,189.71041463976601,188.0536484329567,188.92148694956984,61235200
2023-08-04,179.4739227294922,184.78940327661547,179.40488328381886,182.95511789971007,115956800
2023-08-07,176.37734985351562,180.59817633552169,174.8980878140883,179.61200164257014,97576100
2023-08-08,177.31419372558594,177.77769698523286,175.12488493894773,177.205713919119,67823000
2023-08-09,175.72647094726562,178.42857997538025,174.5627769846933,178.36941190145535,60378500
2023-08-10,175.50949096679688,178.25105509162734,175.14461118800062,176.99860916334498,54686900
2023-08-11,175.56875610351562,176.38838822312198,174.34425781198718,175.10464195853916,52036700
2023-08-14,177.2178955078125,177.44501774834183,175.09474782272636,175.74650562753334,43675600
2023-08-15,175.23300170898438,177.23763842738072,174.8380051896738,176.64514364841483,43622600
2023-08-16,174.36398315429688,176.30935657463468,174.29485048513217,174.9169842350172,46964900
2023-08-17,171.82608032226562,175.2922216904398,171.3125728746346,174.92684921501044,66062900
2023-08-18,172.3099822998047,172.91236175457905,169.81159252872837,170.14734105941557,61172200
2023-08-21,173.64309692382812,173.92948217703207,171.56934282132403,172.88272795365145,46311900
2023-08-22,175.01573181152344,175.46010661888187,174.04797988711957,174.84785755399471,42038900
2023-08-23,178.85714721679688,179.2817827873095,176.10201110060572,176.28963972003098,52722800
2023-08-24,174.17636108398438,178.83739189345877,173.81097351698816,178.41275636104422,54945800
2023-08-25,176.3784942626953,176.91174101480664,173.62335841851225,175.16386577811136,51449600
2023-08-28,177.9387664794922,178.33376298082638,176.31925671498092,177.8400098200833,43820700
2023-08-29,181.8196563720703,182.58991008586239,177.2573820568172,177.45488030453177,53003900
2023-08-30,185.3055419921875,185.50305529692773,182.43191025327192,182.62940848986258,60813900
2023-08-31,185.52281188964844,186.75719481874472,185.13768501849643,185.4931879048022,60794500
2023-09-01,187.0929718017578,187.54721631397274,185.92770639795236,187.12259578872172,45766500
2023-09-05,187.32997131347656,187.60647191514923,185.26608644093676,185.92771395695013,45280000
2023-09-06,180.6248016357422,186.49059214043663,179.20278998997966,186.0462022000218,81755800
2023-09-07,175.34161376953125,175.98350189646143,171.37183427986267,172.99134398653018,112488800
2023-09-08,175.953857421875,177.9881329660241,175.56873058484743,176.121746745329,65551300
2023-09-11,177.11911010742188,178.0473683330804,175.12434339280344,177.82024612940288,58953100
2023-09-12,174.09738159179688,177.8795329175836,172.63587633671216,177.2475294233725,90370200
2023-09-13,172.03346252441406,175.08485308011382,171.80632524830068,174.30471474035696,84267900
2023-09-14,173.5443572998047,173.89986015970092,171.4113401404273,171.82609096561458,60895800
2023-09-15,172.82345581054688,174.29484548306786,171.64833608181547,174.2750911398521,109259500
2023-09-18,175.74649047851562,177.13887792290447,173.9689761950564,174.2751007250675,67257600
2023-09-19,176.83274841308594,177.38574949277796,174.91698390976052,175.30211073798526,51826900
2023-09-20,173.29750061035156,177.45489404541186,173.20861358406935,177.0203888259045,58436200
2023-09-21,171.7569580078125,174.0973581099587,171.6878404044714,172.36922214048295,63149100
2023-09-22,172.60621643066406,174.86761425499944,171.87547142547365,172.48772049861157,56725400
2023-09-25,173.8800811767578,174.7589610297227,171.97418651044094,172.02356483056997,46172700
2023-09-26,169.81161499023438,173.01112622988728,169.5153600429677,172.63588402695854,64588900
2023-09-27,168.30072021484375,170.87811270067803,166.93797153448685,170.46336179203436,66921800
2023-09-28,168.55746459960938,169.8807195182162,165.5258128129139,167.2243249736919,56294400
2023-09-29,169.0709686279297,170.90773103963988,168.21182785802986,169.87084635964763,51861100
2023-10-02,171.5792236328125,172.12235512412923,168.79444856905252,169.0808338409062,52164500
2023-10-03,170.24607849121094,171.46072207785286,168.6858318118607,170.1078282132375,49594600
2023-10-04,171.49032592773438,172.03345733749015,168.83393190668662,168.95242782585208,53020300
2023-10-05,172.7247314453125,173.2579782200924,170.52258153582127,171.61871413723316,48527900
2023-10-06,175.27249145507812,175.76624458491796,171.016326818613,171.6285909459562,57266700
2023-10-09,176.75376892089844,176.81301689163445,173.60362121945622,174.6009972191987,42390800
2023-10-10,176.16127014160156,177.47465549196244,175.72676490471198,175.87489990900735,43698000
2023-10-11,177.5536346435547,177.60301297187604,175.3811238107674,175.9736185461729,47551100
2023-10-12,178.45225524902344,180.06188013769966,176.80310660532254,177.82025187235598,56743100
2023-10-13,176.6155242919922,179.65703072033497,175.91438812346496,179.15340788479125,51427100
2023-10-16,176.48715209960938,176.8426550206093,174.3047562379969,174.54176320804768,52517000
2023-10-17,174.93673706054688,176.19087429527403,172.61610626933813,174.44298390478113,57549400
2023-10-18,173.64309692382812,175.36136323860268,172.92222157401596,173.38635072108465,54764400
2023-10-19,173.2678680419922,175.61812287122567,173.00123711265553,173.84060845589931,59302900
2023-10-20,170.72012329101562,173.22838309388226,170.48311631376995,173.11975677949712,64244000
2023-10-23,170.83860778808594,171.8359838309846,167.80695589693704,168.77472302133776,55980100
2023-10-24,171.27310180664062,171.50022404547477,169.30795876796012,170.88797493724758,43816600
2023-10-25,168.9623260498047,170.8978298690587,168.51793618108192,169.7325797223047,57157000
2023-10-26,164.80494689941406,169.23885617849143,163.6001878537521,168.24146504420852,70625300
2023-10-27,166.11830139160156,166.8490614359056,164.745668316651,164.82467062426355,58499100
2023-10-30,168.16244506835938,169.03145545417337,166.7601878982554,166.90832288755587,51131000
2023-10-31,168.63644409179688,168.764809656098,165.8022909489589,167.23418704526227,44846000
2023-11-01,171.7964630126953,172.0532092124064,167.99455793411695,168.86356825336904,56934900
2023-11-02,175.3515167236328,175.55888462715336,173.26787764016203,173.32712561259646,77334800
2023-11-03,174.4429931640625,174.61088250590672,171.18423421755685,172.06311427874405,79829200
2023-11-06,176.99075317382812,177.18825142381783,174.00849494223715,174.17636920813592,63841300
2023-11-07,179.5484161376953,180.1606652677133,176.7340169447808,176.94138484513783,70530000
2023-11-08,180.6050262451172,181.15802736111343,179.32126504404005,180.07177947416378,49340300
2023-11-09,180.13104248046875,181.81966995293175,179.53853262491765,180.67417400336535,53763500
2023-11-10,184.31365966796875,184.48177017271385,181.47578777634308,181.91086536697577,66133400
2023-11-13,182.73159790039062,183.94782669363863,182.1482051958573,183.74018560328048,43627500
2023-11-14,185.342041015625,186.00454008995078,184.21480130754796,185.59912547957174,60108400
2023-11-15,185.90567016601562,187.3789985945617,185.6782486931539,185.7474724520267,53790500
2023-11-16,187.58665466308594,188.82266388785246,186.5385061665612,187.4482222334322,54412900
2023-11-17,187.56687927246094,188.24915879673333,186.45941980581802,188.1206090057824,50922700
2023-11-20,189.30714416503906,189.76200213676566,187.75472463510502,187.76460727588125,46505100
2023-11-21,188.50624084472656,189.37639617894334,187.61632022600733,189.26762676216626,38134500
2023-11-22,189.16873168945312,190.77059476808083,188.69410838615653,189.34672485819107,39617700
2023-11-24,187.8437042236328,188.76328767363577,187.13176183550132,188.733624664797,24048300
2023-11-27,187.6657257080078,188.53588093642713,186.78568783853885,187.79427548166112,40552600
2023-11-28,188.2689208984375,188.94131776896225,187.28011350908017,187.65586514519703,38415400
2023-11-29,187.25042724609375,189.9399842182602,186.85491037465812,188.7633011569372,43014200
2023-11-30,187.82395935058594,188.18982834207452,186.08366378848976,187.7151899349547,48794400
2023-12-01,189.09950256347656,189.4159130354433,187.11199034893104,188.1996843513192,45704800
2023-12-04,187.3097381591797,187.92280887485518,185.35190415389414,187.85358512953687,43389500
2023-12-05,191.25509643554688,192.2241233156588,188.05135551468544,188.081033613139,66628400
2023-12-06,190.16746520996094,192.58014283055226,189.95980899671073,192.27361492032986,41089700
2023-12-07,192.09559631347656,192.81742141001197,191.42319951100376,191.46276025185608,47477700
2023-12-08,193.5194854736328,193.79635031367135,191.50231010992096,192.02637677770835,53406400
2023-12-11,191.0177764892578,191.32431940935732,189.2774811684409,190.94856782781682,60943700
2023-12-12,192.53067016601562,192.54055280703432,189.57413099725628,190.9189094878757,52696900
2023-12-13,195.74429321289062,195.7838388648497,192.66910200901862,192.90640609677627,70404200
2023-12-14,195.8926239013672,197.3857175620074,193.964452594447,195.8036348613561,66831600
2023-12-15,195.35867309570312,196.1793699091571,194.79504567055722,195.3191123528845,128538400
2023-12-18,193.69747924804688,194.42920214917604,192.21426816132805,193.89523770867535,55751900
2023-12-19,194.73568725585938,194.74556989591903,193.69743670559018,193.96441886720226,40714100
2023-12-20,192.6493377685547,195.46742966263125,192.6493377685547,194.69616113684165,52242800
2023-12-21,192.50100708007812,194.8741537657828,191.33422165280876,193.9051267903215,46482500
2023-12-22,191.43309020996094,193.22282892375426,190.81013681243016,192.9953923922105,37149600
2023-12-26,190.88925170898438,191.719846217368,190.6717128965979,191.44298138124012,28919300
2023-12-27,190.98812866210938,191.33421726083122,188.95118798803827,190.33552729492325,48087700
2023-12-28,191.41334533691406,192.48125917871982,191.0079306668944,191.96707508718282,34049900
2023-12-29,190.37506103515625,192.2241257878035,189.58401220758475,191.72972215657148,42672100
2024-01-02,183.56222534179688,186.33088938421417,181.83181220128674,185.05531924849805,82488700
2024-01-03,182.18775939941406,183.79952025374087,181.37693010719954,182.15809638511382,58414500
2024-01-04,179.87393188476562,181.04071720671112,178.85546161628733,180.11123597031312,71983600
2024-01-05,179.152099609375,180.7144169560074,178.15340966673114,179.95304619735901,62379700
2024-01-08,183.4830780029297,183.52263874374273,179.46852282651062,180.0519155054874,59144500
2024-01-09,183.0677947998047,183.07767744176536,180.68476543102267,181.8614486084712,42841800
2024-01-10,184.1060333251953,184.31367440860302,181.8614365329183,182.2866315170422,46792900
2024-01-11,183.5127410888672,184.9564063690912,181.5647895230864,184.4521049955326,49128400
2024-01-12,183.8390655517578,184.64989484239166,183.11724039185432,183.97749798089004,40477800
2024-01-16,181.57470703125,182.19764543114704,178.9049149905355,180.12115895148446,65603000
2024-01-17,180.6353302001953,180.88253205239923,178.28197882705663,179.2411232206481,47317400
2024-01-18,186.5187225341797,187.02300881659582,183.75005912545993,184.0071435872404,78005800
2024-01-19,189.4159393310547,189.80157360580037,186.70661676571424,187.21090309791916,68903000
2024-01-22,191.7198486328125,193.14373357255337,190.10808789018887,190.14764863184953,60133900
2024-01-23,192.99539184570312,193.55901922053994,191.660511110776,192.83719415255706,42355600
2024-01-24,192.32301330566406,194.18197579456825,192.16480052192722,193.23271418014866,53631300
2024-01-25,191.99671936035156,194.07322080915367,190.94858599423335,193.03497008475262,54822100
2024-01-26,190.26629638671875,192.58010181757646,189.7916731135176,192.09559590318426,44594000
2024-01-29,189.5840301513672,190.04877081575225,187.45810037105477,189.86089500402176,47145600
2024-01-30,185.93528747558594,189.65321196848186,185.37167525303494,188.8028372268088,55859400
2024-01-31,182.3360595703125,185.00585134318092,182.28663127585358,184.94651023142666,55467800
2024-02-01,184.7685089111328,184.85749793556394,181.76254174457006,181.93063715338442,64885400
2024-02-02,183.76983642578125,185.2332669548565,177.24370243482153,177.84687547061628,102551700
2024-02-05,185.579345703125,187.1317803970082,183.75994390321247,186.0440863383638,69668800
2024-02-06,187.18121337890625,187.19109601961685,184.67953227102765,184.76852130142626,43490800
2024-02-07,187.2899932861328,188.91163664571195,186.49894443287428,188.50622203381667,53439000
2024-02-08,186.2122039794922,187.418535043408,185.2530596605407,187.27021997882892,40962000
2024-02-09,186.9745330810547,188.10321111496148,186.13296840440984,186.77650719907678,45155200
2024-02-12,185.29144287109375,186.79635226997033,184.93501735839288,186.54883497246297,41781900
2024-02-13,183.20237731933594,184.36077144619387,181.68757282391297,183.92513863049606,56529500
2024-02-14,182.32119750976562,183.68749754312392,180.6281880058035,183.47959151637605,54630500
2024-02-15,182.0341033935547,182.65785175424014,179.54903541760635,181.727184392981,65434500
2024-02-16,180.49948120117188,183.0142649801448,179.86583763061847,181.59845842120637,49752500
2024-02-20,179.7569122314453,180.61826736487214,178.21240712023044,179.984623854957,53665600
2024-02-21,180.50941467285156,181.07374623255754,178.8658962581704,180.13318356154335,41371400
2024-02-22,182.53903198242188,183.1231842228548,180.64801151557128,181.65787110291916,52292200
2024-02-23,180.70741271972656,183.20237592421455,180.42028422645075,183.17267506039363,45119700
2024-02-26,179.3608856201172,180.94498679638724,178.85594081227745,180.43016184540704,40867400
2024-02-27,180.8163299560547,182.09351248592515,177.77681047698752,179.30152539649055,54318900
2024-02-28,179.6183319091797,181.30144633523983,178.34114943443706,180.69750358801915,48953900
2024-02-29,178.95498657226562,180.75691955299587,177.74710108364005,179.4698267249393,136682600
2024-03-01,177.8758087158203,178.73716395290236,175.61845249589473,177.76690051629518,73563100
2024-03-04,173.36111450195312,175.14322688917085,172.06411122315788,174.40067502541135,81510100
2024-03-05,168.43055725097656,170.33148818677603,167.93552268101038,169.06420089624305,95132400
2024-03-06,167.44049072265625,169.53944760498507,167.00485787713032,169.3612273012443,68587700
2024-03-07,167.32168579101562,169.03450118476172,166.81675596481475,167.47019012011697,71765100
2024-03-08,169.03448486328125,171.9749911536114,167.26226790901475,167.32166963491963,76267000
2024-03-11,171.034423828125,172.64824117092596,170.34137853305091,171.22253935977105,60139500
2024-03-12,171.50965881347656,172.3017170819102,169.31170429451927,171.43045147590772,59825400
2024-03-13,169.4305419921875,171.4700820663792,169.06420612614593,171.05425482761498,52488700
2024-03-14,171.28195190429688,172.57893998999515,170.34138929390355,171.19284931228447,72913500
2024-03-15,170.90573120117188,170.90573120117188,168.5988682774061,169.47013396047814,121752700
2024-03-18,171.99478149414062,175.94516209588443,171.79677072295308,173.82641511894556,75604200
2024-03-19,174.3313751220703,174.8561105550952,171.31166123855039,172.6086493883763,55215200
2024-03-20,176.89564514160156,176.89564514160156,173.35119593354977,173.97494430389506,53423100
2024-03-21,169.6681365966797,175.72736975318543,169.14340118299,175.29173693263047,106181300
2024-03-22,170.56910705566406,171.33146450930536,168.37115239719608,170.05426688241553,71160100
2024-03-25,169.15328979492188,170.23246134793257,167.76718417070535,168.8760716915293,54288300
2024-03-26,168.02464294433594,169.71765273934344,167.89592911986227,168.3117563520967,57388400
2024-03-27,171.5888671875,171.87599567632833,168.42064920188324,168.71767294274684,60273300
2024-03-28,169.77703857421875,170.51959037094832,168.81667037520143,170.0443614510728,65672700
2024-04-01,168.3414306640625,169.54931605122675,167.79688969325008,169.48991432845702,46240500
2024-04-02,167.16326904296875,167.65830361021796,166.55932626663449,167.40089107386055,49329500
2024-04-03,167.9652099609375,168.98497988400436,166.90584392266877,167.11374996517486,47691700
2024-04-04,167.14344787597656,170.2126525655396,167.14344787597656,168.59883533803097,53704400
2024-04-05,167.8959197998047,168.69787335368648,167.2721714324497,167.90581505219322,42104800
2024-04-08,166.77713012695312,167.51968192191484,166.5692240844266,167.3513719945941,37425500
2024-04-09,167.98500061035156,168.39093251447707,166.67811742351924,167.02463249925154,42373800
2024-04-10,166.11378479003906,167.4107728345435,165.45044033625643,167.12365945587084,49709300
2024-04-11,173.30166625976562,173.71750852250418,166.49000200344838,166.6682071669761,91070300
2024-04-12,174.79669189453125,176.5887144383463,172.47993396851362,172.52942533467058,101670900
2024-04-15,170.9750518798828,174.875926929409,170.78693631547566,173.61853482041673,73531800
2024-04-16,167.69789123535156,172.03438316124112,166.59891404642835,170.0443499195711,73711200
2024-04-17,166.33157348632812,168.95525000139605,166.33157348632812,167.92558500319552,50901200
2024-04-18,165.38111877441406,166.96523521407434,164.8959946340493,166.36129252101995,43122900
2024-04-19,163.36138916015625,164.74747975255278,162.45052746983075,164.559379327856,68149400
2024-04-22,164.1930389404297,165.59893510418706,163.13367296874276,163.8762247169617,48116400
2024-04-23,165.24253845214844,165.39105789202225,163.2822057253187,163.70794332424896,49537800
2024-04-24,167.34146118164062,167.61867928406764,164.55936979904956,164.8860792640679,48251800
2024-04-25,168.20285034179688,168.91570135131437,166.48012455092012,167.84642483703811,50558300
2024-04-26,167.6186981201172,169.63843239437367,167.49987955768663,168.19293999888993,44838400
2024-04-29,171.77700805664062,174.2818819511338,171.38098641526307,171.64829422492716,68169400
2024-04-30,168.6384735107422,173.2521991943247,168.31174889120035,171.60868084411632,65934800
2024-05-01,167.6186981201172,170.99483730573115,167.43058257791944,167.8959162536964,50383100
2024-05-02,171.3116455078125,171.69777183075684,169.19289835753364,170.79680537480178,94214900
2024-05-03,181.55886840820312,185.14291355827163,180.84601747897057,184.7963833456082,163224100
2024-05-06,179.90545654296875,182.3707188474722,178.62825898838415,180.53910014061182,78569700
2024-05-07,180.58859252929688,183.06376520709566,179.51933122687228,181.6281680754234,77305800
2024-05-08,180.9252471923828,181.25197183429347,179.64804949152685,181.03415540635302,45057100
2024-05-09,182.737060546875,182.82616313989396,180.30148392023486,180.74701199258516,48983000
2024-05-10,181.47796630859375,183.50044009541958,180.56586910059414,183.31206939842306,50759500
2024-05-13,184.68020629882812,185.4931713127623,183.03445892506747,183.84742393900163,72044800
2024-05-14,185.82032775878906,186.68286641073877,184.69011878206607,185.89964252722956,52393600
2024-05-15,188.09068298339844,189.01268886802714,185.76085876781028,186.2962297111884,70400000
2024-05-16,188.20962524414062,189.45881387860598,188.03117836935675,188.83421956137332,52845200
2024-05-17,188.2393798828125,189.1713095252472,187.55530322495105,187.8824709799172,41282900
2024-05-20,189.39932250976562,190.27176982167657,187.38675756521698,187.7040166341828,44361300
2024-05-21,190.69808959960938,191.07481584379752,189.28036268210627,189.44890089382775,42309400
2024-05-22,189.26051330566406,191.16403734183464,188.63593413629764,190.6187578068766,34648500
2024-05-23,185.2750701904297,189.35968258649532,185.02721720275102,189.3398501117122,51005900
2024-05-24,188.34841918945312,188.94327235106317,186.4250777783575,187.19839293954828,36327000
2024-05-28,188.35838317871094,191.3425280405038,187.47602704829728,189.86531862155948,52280100
2024-05-29,188.65576171875,190.5989356775744,187.88246165547932,187.98160889548626,53068000
2024-05-30,189.64715576171875,190.52951165486797,188.99283547357805,189.12170872016605,49889100
2024-05-31,190.59896850585938,190.91622762632966,188.27906791647348,189.79592715782175,75158300
2024-06-03,192.3636474609375,193.31540952983562,190.86662095571478,191.24334718637152,50080500
2024-06-04,192.680908203125,193.64257895328527,191.37223723797064,192.96841099700254,47471400
2024-06-05,194.18785095214844,195.20900403542353,193.19643901671662,193.72188613227584,54156800
2024-06-06,192.80978393554688,194.81244022862765,192.50244866402238,194.0093990023229,41181800
2024-06-07,195.19912719726562,195.24870082767134,192.47274393017977,192.97835865372278,53103900
2024-06-10,191.46145629882812,195.60556579928584,190.49978557066368,195.20899197297106,97010200
2024-06-11,205.37098693847656,205.38091074009856,191.96710777388114,191.98692512163242,172373300
2024-06-12,211.2401580810547,218.3089152196564,205.1231328450552,205.58909768640683,198134300
2024-06-13,212.40008544921875,214.88852380834695,209.782758705521,212.8957913864929,97862700
2024-06-14,210.66513061523438,213.32210737882852,209.4853479747781,212.01345147179217,70122700
2024-06-17,214.80923461914062,217.06965275202606,210.89316027395952,211.53757201804441,93728300
2024-06-18,212.4496307373047,216.75236950252116,211.17071615482777,215.72129274553387,79943300
2024-06-20,207.87925720214844,212.40010854906527,207.0563985691976,212.09275812722348,86172500
2024-06-21,205.70806884765625,210.07027533194446,205.33132746963062,208.58315742215362,241805100
2024-06-24,206.3524932861328,210.87332959032133,204.8158016590104,205.93610206103614,80727000
2024-06-25,207.27452087402344,209.56468024841507,206.8184646829133,207.35382052419757,55549700
2024-06-26,211.41859436035156,213.01476817493463,208.8310086144187,209.68362348048936,66213200
2024-06-27,212.26129150390625,213.88720639689362,210.52632069800987,212.84622088780682,49772700
2024-06-28,208.81117248535156,214.21437951883613,208.4939285392998,213.91695291908772,82542700
2024-07-01,214.88853454589844,215.64200216221636,210.10001313722785,210.26855134899324,60402900
2024-07-02,218.3782958984375,218.48735180877674,213.2526983679821,214.293668724795,58046200
2024-07-03,219.64730834960938,219.64730834960938,217.14894613859082,218.11061688690268,37369800
2024-07-05,224.3961639404297,224.5052198536283,219.7464397478406,219.7464397478406,60412400
2024-07-08,225.8634796142578,225.89322076278884,221.3327197032473,225.13973799267995,59085900
2024-07-09,226.716064453125,227.42988222637766,224.4259054004998,225.9725055332989,48076100
2024-07-10,230.9791259765625,231.0782732115439,227.28116405346748,227.33073767095817,62627700
2024-07-11,225.61561584472656,230.39421338925845,223.83107137940016,229.40280147827102,64710600
2024-07-12,228.56011962890625,230.64209091466597,226.71609267309665,226.95403700304678,53046500
2024-07-15,232.38697814941406,235.19267606238645,231.08823078613918,234.44911702590872,62631300
2024-07-16,232.80332946777344,234.24087357279006,230.33470860446997,232.98177633300938,43234300
2024-07-17,226.91436767578125,229.47221227385296,224.69359950369105,227.47946461019197,57345900
2024-07-18,222.25473022460938,228.46097889584826,220.36114484151935,228.3023493485251,66034600
2024-07-19,222.38360595703125,224.8522270905052,221.36245288688534,222.88923571935766,49151500
2024-07-22,222.03662109375,225.82380677595344,221.174082433242,225.06041535891617,48201800
2024-07-23,223.07762145996094,224.99105459605977,220.7676295522315,222.4431183487035,39960300
2024-07-24,216.6631622314453,222.86941075843336,215.26528287042115,222.07627816799848,61777600
2024-07-25,215.62220764160156,218.95335266428125,212.7768448313927,217.0498282561097,51391200
2024-07-26,216.08816528320312,217.60502442671483,214.15489978899527,216.82180047841348,41601300
2024-07-29,216.3657684326172,217.41666277155184,213.89714701413598,215.09676223529075,36311800
2024-07-30,216.92091369628906,218.43777260182014,214.26392209769764,217.30756370891964,41643800
2024-07-31,220.17274475097656,221.8978068103832,218.73520059867647,219.5382417741392,50036300
2024-08-01,216.48471069335938,222.55214689360594,215.15622233135366,222.44309097566543,62501000
2024-08-02,217.97183227539062,223.66254232334134,215.84030263063204,217.2679231335739,105568600
2024-08-05,207.47279357910156,211.6664621054212,194.3167520967801,197.3802115476467,119548600
2024-08-06,205.45028686523438,208.18659343179937,199.34320096724198,203.53686913101606,69660500
2024-08-07,208.01806640625,211.80525225793107,204.61751548926864,205.12313014700663,63516400
2024-08-08,211.47808837890625,212.36044444161047,207.0365669160157,211.27980900719393,47161100
2024-08-09,214.3829345703125,214.91829038971974,210.1496011292121,210.27848952903548,42201600
2024-08-12,215.91146850585938,217.8767320905019,213.9958359256548,214.4623401059105,38028100
2024-08-13,219.62362670898438,220.2390087017958,217.38043273085663,217.38043273085663,44155300
2024-08-14,220.0703125,221.37056313371255,218.06533789669703,218.92887503482297,41960600
2024-08-15,223.04794311523438,223.67326036559285,221.10252008370475,222.92884083716766,46414000
2024-08-16,224.3680877685547,225.1422830006272,221.98593577772976,222.25393109506462,44340200
2024-08-19,224.20924377441406,224.30850577318623,221.3804434072076,224.04051049270504,40687800
2024-08-20,224.82464599609375,225.47973889834265,223.7725353535306,224.0901616619868,30299000
2024-08-21,224.71546936035156,226.28371522001356,223.37552309496598,224.8345868015738,34765500
2024-08-22,222.859375,226.64102413052154,222.2340576918725,226.09511339685906,43695300
2024-08-23,225.15219116210938,226.52192810531062,222.66087229355688,223.98097823318813,38677300
2024-08-26,225.48965454101562,225.58891654674125,222.22414052811973,225.0727813784282,30602200
2024-08-27,226.3333282470703,227.14723425887112,223.21669220638537,224.31843379232603,35934600
2024-08-28,224.80479431152344,228.14971479709,224.0008084384826,226.22414704916858,38052200
2024-08-29,228.08026123046875,231.18697758967758,227.1770435151196,228.38796742499142,51906300
2024-08-30,227.29612731933594,228.68570457235603,225.78743262658827,228.4772755570311,52990800
2024-09-03,221.1124725341797,227.29611365629745,219.52437135882835,226.84946493362216,50190600
2024-09-04,219.20675659179688,220.1298295937355,215.86182100754215,220.01072730838987,43840200
2024-09-05,220.72537231445312,223.80229748015876,219.87177059333374,219.9809527371486,36615400
2024-09-06,219.17701721191406,223.5641288078718,218.1348266072838,222.28371844795942,48423000
2024-09-09,219.26632690429688,219.6236489368284,215.09757995493325,219.17700018247805,67180000
2024-09-10,218.47227478027344,219.83207646515766,215.1174187834135,217.29112653781655,51591000
2024-09-11,221.00328063964844,221.43007391385896,216.2687680395375,219.81221238330573,44587100
2024-09-12,221.1124725341797,221.88666769221828,218.18442519080247,220.8444772424724,37455600
2024-09-13,220.844482421875,222.37301734416337,220.25887596851652,221.91644846858938,36766600
2024-09-16,214.71047973632812,215.60377723416104,212.32832783334672,214.92882889414335,59357400
2024-09-17,215.17698669433594,215.28616885496612,212.9040318988166,214.14473138540643,45519300
2024-09-18,219.0479736328125,221.05294820219595,215.92140190435074,215.93133719300198,59894900
2024-09-19,227.16709899902344,228.11004268622213,222.95865620671253,223.31597824995185,66781300
2024-09-20,226.5020751953125,231.3556905514529,225.92638886705737,228.2589097535001,318679900
2024-09-23,224.7849578857422,227.74278104335218,224.12986496132828,225.64847983003366,54146000
2024-09-24,225.67825317382812,227.64353192764617,224.05045616714196,226.94872814757065,43556100
2024-09-25,224.6857147216797,225.59886774810047,222.35320871856098,223.25642645588798,42308700
2024-09-26,225.82713317871094,226.7998372114188,223.73283210674714,225.60876888531146,36636700
2024-09-27,226.09510803222656,227.81224676693589,225.60876359989413,226.76013618443497,34026000
2024-09-30,231.26638793945312,231.26638793945312,227.9413072049674,228.3284048450643,54541900
2024-10-01,224.52687072753906,227.94126237482303,222.07524777401002,227.81223995033787,63285000
2024-10-02,225.09263610839844,225.67824256269316,221.360617941662,224.20925878310885,32880600
2024-10-03,223.9908905029297,225.12240767637772,221.65838486968212,223.46483520314058,34044200
2024-10-04,225.1125030517578,226.30357145139808,222.46237094034984,226.20430944090455,37245100
2024-10-07,220.04051208496094,224.01074997862722,219.68319006872073,222.8296017820206,39505400
2024-10-08,224.0901641845703,224.298593199742,221.58890998571715,222.63110049734397,31855700
2024-10-09,227.83209228515625,228.0405364361267,223.15714569962594,223.55416342639623,33591100
2024-10-10,227.3358154296875,227.7923994519787,225.47973405841245,226.0851959438118,28183500
2024-10-11,225.85691833496094,227.70307961960657,225.6484741750507,227.5938974682738,31759200
2024-10-14,229.5790252685547,230.00581860221664,226.89911753216435,226.99836439928595,39882100
2024-10-15,232.11004638671875,235.7229623804217,230.6410474142004,231.87182665313995,64751400
2024-10-16,230.055419921875,230.39288648800354,228.1298522341637,229.87676649695567,34082200
2024-10-17,230.42269897460938,232.11006236609234,228.80483716826546,231.6931740173152,32993800
2024-10-18,233.25148010253906,234.4226930307779,232.26884075534687,234.4226930307779,46431500
2024-10-21,234.720458984375,235.08771628667242,232.7055644739604,232.7055644739604,36254500
2024-10-22,234.10507202148438,234.46239402859047,230.8693336731526,232.14972869721714,38846600
2024-10-23,229.04302978515625,233.39044533687328,226.0653512199268,232.33833466706656,52287000
2024-10-24,228.8544464111328,229.10258628095696,226.71051430099084,228.26882480795348,31109500
2024-10-25,229.68821716308594,231.48474758840828,227.86191116183892,228.03064447383113,38802300
2024-10-28,231.66336059570312,232.983466430484,230.8196941830456,231.58396917060392,36087100
2024-10-29,231.93138122558594,232.5864741436605,230.59143496071306,231.36563017470797,35417200
2024-10-30,228.387939453125,231.7328600109945,227.8420287171323,230.87925826342104,47070900
2024-10-31,224.22914123535156,228.11997302154123,223.6931505739168,227.63361336879595,64370100
2024-11-01,221.2514190673828,223.67326642200996,218.6310628621847,219.32585141181025,65276700
2024-11-04,220.35812377929688,221.13231895883285,218.0752491010658,219.34572401852256,44944500
2024-11-05,221.7874298095703,222.28370958768312,219.49461965793014,220.14971259990074,28111300
2024-11-06,221.06283569335938,224.38791581537038,219.54422098922427,220.95365355112233,54561100
2024-11-07,225.78741455078125,226.18444740932767,222.8990781242877,222.95862926675593,42137700
2024-11-08,225.5191650390625,227.20836966100222,224.97265364792685,225.72782337627459,38328800
2024-11-11,222.80645751953125,224.26712634517858,220.0937933412938,223.5715733715174,42005600
2024-11-12,222.80645751953125,224.15782408060912,221.94198562097503,223.1244332571579,40398300
2024-11-13,223.69082641601562,225.2111120360391,221.34580821096,222.58787261698694,48566200
2024-11-14,226.77114868164062,227.41701609796436,223.57158960851197,223.59146688403666,44923900
2024-11-15,223.5715789794922,225.4793879673537,222.84621765747355,224.96268496170848,47923700
2024-11-18,226.57241821289062,228.28149999782985,223.74050538640262,223.8199993254601,44633700
2024-11-19,226.8307647705078,228.6988344551977,225.22105418122663,225.53901477922054,36211800
2024-11-20,227.54620361328125,228.4702922716314,224.45594670445817,226.61216873586113,35169600
2024-11-21,227.06924438476562,228.69883223369175,224.2770861035494,227.42695953023323,42108300
2024-11-22,228.41067504882812,229.25528492407807,226.61216818417898,226.61216818417898,38168300
2024-11-25,231.39163208007812,231.76922452168117,228.2815130321861,229.99059491471002,90152800
2024-11-26,233.56773376464844,234.07450576495518,231.8487208075284,231.8487208075284,45986200
2024-11-27,233.43853759765625,234.1937224347506,232.32565277909848,232.9814664022851,33498400
2024-11-29,235.8233184814453,236.3002669685808,232.48464874765904,233.31931239062584,28481400
2024-12-02,238.06893920898438,239.26131787624368,235.65437354492806,235.76367580720535,48137100
2024-12-03,241.10952758789062,241.21882985808793,237.3833345065081,238.28756099978403,38861000
2024-12-04,241.4672393798828,242.5602620666903,239.71841824290905,241.32812877991805,44383900
2024-12-05,241.49705505371094,242.98753231090083,240.59284370740727,242.4410361127995,40033900
2024-12-06,241.29832458496094,243.0769692456264,240.5431549096241,241.36788746709487,36870600
2024-12-09,245.18350219726562,245.67039687977774,240.21524480725012,240.29473874492055,44649200
2024-12-10,246.19703674316406,246.63424582967986,243.7824557106041,245.32261857013248,36914800
2024-12-11,244.9251708984375,249.20780656351602,244.69662013013263,246.3858398593606,45205800
2024-12-12,246.3858184814453,247.1608653940442,244.1202792424049,245.32260415969785,32777500
2024-12-13,246.55474853515625,247.70737273801882,244.67674782957272,246.24671899982582,33155300
2024-12-16,249.44627380371094,249.7841268474892,246.07779571830554,246.4156487620838,51694800
2024-12-17,251.8707733154297,252.21855739876366,248.19426586582333,248.49236434269267,51356400
2024-12-18,246.4752655029297,252.6657103008961,246.1672359539693,250.55917390522964,56774100
2024-12-19,248.20419311523438,250.400169527173,245.5213371883983,245.92873792847348,60882300
2024-12-20,252.87435913085938,253.3811159043778,244.13022347118752,246.46529524609687,147495300
2024-12-23,253.64942932128906,254.02700659111463,251.84097626600598,253.15260355822258,40858800
2024-12-24,256.560791015625,256.57070690893096,253.66924678278625,253.86798918256417,23234700
2024-12-26,257.3756103515625,258.44877099351584,255.99445048269988,256.5508929178466,27237100
2024-12-27,253.96739196777344,257.05766400729357,251.45345479939442,256.19316170058187,42355300
2024-12-30,250.59890747070312,251.890657464443,249.15811581542044,250.6287158030117,35557500
2024-12-31,248.83021545410156,251.6720594492945,247.84649497663966,250.83739579916153,39480700
2025-01-02,242.30191040039062,247.51858047528103,240.28479918438643,247.34964638751123,55740700
2025-01-03,241.81503295898438,242.62981931594805,240.3543640210219,241.81503295898438,40244100
2025-01-06,243.4446258544922,245.7598357483754,241.6560500607284,242.75900387005615,45045600
2025-01-07,240.6723175048828,243.99110961427562,239.81777667580207,241.4374181829594,40856000
2025-01-08,241.1592254638672,242.1628232218062,238.52605495049286,240.38417847646193,37628900
2025-01-10,235.34637451171875,238.63535869995312,231.5208099984783,238.48630187104285,61710900
2025-01-13,232.9119110107422,233.18020116738663,228.26162915914,232.04743903723335,49630700
2025-01-14,231.79904174804688,234.62100862534365,230.99418638589506,233.25971079858908,39435300
2025-01-15,236.35987854003906,237.4429702030776,232.94171493841435,233.1503884256181,39832000
2025-01-16,226.81088256835938,236.49898454969573,226.58234697208553,235.84318609247865,71759100
2025-01-17,228.5199737548828,230.8153063545454,227.02949646555186,230.6463874145182,68488300
2025-01-21,221.22654724121094,222.9952455214703,217.98724913328002,222.5779137526142,98070400
2025-01-22,222.4090118408203,222.6971640978084,218.39465138442915,218.39465138442915,64126500
2025-01-23,222.2401123046875,225.58871322146769,220.88874557201237,223.3132578125695,60234800
2025-01-24,221.3656768798828,224.19758968028435,220.00437919561992,223.35297985225768,54697900
2025-01-27,228.40074157714844,230.67619691244207,222.55806572164707,222.59782027357136,94863400
2025-01-28,236.74740600585938,238.66516132615985,229.3447052045828,229.3844597561093,75707600
2025-01-29,237.8404083251953,238.33723404319062,232.52436707787834,232.63366934231402,45486100
2025-01-30,236.08163452148438,239.26131599650066,235.70405729633438,237.15477986216186,55658300
2025-01-31,234.5017547607422,245.62071750771995,231.95800933839706,245.62071750771995,100959800
2025-02-03,226.5624542236328,230.35820991583037,224.26712187534005,228.5298949466701,73063300
2025-02-04,231.3220672607422,231.64997406812495,225.21110156992967,225.80729852188347,45067300
2025-02-05,230.99417114257812,231.19289841511937,226.82083777153602,227.0791817096477,39620300
2025-02-06,231.73941040039062,232.31573010563136,228.96711414866223,229.8216550685821,29925300
2025-02-07,226.18490600585938,232.5144614947352,225.81724462416,231.12335539671392,39707200
2025-02-10,226.45347595214844,229.3780258753388,226.00584416726187,228.36339787721977,33115600
2025-02-11,231.3973388671875,233.99362125199642,226.93094812871882,227.000572314181,53718400
2025-02-12,235.62501525878906,235.71455375787428,229.4675472393098,229.98481838871234,45243300
2025-02-13,240.26051330566406,241.06625350434595,234.33184765944378,235.66480095549997,53614100
2025-02-14,243.3144073486328,244.2594111862318,239.72338062288463,239.98200861865794,40896200
2025-02-18,243.18507385253906,243.8913336127375,240.56889220053384,242.86674847770814,48822500
2025-02-19,243.58294677734375,244.7169542759842,241.88194311867716,243.37405904734027,32204200
2025-02-20,244.5379180908203,245.4829218502696,243.00600383864503,243.65259654249155,32316900
2025-02-21,244.2593994140625,247.38289505871285,243.93113206298463,244.65729095432025,53197400
2025-02-24,245.80125427246094,247.55199828948733,243.1353323966777,243.64264638435856,51326400
2025-02-25,245.74154663085938,248.68599549611233,243.62275227067275,246.69650753214344,48013300
2025-02-26,239.09666442871094,243.6923767743236,237.87313357927937,243.04579925662603,44433600
2025-02-27,236.05274963378906,241.1856322165831,235.81400561415145,238.15166004001364,41153600
2025-02-28,240.56887817382812,240.8175641664438,228.9900589647863,235.70458076540925,56833400
2025-03-03,236.77891540527344,242.74737946323825,234.8690087281554,240.51914741730602,47184000
2025-03-04,234.68994140625,238.80819608105105,233.44651142335266,236.46059966619734,53798100
2025-03-05,234.50096130371094,235.30670153327668,228.0251680036218,234.18263593082168,47227600
2025-03-06,234.09312438964844,236.60982567864426,231.93453157387603,233.207802772317,45170400
2025-03-07,237.81346130371094,240.10136041796665,233.5261018066448,233.87426828677374,46273600
2025-03-10,226.28436279296875,234.91874867921032,223.04150278970278,234.3019970725287,72071200
2025-03-11,219.6792755126953,224.65299583409444,216.3070937419303,222.63366659789358,76137400
2025-03-12,215.83958435058594,220.5845182605824,213.78047182496684,218.98297955017136,62547500
2025-03-13,208.57791137695312,215.70028194858565,207.3245394208188,214.81496040955514,61368300
2025-03-14,212.36790466308594,212.8254784087618,208.4784519318959,210.13967261110687,60107600
2025-03-17,212.875244140625,214.08883319534013,208.86642650497433,212.18886826131668,48073400
2025-03-18,211.57211303710938,214.019174884069,210.3784232206469,213.0343879953175,42432400
2025-03-19,214.10870361328125,217.6101915579757,212.6265295918345,213.0940604852241,54385400
2025-03-20,212.97470092773438,216.3468825511506,211.10457731145533,212.86527847830126,48862900
2025-03-21,217.12278747558594,217.68978368973626,210.16952111998106,210.44804823896536,94127800
2025-03-24,219.56983947753906,220.3158974796034,217.4311459430569,219.8384246082871,44299500
2025-03-25,222.573974609375,222.92214108802088,218.92326587520165,219.6096416779903,34493600
2025-03-26,220.36563110351562,223.83729303324841,219.31120492080973,222.3352199198642,34466100
2025-03-27,222.67347717285156,223.80748486169014,219.40076052040095,220.22639996083643,37094800
2025-03-28,216.75469970703125,222.63364006926244,216.5358548246797,220.50488863250547,39818600
2025-03-31,220.96249389648438,224.43414081005062,215.09349507460487,215.86939419548492,65299300
2025-04-01,222.0169219970703,222.50433685640354,217.749461617725,218.65468232589998,36412700
2025-04-02,222.71324157714844,224.00641185945875,219.8583310514353,220.15675729790527,35905900
2025-04-03,202.12203979492188,206.39944211542388,200.19223396809613,204.4596791341039,103419000
2025-04-04,187.38987731933594,198.82943318150367,186.3553350717911,192.87091122900438,125910900
2025-04-07,180.50625610351562,193.12954493623218,173.70219548773406,176.26863687444822,160466300
2025-04-08,171.51376342773438,189.33957458197378,168.32064359895526,185.71870692843436,120859500
2025-04-09,197.8048553466797,199.55559936553783,170.98654976711688,171.04623198001363,184395900
2025-04-10,189.4191436767578,193.7562279640405,182.03814529024513,188.07624843340898,121880000
2025-04-11,197.10853576660156,198.49122944739574,185.0820833366806,185.12188160037283,87435900
2025-04-14,201.45556640625,211.8207974391945,200.10271391024364,210.32868138530173,101352900
2025-04-15,201.07754516601562,202.44033954558066,198.74984792281177,200.7990180691496,51343900
2025-04-16,193.24893188476562,199.64512887500646,191.35890907242805,197.31743142832593,59732400
2025-04-17,195.94467163085938,197.78495412822454,193.39812938355274,196.16351652823,52164700
2025-04-21,192.14474487304688,192.78138039340035,188.81234657174457,192.25416731460396,46742500
2025-04-22,198.690185546875,200.53045296496776,194.93999616163734,195.0892017003565,52976400
2025-04-23,203.5246124267578,206.90673568869565,201.7340703321958,204.91724784553512,52929200
2025-04-24,207.27481079101562,207.73239972806866,201.87335793866913,203.81310578126346,47311000
2025-04-25,208.1800079345703,208.64753879478604,205.11619481641537,205.2852994626612,38222300
2025-04-28,209.03550720214844,210.38835967290976,206.3696005213303,208.89624364686077,38743100
2025-04-29,210.09988403320312,211.12446912484504,207.27479957627347,207.59312493762445,36827600
2025-04-30,211.3831024169922,212.4574277707069,205.5837430092506,208.19992461631293,52286500
2025-05-01,212.19879150390625,213.43226431553572,207.8020097882055,207.98107159612528,57365700
2025-05-02,204.2707061767578,205.9020858869881,201.09747008207196,205.00680709347017,101010600
2025-05-05,197.84461975097656,203.02724230800965,197.168201163887,202.0324983774042,69018500
2025-05-06,197.4666290283203,199.59538061408486,195.98447015970467,197.1682179665783,51216500
2025-05-07,195.218505859375,198.39174158064424,192.23427392267118,198.1231564563361,68536700
2025-05-08,196.45199584960938,198.99853803284546,193.65675249053749,196.68078271707188,50478900
2025-05-09,197.4865264892578,199.48595647897335,196.50172445806652,197.95405738682032,36453900
2025-05-12,209.95704650878906,210.435160708662,205.93301745006437,210.13634313336473,63775800
2025-05-13,212.08859252929688,212.55673652410627,208.17412935394688,209.59847136477597,51909300
2025-05-14,211.49098205566406,213.09462076548897,209.74789716231066,211.59057778761635,49325800
2025-05-15,210.6144561767578,212.11849916658366,208.71199985896817,210.11643191755599,45029500
2025-05-16,210.42520141601562,211.73003772257164,208.94109887256835,211.52086084946143,54737900
2025-05-19,207.9550018310547,208.65223273202483,203.45285841572866,207.0884445111699,46140500
2025-05-20,206.04258728027344,207.64622592622177,204.2198167548668,206.84938410987283,42496600
2025-05-21,201.29144287109375,206.2218800326306,199.91690624087693,204.35927415345975,59211800
2025-05-22,200.56431579589844,201.94882252859867,198.91087172706415,199.91689038506837,46742400
2025-05-23,194.49838256835938,196.91877297523902,192.6955373289648,192.9046989896,78432900
2025-05-27,199.4188690185547,199.94677348688452,196.64984031499387,197.51641281084125,56288500
2025-05-28,199.62803649902344,201.9289060786693,199.11008702875665,199.79736291846774,45339700
2025-05-29,199.15989685058594,203.00464471322186,197.72558456215265,202.775557811137,51396800
2025-05-30,200.0563507080078,201.16196516975768,196.00242594876025,198.58218796001185,70819900
2025-06-02,200.90298461914062,201.3312933884623,199.3292261245183,199.4885975362889,35423300
2025-06-03,202.46678161621094,202.96480586317466,200.16591202699755,200.55437033168948,46381600
2025-06-04,202.01853942871094,205.42502305946414,201.30138338029005,202.10818013514051,43604000
2025-06-05,199.8372039794922,203.94091870107042,199.35908978394463,202.69585814733983,55126100
2025-06-06,203.11419677734375,204.8871617909174,201.2515910514923,202.19783403313102,46607700
2025-06-09,200.65396118164062,205.18598475848052,199.22961916524454,203.58234611432158,72862600
2025-06-10,201.869140625,203.54250994980842,199.77744796710627,199.8073282051838,54672600
2025-06-11,197.9945068359375,203.69190510411792,197.62597377823997,202.69585666840098,60989900
2025-06-12,198.41285705566406,198.890956077424,196.58013147350607,198.29333609984755,43904600
2025-06-13,195.67372131347656,199.57822954037988,194.92668495173118,198.94075911963023,51447300
2025-06-16,197.6359405517578,197.90487790098294,195.78328974313985,196.52037110088898,43020700
2025-06-17,194.86691284179688,197.60604600468164,194.43861931524052,196.42074594971083,38856200
2025-06-18,195.80320739746094,196.7893008408277,194.2991796996429,195.16573699325735,45394700
2025-06-20,200.20574951171875,200.90298042554332,196.08210930882012,197.45666110928434,96813500
2025-06-23,200.70376586914062,201.50060768152076,198.17380945321412,200.83325703321927,55814300
2025-06-24,199.50851440429688,202.63610603642124,199.4089034764897,201.78945874554142,54064000
2025-06-25,200.76351928710938,202.8651820841085,199.82723133036671,200.65395335177794,39525700
2025-06-26,200.20574951171875,201.8392684520338,198.67184150130464,200.63404307360597,50799100
2025-06-27,200.2854461669922,202.41698947637084,199.20971189891864,201.09224306842364,73188600
2025-06-30,204.35926818847656,206.570497066428,198.47261792694385,201.21175129212304,91912800
2025-07-01,206.99879455566406,209.35942450018746,205.3254252695324,205.85332972802502,78788900
2025-07-02,211.6005401611328,212.49697770796604,207.31752868499885,208.08449026524102,67941800
2025-07-03,212.70614624023438,213.8017903991559,210.97301649264048,211.31166931275297,34955800
2025-07-07,209.120361328125,215.37554414763466,207.97491173225177,211.8395692407974,50229000
2025-07-08,209.18014526367188,210.59453234535175,207.62631199643187,209.26980118177752,42848900
2025-07-09,210.30567932128906,210.49493096772343,206.40117103180637,208.7020406311003,48749400
2025-07-10,211.57066345214844,212.63642743345136,209.2000631819418,209.67816220166208,44443600
2025-07-11,210.32559204101562,211.29176024279,209.03072603053,209.73792710960444,39765800
2025-07-14,207.79562377929688,210.07658325197187,206.71988962428105,209.10044482334126,38840100
2025-07-15,208.28370666503906,211.05272033528996,208.09445501444372,208.39327261019983,42296300
2025-07-16,209.3295440673828,211.5606828488181,207.8155461810567,209.4689902412225,47490500
2025-07-17,209.19009399414062,210.96305897069354,208.761785269157,209.7379236663323,48068100
2025-07-18,210.3455047607422,210.95309492429405,208.87135730762196,210.0367321724359,48974600
2025-07-21,211.640380859375,214.92734394651046,210.79374875413163,211.26189276464606,51377400
2025-07-22,213.5527801513672,214.1006098348481,211.39135685335447,212.29776458434165,46404100
2025-07-23,213.3037872314453,214.29983576430007,211.5706725113145,214.15043456376964,46989300
2025-07-24,212.91531372070312,214.83769515517375,212.68622683006964,213.05475989741393,46022600
2025-07-25,213.03485107421875,214.38947759784276,212.5567368669443,213.85160291428238,40268800
2025-07-28,213.20419311523438,214.00103498726418,212.21809958876685,213.18426788884761,37858000
2025-07-29,210.43516540527344,213.96117031669576,209.9869466315705,213.33365491441555,51411700
2025-07-30,208.2239227294922,211.55072076453234,206.89917652304968,211.06265157316113,45512500
2025-07-31,206.74978637695312,209.01080544085684,206.3414028602417,207.66614913739534,80698400
2025-08-01,201.58029174804688,212.73603143542957,200.7037642416869,210.03673342752194,104434500
2025-08-04,202.5464630126953,207.0585613783641,200.88304868853191,203.70186769022786,75109300
2025-08-05,202.11814880371094,204.52858421879685,201.36115745633876,202.59624780213056,44155100
2025-08-06,212.40733337402344,214.52892145014,204.77759854868273,204.81744899810374,108483100
2025-08-07,219.16053771972656,219.97730473834642,215.7241736307253,218.01508808955717,90224800
2025-08-08,228.44371032714844,230.08718413442585,218.3836152444713,219.95737356583322,113854000
2025-08-11,226.53909301757812,228.91238364576833,224.12592192869855,227.27701087414155,61806100
2025-08-12,229.0021209716797,230.14888579943394,226.429412881848,227.36674823663387,55626200
2025-08-13,232.6717529296875,234.33703985510917,229.77992501054072,230.4181341091737,69878500
2025-08-14,232.123291015625,234.4566858681212,230.1987431425788,233.39967872378062,51916300
2025-08-15,230.9366455078125,233.6190590405621,228.69299310222902,233.33985018068216,56038700
2025-08-18,230.23863220214844,232.46233685580373,229.46083388892833,231.04634466466607,37476200
2025-08-19,229.90956115722656,232.2130419457167,228.70298322789472,230.62753117126795,39402600
2025-08-20,225.3723907470703,229.81981519856654,225.13307755654054,229.33119207499826,42263900
2025-08-21,224.26553344726562,225.88097364743615,223.14869792378403,225.6316789169631,30621200
2025-08-22,227.11746215820312,228.44371192910324,224.77410085849388,225.53195134940427,42477800
2025-08-25,226.51914978027344,228.6531118971015,225.59176554347297,225.84106025439092,30983100
2025-08-26,228.6630859375,228.84258604761433,224.05612439304167,226.22996704217394,54575100
2025-08-27,229.8397674560547,230.24859923631865,227.6160475796746,227.96506627689797,31259500
2025-08-28,231.9039306640625,232.75153884501827,228.69301327644948,230.16884905542523,38074700
2025-08-29,231.485107421875,232.7216147258446,230.71727541448905,231.85405874294378,39418400
2025-09-02,229.0719451904297,230.19876225122124,226.32970313085187,228.6032698757151,44075600
2025-09-03,237.79725646972656,238.17618932549604,233.69885053091846,236.5408165177042,66427800
2025-09-04,239.10354614257812,239.2232027368954,236.0721290991865,237.77729643117493,47549400
2025-09-05,239.0137939453125,240.63920029193574,237.81718240373485,239.32291694518142,54870400
2025-09-08,237.2089080810547,239.47249309970456,235.67324414176576,238.62490021245955,48999500
2025-09-09,233.68887329101562,238.1063683630383,232.70166073618753,236.33139119913957,66313900
2025-09-10,226.1501922607422,231.76431424305812,225.31256565050364,231.53496736029473,83440800
2025-09-11,229.3810577392578,229.7998710451417,226.010588238333,226.23995033725743,50208600
2025-09-12,233.40966796875,233.84841389514688,228.3739115767776,228.5733443098202,55824200
2025-09-15,236.0322265625,237.5180285002954,234.3669397384463,236.33138325533858,42699500
2025-09-16,237.4781494140625,240.53949594661788,235.65332541334,236.51088466190768,63421100
2025-09-17,238.3157958984375,239.42266510979977,237.05934071942244,238.2958480596019,46508000
2025-09-18,237.2089080810547,240.51953392817583,235.98236714862816,239.2930082114909,44249600
2025-09-19,244.8074188232422,245.60516498271895,239.53234916144805,240.5494606794321,163741300
2025-09-22,255.35755920410156,255.9160073848096,247.42002368458668,247.5995237986898,105517400
2025-09-23,253.71221923828125,256.6140134777918,252.86462630601793,255.15814081026073,60275200
2025-09-24,251.59820556640625,255.01853710208397,250.33178410429736,254.49999981420794,42303700
2025-09-25,256.14532470703125,256.4444966190252,250.99989343760635,252.49566170312627,55202100
2025-09-26,254.73931884765625,256.87328100426123,253.06405044687503,253.38315498635407,46076300
2025-09-29,253.71221923828125,254.28061851263055,252.29622703166862,253.84185736381545,40127700
2025-09-30,253.9116668701172,255.1980209495745,252.39595068950493,254.1410137555297,37704300
2025-10-01,254.72933959960938,258.0599285933123,254.21080232618834,254.32049261064776,48713900
2025-10-02,256.40460205078125,257.45162766856953,253.43299812845933,255.85613542550084,42630200
2025-10-03,257.2920837402344,258.5086431914624,253.23357360959045,253.9515436206674,49155600
2025-10-06,255.96583557128906,258.33912604890287,254.3304629034206,257.2621558739689,44664100
2025-10-07,255.75645446777344,256.6738420114173,254.70939836699205,256.0855101139428,31955800
2025-10-08,257.3320007324219,257.7906945345413,255.38748958216482,255.79633660873378,36496900
2025-10-09,253.32330322265625,257.27213808351553,252.42584836214985,257.08267167133846,38322000
2025-10-10,244.57806396484375,255.6567217403356,243.3116425485481,254.2207817432353,61999100
2025-10-13,246.96133422851562,248.98560621270488,244.86725241658198,248.67648318296307,38142900
2025-10-14,247.07101440429688,248.14796941642882,244.00966795095763,245.90431694508948,35478000
2025-10-15,248.63658142089844,251.10959602979932,246.77186176083558,248.78616738422895,33893600
2025-10-16,246.75192260742188,248.33743345063007,244.43847540742667,247.54966879270205,39777000
2025-10-17,251.5782470703125,252.66518358811555,246.57242016484557,247.3203043073955,49147000
2025-10-20,261.50018310546875,263.63416054313814,254.90884523128253,255.168106265739,90483000
2025-10-21,262.0286560058594,264.5415659974475,261.0913055219307,261.1411827196178,46695900
2025-10-22,257.72088623046875,262.1084670888602,254.70938662410154,261.9090191460537,45015300
2025-10-23,258.84765625,259.8847307097371,257.2821086816683,259.2066564378435,32754900
2025-10-24,262.0785827636719,263.3848847726989,258.4488367256365,260.4531761824355,38253700
2025-10-27,268.0516662597656,268.36078929414754,263.90339825112477,264.13276036080543,44888200
2025-10-28,268.2411193847656,269.12862319727753,267.39351124836816,268.23113785786586,41534800
2025-10-29,268.93914794921875,270.6443152614699,266.35642794866993,268.5203194424725,51086700
2025-10-30,270.63433837890625,273.36662916750566,267.72259312931254,271.2226702585742,69886500
2025-10-31,269.6072692871094,276.53767519933945,268.40069127196034,276.2085891024436,86167100
2025-11-03,268.29095458984375,270.08589475979994,265.49886601188945,269.65711516237894,50194600
2025-11-04,269.2781982421875,270.72408938596277,266.86501191822913,267.5730004152706,49274800
2025-11-05,269.3779296875,270.9335263776032,266.17696342424256,267.8522167164328,43683100
2025-11-06,269.0089416503906,272.6287059365568,267.1342708755924,267.1342708755924,51204000
2025-11-07,267.7126159667969,271.5218466038475,266.0173996929098,269.03885049148494,48227400
2025-11-10,268.93035888671875,273.22240319845355,266.96401085683,268.46122924118225,41312400
2025-11-11,274.73956298828125,275.3983427074405,269.2996575494418,269.3096487524697,46208300
2025-11-12,272.9628601074219,275.2186787593472,271.19615348009904,274.49002155435767,48398000
2025-11-13,272.44384765625,276.1868935731559,271.5854266195937,273.6016697208788,49602800
2025-11-14,271.9048156738281,275.44821996704485,269.10002929321837,270.54732197227213,47431300
2025-11-17,266.9639892578125,269.98836893107386,265.237217022597,268.3214829895084,45018300
2025-11-18,266.9440612792969,270.2079864201871,264.8279974843966,269.48932037088264,45677300
2025-11-19,268.06195068359375,271.7051756343288,265.00762791735707,265.0375710636542,40424500
2025-11-20,265.7562561035156,274.91922505965954,265.42688147061517,270.327749378444,45823600
2025-11-21,270.98651123046875,272.8230952896135,265.17732758833057,265.4568071090486,59030800
2025-11-24,275.4083251953125,276.4863089537433,270.397615191446,270.397615191446,65585800
2025-11-25,276.4563903808594,279.8600705608694,274.73957871594786,274.75953066216096,46914200
2025-11-26,277.0352783203125,279.01161742605893,276.1170014953278,276.44637611579356,33431400
2025-11-28,278.3328857421875,278.4826014787427,275.4781737009374,276.7458380127342,20135600
2025-12-01,282.57501220703125,282.89442609469603,275.62792768573877,277.4944549964911,46587700
2025-12-02,285.6592712402344,286.86701880065203,282.10587559562896,282.47518456741903,53669500
2025-12-03,283.623046875,288.0847586222564,282.77461708045536,285.6692634925469,43538700
2025-12-04,280.179443359375,284.20196835267484,278.07334059490756,283.5731318378766,43989100
2025-12-05,278.26300048828125,280.6186397013617,277.53434330937836,280.01974631085085,47265800
2025-12-08,277.3746643066406,279.15136205700173,275.6378704438954,277.6142094762677,38211800
2025-12-09,276.66595458984375,279.5106752769474,276.40645748061854,277.64414811825674,32193300
2025-12-10,278.26300048828125,279.2312028389952,275.92734368017386,277.23491184461454,33038300
2025-12-11,277.514404296875,279.07150890817053,273.3022288840155,278.5824273392719,33248000
2025-12-12,277.7639465332031,278.70220580092337,276.30666253778065,277.38464634485007,39532900
2025-12-15,273.6016540527344,279.63046152672615,272.33402020742307,279.63046152672615,50409100
2025-12-16,274.1007385253906,274.9891026980292,271.2859911871425,272.3140798989353,37648600
2025-12-17,271.33587646484375,275.6478724530811,271.13626563598973,274.50001118897205,50138700
2025-12-18,271.68524169921875,273.12257373871984,266.4549687260805,273.1025913325419,51630700
2025-12-19,273.1625061035156,274.09077415448866,269.399477884542,271.6453053723066,144632000
2025-12-22,270.4674987792969,273.37210596231955,270.00836035897595,272.3539780142796,36571800
2025-12-23,271.85491943359375,271.99467443806464,269.06012395403746,270.3377490962612,29642000
2025-12-24,273.3022155761719,274.9192064044749,271.69521595033444,271.8349404799371,17910600
2025-12-26,272.8929748535156,274.859322715931,272.35396775197984,273.65157518449314,21521800
2025-12-29,273.2523498535156,273.8512128461511,271.8449608988494,272.1843267483383,23715200
2025-12-30,272.5735778808594,273.5717234473003,271.77507361210075,272.304089543875,22139600
2025-12-31,271.3558349609375,273.17246717497864,271.24605357156486,272.553621806917,27293600
2026-01-02,270.5074157714844,277.32473598417806,268.5011336129586,271.75509761912826,37838100
2026-01-05,266.7643737792969,271.0064921177503,265.6464557026853,270.1381104139889,45647200
2026-01-06,261.8734436035156,267.0538212812338,261.6338984265986,266.504853430471,52352100
2026-01-07,259.8471984863281,263.1909919246956,259.32817380451803,262.71190159101934,48309800
2026-01-08,258.55963134765625,258.80916773471864,255.22581364132833,256.5433578451618,50419300
2026-01-09,258.8890075683594,259.7274461787287,255.74485516422806,258.5995368285105,39997000
2026-01-12,259.76739501953125,260.8154357257053,256.32378048041085,258.6794199598783,45263800
2026-01-13,260.5658874511719,261.3244878277737,257.9108470550362,258.24022168851656,45730800
2026-01-14,259.4779052734375,261.33447181199796,256.23393227813756,259.0087756526009,40019400
2026-01-15,257.73114013671875,260.5559089501236,256.5732877053955,260.1666175851947,39388600
2026-01-16,255.05613708496094,258.41988279267105,254.45724364888233,257.4217372195352,72142800
2026-01-20,246.2425079345703,254.31750190322293,242.9685916985444,252.26132447540706,80267500
2026-01-21,247.1907501220703,251.09350304772093,244.72532928784554,248.23880604127606,54641700
2026-01-22,247.8894500732422,250.53452965267718,247.68980878155546,248.737864640942,39708300
2026-01-23,247.58001708984375,248.94748685874615,244.22624741136653,246.86136630134166,41689000
2026-01-26,254.9363555908203,256.08421686766076,249.336758511775,251.01363570547153,55969200
2026-01-27,257.791015625,261.46421404872183,257.73112933459527,258.68937090303496,49648300
2026-01-28,255.96446228027344,258.3799575946877,254.03803333601454,257.17220993748055,41288000
2026-01-29,257.801025390625,259.16847988830324,253.93820707645818,257.52154586161765,67253000
2026-01-30,258.9988098144531,261.41430490835,251.7123292610244,254.69678984095313,92443400
2026-02-02,269.5093078613281,269.98839826257677,258.7293169184304,259.5478036352127,73913400
2026-02-03,268.98028564453125,271.3758289780004,267.11372779647115,268.70080609664296,64394700
2026-02-04,275.97723388671875,278.432693698261,271.7850411492978,271.7850411492978,90545700
2026-02-05,275.3983459472656,278.98168486317746,272.72332314901723,277.6142303156022,52977400
2026-02-06,277.6042175292969,280.3890519626743,276.4164219647768,276.6060720438839,50453400
2026-02-09,274.3672180175781,277.9439398399519,271.4499228389202,277.6541982366954,44623400
2026-02-10,273.4280700683594,275.11651686144285,272.68876099546605,274.6369782150198,34376900
2026-02-11,275.24639892578125,279.92208361183503,274.1973776592452,274.44714753122867,51931300
2026-02-12,261.4891052246094,275.46621856633783,259.94051360693726,275.3363333447182,81077200
2026-02-13,255.5445556640625,261.9886306947134,255.21485759663088,261.7688319830923,56290700
2026-02-17,263.6371154785156,266.0449008431299,255.30478047881587,257.8124646511843,58469100
2026-02-18,264.106689453125,266.57441720150126,262.20844437502524,263.35737977838915,34203300
2026-02-19,260.3401184082031,264.2365527856389,259.81060750150084,262.35827847824623,30845300
2026-02-20,264.3364562988281,264.5063132392292,257.9223826043077,258.73163460792017,42070500
2026-02-23,265.9349670410156,269.1819753311392,263.13755670993424,263.24744081710827,37308200
2026-02-24,271.8895263671875,274.6369951599546,267.46358073991865,267.61343657617186,47014600
2026-02-25,273.97760009765625,274.6869380517792,270.8005039088116,271.5298429675081,33714300
2026-02-26,272.6987609863281,275.8558253670768,270.55071567552415,274.6969199809464,32345100
2026-02-27,263.93682861328125,272.5588900215503,262.6480379442022,272.5588900215503,72366500
2026-03-02,264.476318359375,266.2846497598317,259.960490133898,262.16844722421786,41827900
2026-03-03,263.5072326660156,265.31556422164516,259.8905695547566,263.23749216234586,38568900
2026-03-04,262.2783508300781,265.9050144519466,261.179387723623,264.4063951364299,39803100
2026-03-05,260.0504150390625,261.3192350446657,257.01320478174756,260.54995479568396,49658600
2026-03-06,257.2229919433594,258.53178361058343,254.13584003818684,258.39192833924307,41120000
2026-03-09,259.6407775878906,260.9095975388004,253.44647267699952,255.45463216869055,38218500
2026-03-10,260.58990478515625,262.2384104290217,256.71350175461305,257.4128391437035,30590800
2026-03-11,260.5699157714844,261.888707997661,259.3110658747261,260.8496568052655,26218900
2026-03-12,255.52456665039062,258.71164792954545,253.94601921584928,258.4219063383753,40794000
2026-03-13,249.8897705078125,256.0940459350445,249.29033192864068,255.24483747003174,36930000
2026-03-16,252.58729553222656,253.6563027081548,249.6499992581203,251.87794235419486,32074200
2026-03-17,253.99598693847656,254.89516767044782,251.94787083452104,252.72716690012706,32361600
2026-03-18,249.70994567871094,254.70534343896443,248.7708084606242,252.3974721128864,35757900
2026-03-19,248.73085021972656,251.5982036354298,247.0723745163624,249.17043241392184,34864100
2026-03-20,247.76173400878906,248.97061168291066,245.77356028907465,247.7517334570195,88331100
2026-03-23,251.25851440429688,254.3656523266213,250.0496214753341,253.73622734962268,40546100
2026-03-24,251.4083709716797,254.5954370944537,249.32029842391177,250.1195650925759,45152300
2026-03-25,252.38746643066406,254.76528059453105,251.3684162845015,253.86611511385965,28476700
2026-03-26,252.6572265625,256.76344411909713,250.53918279672283,251.88793104116345,41796700
2026-03-27,248.57098388671875,255.2548282141602,247.8416601166152,253.666280215245,47900000
2026-03-30,246.40298461914062,250.63907198816298,245.28400520065438,249.83982057534305,39446200
2026-03-31,253.55638122558594,255.24482803058763,246.87255213324852,247.6818040942864,49598100
2026-04-01,255.3946990966797,255.94418062939917,253.096813183035,253.8461228128272,40059400
2026-04-02,255.68443298339844,255.89424639361263,250.4192795609811,253.96601496217014,31289400
2026-04-06,258.6217041015625,261.9186847371787,256.2239194053331,256.27389167390277,29329900
2026-04-07,253.26666259765625,255.96418954301222,245.47383916108728,255.92421782448065,62148000
2026-04-08,258.66168212890625,259.51090582044134,256.29386854025813,258.2121146377317,41032800
2026-04-09,260.2502136230469,260.879638597066,255.8342992320816,258.7615948993736,28121600
2026-04-10,260.240234375,261.94865175168746,258.78155637925676,259.7406946341393,31291500
2026-04-13,258.96142578125,259.9405042051452,256.4237552437805,259.49093671136296,36234700
2026-04-14,258.59173583984375,261.68888841493145,256.9532612999924,259.01136264890187,48370700
2026-04-15,266.18475341796875,266.3146386359468,257.57269269729437,257.92237663273806,49913500
2026-04-16,263.15753173828125,266.91408037974617,261.0294875448873,266.55439590858066,43323100
2026-04-17,269.98126220703125,272.0493335842862,266.47448343207725,266.7142527536172,61436200
2026-04-20,272.79864501953125,274.0275237795767,270.04120633500696,270.08114756253855,36590200
2026-04-21,265.9250183105469,272.5488901425708,265.1557075406741,271.250098918132,50209800
2026-04-22,272.9185791015625,273.48803128351057,266.62435952726383,267.5734973129919,43249200
2026-04-23,273.1783142089844,275.5161566987003,271.39995382845746,274.79681820267325,33399600
2026-04-24,270.81048583984375,272.80864483253174,269.4017800912603,272.50893317942314,38157100
2026-04-27,267.3636474609375,268.1129570778125,264.8260075108844,265.84505761361925,41466800
2026-04-28,270.4608154296875,272.97851539952296,268.4127145556596,272.0893199684016,40018900
2026-04-29,269.92132568359375,270.7905199823619,266.7942019267937,267.3037117460274,30047900
2026-04-30,271.1002502441406,275.7459641951834,267.893213328058,270.25102650288807,91848200
2026-05-01,279.88214111328125,286.95561044034525,278.1137509144006,278.6032901046287,79915400
2026-05-04,276.5751647949219,280.3716851917065,274.60697695873915,279.4025768563376,46668400
2026-05-05,283.9184265136719,284.30808218316156,276.2455026895375,276.6750995896243,49311700
2026-05-06,287.245361328125,287.76487170009636,280.8112868075762,281.66051049385584,58336100
2026-05-07,287.1754150390625,291.8611003514943,285.5169394038565,289.00371711581823,45224300
2026-05-08,293.0500183105469,294.4886952888782,289.7330669166447,289.7430674686918,52692800
2026-05-11,292.67999267578125,293.8800048828125,290.2300109863281,291.9800109863281,42247300
2026-05-12,294.79998779296875,295.2699890136719,292.55999755859375,292.55999755859375,45748100
2026-05-13,298.8699951171875,300.9200134277344,293.5,293.5,52684300
2026-05-14,298.2099914550781,300.45001220703125,295.3800048828125,299.82000732421875,35324900
2026-05-15,300.2300109863281,303.20001220703125,296.5199890136719,297.8999938964844,54862800
2026-05-18,297.8399963378906,300.6600036621094,294.9100036621094,300.239990234375,34483000
2026-05-19,298.9700012207031,300.510009765625,296.3500061035156,296.9700012207031,42243600
2026-05-20,302.25,302.79998779296875,298.0799865722656,298.17999267578125,38229800
2026-05-21,304.989990234375,305.5400085449219,300.3999938964844,301.05999755859375,42965100
2026-05-22,308.82000732421875,311.3999938964844,305.8399963378906,306.1199951171875,43670200
2026-05-26,308.3299865722656,311.82000732421875,307.6700134277344,309.55999755859375,48000500
2026-05-27,310.8500061035156,313.260009765625,308.29998779296875,308.3299865722656,50430900
2026-05-28,312.510009765625,312.79998779296875,309.57000732421875,310.67999267578125,48220400
2026-05-29,312.05999755859375,315.0,309.5299987792969,311.7799987792969,70026800
2026-06-01,306.30999755859375,310.94000244140625,305.0199890136719,309.6300048828125,48849900
2026-06-02,315.20001220703125,315.45001220703125,306.69000244140625,307.4599914550781,44534700
2026-06-03,310.260009765625,316.94000244140625,308.8500061035156,314.17999267578125,50836700
2026-06-04,311.2300109863281,313.5400085449219,309.6499938964844,313.2300109863281,44869100
2026-06-05,307.3399963378906,315.1700134277344,307.1499938964844,312.8599853515625,65310500
2026-06-08,301.5400085449219,317.3999938964844,301.1700134277344,308.739990234375,77949100
2026-06-09,290.54998779296875,300.75,287.7799987792969,300.2799987792969,70108800
2026-06-10,291.5799865722656,294.75,287.3800048828125,290.739990234375,52793300
2026-06-11,295.6300048828125,297.0,289.5899963378906,293.7200012207031,42572500
2026-06-12,291.1300048828125,297.1400146484375,289.6199951171875,296.0299987792969,38742100
2026-06-15,296.4200134277344,297.7799987792969,291.70001220703125,294.1199951171875,45732600
2026-06-16,299.239990234375,300.4800109863281,293.9700012207031,295.25,39874400
2026-06-17,295.95001220703125,302.07000732421875,294.3599853515625,300.8500061035156,42745100
2026-06-18,298.010009765625,300.57000732421875,295.6199951171875,298.1099853515625,85962200
2026-06-22,297.010009765625,302.4200134277344,296.760009765625,297.30999755859375,44879900
2026-06-23,294.29998779296875,301.6400146484375,294.17999267578125,297.5400085449219,52010900
2026-06-24,293.0799865722656,299.70001220703125,292.94000244140625,295.3599853515625,53081900
2026-06-25,275.1499938964844,288.79998779296875,273.75,287.3999938964844,107013700
2026-06-26,283.7799987792969,285.95001220703125,274.2099914550781,275.0,261775500
2026-06-29,281.739990234375,288.3699951171875,279.8500061035156,286.7300109863281,66427000
2026-06-30,289.3599853515625,289.94000244140625,280.70001220703125,281.1700134277344,65100200
2026-07-01,294.3800048828125,296.5899963378906,289.20001220703125,293.44000244140625,50164200
2026-07-02,308.6300048828125,309.4200134277344,293.67999267578125,294.1199951171875,75352800
2026-07-06,312.6600036621094,314.20001220703125,307.0,307.3599853515625,53590000
2026-07-07,310.6600036621094,315.4800109863281,310.1499938964844,315.2900085449219,42490000
2026-07-08,313.3900146484375,314.82000732421875,307.04998779296875,311.9100036621094,41323500
2026-07-09,316.2200012207031,316.5299987792969,308.1600036621094,310.510009765625,48124500
2026-07-10,315.32000732421875,316.9100036621094,312.1700134277344,314.7200012207031,34132300
2026-07-13,317.30999755859375,323.45001220703125,315.7799987792969,317.0199890136719,43257800
2026-07-14,314.8599853515625,316.19000244140625,311.9100036621094,313.760009765625,36336800
2026-07-15,327.5,328.7300109863281,317.32000732421875,317.6199951171875,60957600
2026-07-16,333.260009765625,334.67999267578125,326.7900085449219,328.010009765625,62970600
2026-07-17,333.739990234375,334.989990234375,329.0,331.9800109863281,63365300
