Datetime,Close,High,Low,Open,Volume
2025-07-16 13:30:00-04:00,126.0145034790039,126.0459976196289,125.30400085449219,126.0459976196289,0
2025-07-16 14:30:00-04:00,125.78900146484375,126.135498046875,125.60350036621094,126.09906005859375,380394
2025-07-16 15:30:00-04:00,125.02400207519531,125.80000305175781,124.98199462890625,125.75,480049
2025-07-17 09:30:00-04:00,125.5510025024414,126.19798278808594,124.48004150390625,125.30000305175781,947607
2025-07-17 10:30:00-04:00,126.0270004272461,126.09999084472656,125.5,125.5510025024414,547752
2025-07-17 11:30:00-04:00,126.31500244140625,126.44950103759766,125.54399108886719,126.06999206542969,472401
2025-07-17 12:30:00-04:00,126.79998779296875,126.79998779296875,125.86299896240234,126.28900146484375,483637
2025-07-17 13:30:00-04:00,127.0770034790039,127.24849700927734,126.48399353027344,126.66600036621094,569231
2025-07-17 14:30:00-04:00,127.26899719238281,127.4074935913086,126.89200592041016,127.125244140625,666987
2025-07-17 15:30:00-04:00,127.56199645996094,127.75,127.10099792480469,127.2385025024414,1060000
2025-07-18 09:30:00-04:00,121.03630065917969,124.6500015258789,120.10099792480469,124.3499984741211,4661567
2025-07-18 10:30:00-04:00,121.39599609375,121.48299407958984,120.13299560546875,120.94999694824219,1354607
2025-07-18 11:30:00-04:00,121.46700286865234,121.9000015258789,121.19999694824219,121.43699645996094,969574
2025-07-18 12:30:00-04:00,121.2774429321289,121.47700500488281,120.57499694824219,121.47700500488281,741328
2025-07-18 13:30:00-04:00,121.67399597167969,121.75300598144531,121.05550384521484,121.33000183105469,853468
2025-07-18 14:30:00-04:00,120.7229995727539,121.6500015258789,120.59864807128906,121.64449310302734,745947
2025-07-18 15:30:00-04:00,120.89100646972656,121.02799987792969,120.4800033569336,120.72450256347656,846410
2025-07-21 09:30:00-04:00,121.31600189208984,121.70799255371094,119.80000305175781,120.5999984741211,1362739
2025-07-21 10:30:00-04:00,122.14300537109375,122.2439956665039,121.27099609375,121.3479995727539,742779
2025-07-21 11:30:00-04:00,122.45500183105469,122.65889739990234,121.8160171508789,122.17399597167969,938842
2025-07-21 12:30:00-04:00,122.66190338134766,123.0219955444336,122.33500671386719,122.4489974975586,439207
2025-07-21 13:30:00-04:00,123.18499755859375,123.70600891113281,122.58499908447266,122.71199798583984,481040
2025-07-21 14:30:00-04:00,123.40799713134766,123.6709976196289,122.9000015258789,123.20399475097656,560356
2025-07-21 15:30:00-04:00,123.26300048828125,123.7082290649414,123.10799407958984,123.4000015258789,598540
2025-07-22 09:30:00-04:00,121.3689956665039,123.23699951171875,120.97200012207031,123.03800201416016,1112043
2025-07-22 10:30:00-04:00,120.7750015258789,121.7490005493164,120.72599792480469,121.44000244140625,640708
2025-07-22 11:30:00-04:00,120.3175048828125,120.86500549316406,120.2229995727539,120.79000091552734,607263
2025-07-22 12:30:00-04:00,120.24300384521484,120.46500396728516,119.71800231933594,120.32149505615234,633097
2025-07-22 13:30:00-04:00,120.12049865722656,120.2665023803711,119.62190246582031,120.20001220703125,385563
2025-07-22 14:30:00-04:00,119.4802474975586,120.19000244140625,119.29100036621094,120.09700012207031,570651
2025-07-22 15:30:00-04:00,118.98600006103516,119.53898620605469,118.75,119.51881408691406,661948
2025-07-23 09:30:00-04:00,117.73899841308594,119.2619400024414,117.41500091552734,118.28499603271484,1249355
2025-07-23 10:30:00-04:00,117.67399597167969,118.0,117.44999694824219,117.77299499511719,570400
2025-07-23 11:30:00-04:00,117.7490005493164,118.10198974609375,117.55500793457031,117.75732421875,420138
2025-07-23 12:30:00-04:00,117.72599792480469,117.96199798583984,117.60001373291016,117.7020034790039,379498
2025-07-23 13:30:00-04:00,117.8425064086914,117.88299560546875,117.4000015258789,117.6810073852539,330247
2025-07-23 14:30:00-04:00,117.69549560546875,118.1189956665039,117.57332611083984,117.822998046875,452541
2025-07-23 15:30:00-04:00,117.5949935913086,117.82999420166016,117.38700103759766,117.68000793457031,591755
2025-07-24 09:30:00-04:00,116.44100189208984,118.0,116.2660140991211,117.80000305175781,1127767
2025-07-24 10:30:00-04:00,116.6259994506836,117.14798736572266,116.302001953125,116.4749984741211,434853
2025-07-24 11:30:00-04:00,116.58199310302734,116.70699310302734,116.36100006103516,116.63800048828125,337081
2025-07-24 12:30:00-04:00,116.55500793457031,117.1349868774414,116.4209976196289,116.6176986694336,278426
2025-07-24 13:30:00-04:00,117.2739028930664,117.3499984741211,116.50999450683594,116.56300354003906,334362
2025-07-24 14:30:00-04:00,118.0270004272461,118.25,117.35799407958984,117.36650085449219,520183
2025-07-24 15:30:00-04:00,118.0999984741211,118.34700012207031,117.87105560302734,118.0300064086914,426733
2025-07-25 09:30:00-04:00,118.11199951171875,118.71199798583984,117.43824768066406,117.84150695800781,712141
2025-07-25 10:30:00-04:00,118.43299865722656,118.5,117.74101257324219,118.13999938964844,375313
2025-07-25 11:30:00-04:00,118.4000015258789,118.5,118.0999984741211,118.427001953125,223566
2025-07-25 12:30:00-04:00,118.32450103759766,118.73055267333984,118.18000793457031,118.46500396728516,245207
2025-07-25 13:30:00-04:00,118.24592590332031,118.44499206542969,118.04100036621094,118.3489990234375,181335
2025-07-25 14:30:00-04:00,118.05833435058594,118.31956481933594,117.92900085449219,118.25050354003906,251407
2025-07-25 15:30:00-04:00,118.0459976196289,118.12800598144531,117.8810043334961,118.08599853515625,305300
2025-07-28 09:30:00-04:00,118.47700500488281,119.77899169921875,117.7457046508789,118.2439956665039,930774
2025-07-28 10:30:00-04:00,118.1240005493164,119.0,117.96800231933594,118.5,389466
2025-07-28 11:30:00-04:00,118.11600494384766,118.48399353027344,117.99800109863281,118.05892181396484,228509
2025-07-28 12:30:00-04:00,117.66200256347656,118.17613220214844,117.50700378417969,118.13600158691406,376997
2025-07-28 13:30:00-04:00,117.34700012207031,117.72700500488281,117.15699768066406,117.63600158691406,345118
2025-07-28 14:30:00-04:00,116.96500396728516,117.3489990234375,116.8530044555664,117.3449935913086,324334
2025-07-28 15:30:00-04:00,117.51399993896484,117.51399993896484,116.9219970703125,116.9749984741211,469466
2025-07-29 09:30:00-04:00,116.38700103759766,117.95999908447266,116.3290023803711,117.69999694824219,719620
2025-07-29 10:30:00-04:00,117.19999694824219,117.30000305175781,116.39100646972656,116.39100646972656,359810
2025-07-29 11:30:00-04:00,117.06800842285156,117.38099670410156,116.91300964355469,117.20799255371094,259513
2025-07-29 12:30:00-04:00,117.2239990234375,117.4136734008789,116.8790054321289,117.03399658203125,200599
2025-07-29 13:30:00-04:00,117.14427185058594,117.55000305175781,117.08365631103516,117.2020034790039,247584
2025-07-29 14:30:00-04:00,116.8499984741211,117.41099548339844,116.83000183105469,117.1574935913086,299097
2025-07-29 15:30:00-04:00,116.9489974975586,116.97772216796875,116.74300384521484,116.8499984741211,342790
2025-07-30 09:30:00-04:00,117.37850189208984,117.8709945678711,116.61500549316406,116.8550033569336,534752
2025-07-30 10:30:00-04:00,117.6719970703125,117.7509994506836,117.29100036621094,117.3810043334961,317781
2025-07-30 11:30:00-04:00,117.6675033569336,118.0,117.5469970703125,117.64100646972656,197800
2025-07-30 12:30:00-04:00,117.3489990234375,117.7655029296875,117.3489990234375,117.6675033569336,165387
2025-07-30 13:30:00-04:00,117.6986083984375,117.69998931884766,117.24800109863281,117.39549255371094,216491
2025-07-30 14:30:00-04:00,118.20050048828125,118.36199951171875,117.5870132446289,117.69999694824219,410576
2025-07-30 15:30:00-04:00,118.46099853515625,118.48500061035156,117.98299407958984,118.21099853515625,462993
2025-07-31 09:30:00-04:00,117.5560073852539,119.0,117.19999694824219,118.49699401855469,671550
2025-07-31 10:30:00-04:00,117.28950500488281,117.71299743652344,117.10099792480469,117.5260009765625,292571
2025-07-31 11:30:00-04:00,117.61000061035156,117.80250549316406,117.13999938964844,117.30000305175781,288366
2025-07-31 12:30:00-04:00,117.28900146484375,117.80000305175781,117.08100891113281,117.5999984741211,305331
2025-07-31 13:30:00-04:00,117.40950012207031,117.5060043334961,116.86000061035156,117.3530044555664,258857
2025-07-31 14:30:00-04:00,116.99749755859375,117.56999206542969,116.99749755859375,117.48799896240234,314917
2025-07-31 15:30:00-04:00,115.843994140625,117.10099792480469,115.7800064086914,117.08100891113281,852367
2025-08-01 09:30:00-04:00,117.06400299072266,117.47099304199219,115.30899810791016,116.3010025024414,956164
2025-08-01 10:30:00-04:00,116.5979995727539,117.85050201416016,116.58199310302734,116.99749755859375,564388
2025-08-01 11:30:00-04:00,116.375,116.94300842285156,116.1469955444336,116.59100341796875,318704
2025-08-01 12:30:00-04:00,115.83100891113281,116.41600036621094,115.63801574707031,116.39849853515625,325648
2025-08-01 13:30:00-04:00,116.17500305175781,116.17500305175781,115.4699935913086,115.91069030761719,296684
2025-08-01 14:30:00-04:00,115.68000793457031,116.3449935913086,115.5999984741211,116.1500015258789,432121
2025-08-01 15:30:00-04:00,115.86100006103516,115.99774169921875,115.5,115.66200256347656,429798
2025-08-04 09:30:00-04:00,116.92399597167969,117.69999694824219,116.697998046875,116.76499938964844,628500
2025-08-04 10:30:00-04:00,116.60600280761719,117.0219955444336,116.26399993896484,116.98100280761719,304472
2025-08-04 11:30:00-04:00,116.94999694824219,117.031494140625,116.3900146484375,116.5739974975586,154865
2025-08-04 12:30:00-04:00,116.82600402832031,117.09000396728516,116.8060073852539,116.99100494384766,155120
2025-08-04 13:30:00-04:00,116.50999450683594,116.84000396728516,116.50999450683594,116.82850646972656,128527
2025-08-04 14:30:00-04:00,116.75,116.86299896240234,116.4699935913086,116.5719985961914,203152
2025-08-04 15:30:00-04:00,117.09700012207031,117.09700012207031,116.74699401855469,116.75799560546875,317282
2025-08-05 09:30:00-04:00,116.76600646972656,117.1709976196289,116.44300842285156,117.0999984741211,506881
2025-08-05 10:30:00-04:00,116.00849914550781,116.76399993896484,115.69999694824219,116.73600006103516,288916
2025-08-05 11:30:00-04:00,115.72151184082031,116.1614761352539,115.6500015258789,116.01750183105469,217205
2025-08-05 12:30:00-04:00,116.08149719238281,116.1780014038086,115.5300064086914,115.75899505615234,241499
2025-08-05 13:30:00-04:00,115.25999450683594,116.01350402832031,115.2300033569336,115.99510192871094,267431
2025-08-05 14:30:00-04:00,114.85600280761719,115.25899505615234,114.69999694824219,115.22200012207031,359593
2025-08-05 15:30:00-04:00,114.78700256347656,114.94351959228516,114.47099304199219,114.85799407958984,399898
2025-08-06 09:30:00-04:00,115.50506591796875,116.66999816894531,115.21800231933594,115.35799407958984,820914
2025-08-06 10:30:00-04:00,116.5790023803711,116.84700012207031,115.4280014038086,115.5050048828125,517958
2025-08-06 11:30:00-04:00,117.3394546508789,117.40675354003906,116.0,116.59300231933594,432119
2025-08-06 12:30:00-04:00,117.48899841308594,117.7862548828125,117.30000305175781,117.3499984741211,341698
2025-08-06 13:30:00-04:00,117.67399597167969,117.7909927368164,117.30899810791016,117.5,211504
2025-08-06 14:30:00-04:00,117.8060073852539,118.13749694824219,117.62400817871094,117.6810073852539,263956
2025-08-06 15:30:00-04:00,117.8759994506836,117.906005859375,117.49482727050781,117.78399658203125,351947
2025-08-07 09:30:00-04:00,118.2874526977539,119.1209945678711,117.81169128417969,118.18299865722656,719887
2025-08-07 10:30:00-04:00,118.072998046875,118.67999267578125,117.73701477050781,118.3895034790039,341250
2025-08-07 11:30:00-04:00,117.12800598144531,118.14399719238281,117.03700256347656,118.09049987792969,316027
2025-08-07 12:30:00-04:00,117.4489974975586,117.86399841308594,116.81999206542969,117.18399810791016,362707
2025-08-07 13:30:00-04:00,117.072998046875,117.635986328125,116.94499206542969,117.4699935913086,188031
2025-08-07 14:30:00-04:00,117.4885025024414,117.50199890136719,117.0459976196289,117.09599304199219,171817
2025-08-07 15:30:00-04:00,118.03700256347656,118.0530014038086,117.46501159667969,117.46501159667969,266048
2025-08-08 09:30:00-04:00,120.66800689697266,120.7599868774414,118.0370101928711,118.3189926147461,808512
2025-08-08 10:30:00-04:00,119.61225891113281,120.77099609375,119.3550033569336,120.68699645996094,541265
2025-08-08 11:30:00-04:00,120.78950500488281,120.86299896240234,119.30001068115234,119.54276275634766,388709
2025-08-08 12:30:00-04:00,121.06600189208984,121.29499816894531,120.5780029296875,120.78950500488281,529318
2025-08-08 13:30:00-04:00,120.88299560546875,121.2509994506836,120.69886779785156,121.093505859375,256136
2025-08-08 14:30:00-04:00,121.06300354003906,121.19898986816406,120.84200286865234,120.87332916259766,288186
2025-08-08 15:30:00-04:00,121.18089294433594,121.41099548339844,120.9959945678711,121.05450439453125,427733
2025-08-11 09:30:00-04:00,121.24649810791016,121.70899963378906,120.33900451660156,121.4000015258789,623052
2025-08-11 10:30:00-04:00,121.6189956665039,121.8689956665039,121.03299713134766,121.34000396728516,304743
2025-08-11 11:30:00-04:00,122.1415023803711,122.16899108886719,121.38999938964844,121.6314926147461,223265
2025-08-11 12:30:00-04:00,122.18199157714844,122.2979965209961,121.85699462890625,122.1415023803711,254280
2025-08-11 13:30:00-04:00,121.84100341796875,122.30699157714844,121.64300537109375,122.18743896484375,182365
2025-08-11 14:30:00-04:00,121.68199157714844,121.86399841308594,121.56999206542969,121.8449935913086,207359
2025-08-11 15:30:00-04:00,121.83699798583984,121.90299987792969,121.6240005493164,121.69999694824219,350355
2025-08-12 09:30:00-04:00,121.35400390625,123.1989974975586,120.65049743652344,122.5,670888
2025-08-12 10:30:00-04:00,121.94200134277344,122.17498779296875,120.94427490234375,121.343994140625,294412
2025-08-12 11:30:00-04:00,122.46099853515625,122.5,121.91033935546875,121.9310073852539,187711
2025-08-12 12:30:00-04:00,122.5199966430664,122.75999450683594,122.34526062011719,122.60899353027344,154685
2025-08-12 13:30:00-04:00,122.4415054321289,122.80000305175781,122.14399719238281,122.5239486694336,157566
2025-08-12 14:30:00-04:00,122.65899658203125,122.7550048828125,122.38399505615234,122.43675231933594,195844
2025-08-12 15:30:00-04:00,122.52799987792969,122.7199935913086,122.30000305175781,122.69100189208984,258625
2025-08-13 09:30:00-04:00,122.15899658203125,123.71199798583984,121.8530044555664,123.6500015258789,544657
2025-08-13 10:30:00-04:00,121.88899993896484,122.1344985961914,121.40000915527344,122.10200500488281,347943
2025-08-13 11:30:00-04:00,122.10450744628906,122.36399841308594,121.80001068115234,121.8864974975586,197058
2025-08-13 12:30:00-04:00,122.46455383300781,122.5999984741211,121.85543060302734,122.08599853515625,175807
2025-08-13 13:30:00-04:00,121.30384826660156,122.51600646972656,121.0,122.51600646972656,297830
2025-08-13 14:30:00-04:00,120.89649963378906,121.43299865722656,120.85799407958984,121.29399108886719,281998
2025-08-13 15:30:00-04:00,120.48100280761719,120.85699462890625,120.30799865722656,120.85699462890625,470593
2025-08-14 09:30:00-04:00,123.49261474609375,123.69090270996094,120.7030029296875,120.98899841308594,1131168
2025-08-14 10:30:00-04:00,123.23050689697266,124.2540054321289,123.0999984741211,123.45899963378906,648556
2025-08-14 11:30:00-04:00,123.83399963378906,124.40899658203125,123.1500015258789,123.30000305175781,480114
2025-08-14 12:30:00-04:00,124.0510025024414,124.30049896240234,123.75,123.87249755859375,261970
2025-08-14 13:30:00-04:00,123.47249603271484,124.21693420410156,123.3010025024414,124.01399993896484,336814
2025-08-14 14:30:00-04:00,123.06700134277344,123.4729995727539,122.91650390625,123.4729995727539,473507
2025-08-14 15:30:00-04:00,123.031005859375,123.3030014038086,122.86375427246094,123.0844955444336,314416
2025-08-15 09:30:00-04:00,124.10899353027344,124.69410705566406,122.78800201416016,123.48899841308594,979992
2025-08-15 10:30:00-04:00,124.01300048828125,124.29000091552734,123.14090728759766,124.20350646972656,350630
2025-08-15 11:30:00-04:00,123.6500015258789,124.01600646972656,123.30149841308594,123.93900299072266,228693
2025-08-15 12:30:00-04:00,123.8499984741211,124.16999816894531,123.61087799072266,123.67900085449219,190147
2025-08-15 13:30:00-04:00,123.67449951171875,124.23199462890625,123.63299560546875,123.86149597167969,183259
2025-08-15 14:30:00-04:00,123.68900299072266,123.73699951171875,123.4310073852539,123.6500015258789,172809
2025-08-15 15:30:00-04:00,123.88899993896484,124.15147399902344,123.5739974975586,123.6520004272461,375808
2025-08-18 09:30:00-04:00,124.70268249511719,125.1159896850586,123.54499816894531,123.5999984741211,597262
2025-08-18 10:30:00-04:00,124.39399719238281,124.82798767089844,124.17350769042969,124.67399597167969,221036
2025-08-18 11:30:00-04:00,124.38148498535156,124.48323822021484,123.90201568603516,124.35899353027344,178872
2025-08-18 12:30:00-04:00,123.78800201416016,124.46600341796875,123.67350006103516,124.46600341796875,177598
2025-08-18 13:30:00-04:00,124.32149505615234,124.39998626708984,123.843505859375,123.8499984741211,262677
2025-08-18 14:30:00-04:00,124.7020034790039,124.80149841308594,124.2145004272461,124.32099914550781,174036
2025-08-18 15:30:00-04:00,124.5270004272461,124.77498626708984,124.45100402832031,124.760986328125,210014
2025-08-19 09:30:00-04:00,119.6810073852539,124.09999084472656,119.45600891113281,124.0009994506836,1369083
2025-08-19 10:30:00-04:00,120.51600646972656,120.5591049194336,119.27900695800781,119.60799407958984,659516
2025-08-19 11:30:00-04:00,120.5,120.84410095214844,120.30001068115234,120.48399353027344,263130
2025-08-19 12:30:00-04:00,120.73050689697266,120.86002349853516,120.15000915527344,120.47721862792969,212545
2025-08-19 13:30:00-04:00,121.43599700927734,121.468994140625,120.6675033569336,120.73160552978516,255799
2025-08-19 14:30:00-04:00,121.2449951171875,121.52999114990234,121.0027847290039,121.43550109863281,242153
2025-08-19 15:30:00-04:00,121.44000244140625,121.4749984741211,121.20222473144531,121.26499938964844,288168
2025-08-20 09:30:00-04:00,119.95649719238281,122.29998779296875,119.84300231933594,121.79899597167969,769045
2025-08-20 10:30:00-04:00,120.39100646972656,120.44000244140625,119.33100891113281,119.9260025024414,356637
2025-08-20 11:30:00-04:00,120.71400451660156,120.843994140625,120.00799560546875,120.45899963378906,264785
2025-08-20 12:30:00-04:00,120.49949645996094,120.78399658203125,120.3239974975586,120.73500061035156,137439
2025-08-20 13:30:00-04:00,120.50899505615234,120.82368469238281,120.3750991821289,120.5270004272461,128204
2025-08-20 14:30:00-04:00,121.4949951171875,121.6469955444336,120.5092544555664,120.5092544555664,189298
2025-08-20 15:30:00-04:00,121.34809875488281,121.5989990234375,121.30999755859375,121.48399353027344,266210
2025-08-21 09:30:00-04:00,121.94999694824219,122.1399917602539,120.9000015258789,121.197998046875,435453
2025-08-21 10:30:00-04:00,120.97550201416016,121.95899963378906,120.81999206542969,121.885498046875,233542
2025-08-21 11:30:00-04:00,120.57159423828125,121.00999450683594,120.3550033569336,120.91200256347656,189976
2025-08-21 12:30:00-04:00,119.92950439453125,120.62699890136719,119.76350402832031,120.5770034790039,218638
2025-08-21 13:30:00-04:00,120.3449935913086,120.40599060058594,119.88299560546875,119.88299560546875,226176
2025-08-21 14:30:00-04:00,120.8270034790039,121.09300231933594,120.32600402832031,120.364990234375,176882
2025-08-21 15:30:00-04:00,120.6050033569336,120.8594970703125,120.5,120.82950592041016,224335
2025-08-22 09:30:00-04:00,120.9000015258789,121.36199951171875,120.1810073852539,120.88800048828125,636447
2025-08-22 10:30:00-04:00,120.83499908447266,121.09100341796875,120.07149505615234,120.87650299072266,460283
2025-08-22 11:30:00-04:00,120.24200439453125,120.8790054321289,120.1873550415039,120.86991882324219,240044
2025-08-22 12:30:00-04:00,120.50799560546875,120.50799560546875,119.822998046875,120.2719955444336,258159
2025-08-22 13:30:00-04:00,120.5300064086914,120.76899719238281,120.30101013183594,120.51600646972656,238496
2025-08-22 14:30:00-04:00,120.48899841308594,120.69300842285156,120.11800384521484,120.55000305175781,248177
2025-08-22 15:30:00-04:00,120.49300384521484,120.4990005493164,120.10799407958984,120.4990005493164,668768
2025-08-25 09:30:00-04:00,122.98899841308594,123.3800048828125,119.9635009765625,120.13999938964844,1106344
2025-08-25 10:30:00-04:00,122.79499816894531,123.34999084472656,122.3499984741211,122.99800872802734,423457
2025-08-25 11:30:00-04:00,122.53837585449219,122.89998626708984,122.44999694824219,122.81571960449219,190970
2025-08-25 12:30:00-04:00,122.5459976196289,122.7560043334961,122.36869049072266,122.43299865722656,148574
2025-08-25 13:30:00-04:00,122.47550201416016,122.73500061035156,122.3530044555664,122.5459976196289,165187
2025-08-25 14:30:00-04:00,122.1500015258789,122.62699890136719,122.03199768066406,122.4990463256836,152201
2025-08-25 15:30:00-04:00,121.80699157714844,122.197998046875,121.80699157714844,122.19499206542969,267407
2025-08-26 09:30:00-04:00,122.23149108886719,122.80000305175781,121.2199935913086,122.80000305175781,432786
2025-08-26 10:30:00-04:00,122.39949798583984,122.4280014038086,121.96235656738281,122.18000793457031,161145
2025-08-26 11:30:00-04:00,122.625,122.69999694824219,122.33100891113281,122.3449935913086,172700
2025-08-26 12:30:00-04:00,122.4739990234375,122.7149887084961,122.3060073852539,122.7149887084961,89560
2025-08-26 13:30:00-04:00,122.52850341796875,122.57613372802734,122.33000183105469,122.48500061035156,78347
2025-08-26 14:30:00-04:00,122.66600036621094,122.75150299072266,122.4120101928711,122.5459976196289,202659
2025-08-26 15:30:00-04:00,122.60899353027344,122.77198791503906,122.35001373291016,122.63758850097656,245128
2025-08-27 09:30:00-04:00,122.593994140625,122.9209976196289,121.30096435546875,122.36100006103516,493397
2025-08-27 10:30:00-04:00,122.26800537109375,122.76249694824219,122.23699951171875,122.55073547363281,142086
2025-08-27 11:30:00-04:00,121.5199966430664,122.40098571777344,121.4885025024414,122.31999206542969,170582
2025-08-27 12:30:00-04:00,121.87199401855469,122.0199966430664,121.44200134277344,121.47599792480469,162847
2025-08-27 13:30:00-04:00,122.46700286865234,122.5149917602539,121.82308197021484,121.86399841308594,109184
2025-08-27 14:30:00-04:00,121.9843978881836,122.4800033569336,121.73500061035156,122.4675064086914,120162
2025-08-27 15:30:00-04:00,122.31600189208984,122.60400390625,121.9749984741211,121.9749984741211,202437
2025-08-28 09:30:00-04:00,121.93299865722656,122.48360443115234,121.42680358886719,122.27900695800781,447598
2025-08-28 10:30:00-04:00,122.4159927368164,122.82099914550781,121.94000244140625,122.03499603271484,206465
2025-08-28 11:30:00-04:00,123.08599853515625,123.1655044555664,122.32499694824219,122.40899658203125,144239
2025-08-28 12:30:00-04:00,123.76600646972656,123.77099609375,122.94500732421875,123.0999984741211,258713
2025-08-28 13:30:00-04:00,123.0999984741211,123.78910064697266,123.0510025024414,123.74150085449219,234063
2025-08-28 14:30:00-04:00,122.98249816894531,123.2040023803711,122.89400482177734,123.15150451660156,121417
2025-08-28 15:30:00-04:00,123.1199951171875,123.2509994506836,122.9439926147461,122.95999908447266,199159
2025-08-29 09:30:00-04:00,121.09700775146484,122.8790054321289,120.44499206542969,122.77400207519531,798624
2025-08-29 10:30:00-04:00,120.6302719116211,121.219482421875,120.38700103759766,121.09700012207031,443934
2025-08-29 11:30:00-04:00,120.36100006103516,120.66629791259766,120.11500549316406,120.59700012207031,351020
2025-08-29 12:30:00-04:00,120.44200134277344,120.74200439453125,120.11600494384766,120.39100646972656,211885
2025-08-29 13:30:00-04:00,120.552001953125,120.7979965209961,120.32850646972656,120.43599700927734,195186
2025-08-29 14:30:00-04:00,120.8737564086914,120.88154602050781,120.58500671386719,120.593505859375,249402
2025-08-29 15:30:00-04:00,120.73699951171875,121.14399719238281,120.58599853515625,120.86500549316406,511358
2025-09-02 09:30:00-04:00,121.07249450683594,121.10600280761719,118.2800064086914,119.66899108886719,722787
2025-09-02 10:30:00-04:00,120.6675033569336,121.30000305175781,120.42449951171875,121.09700012207031,259579
2025-09-02 11:30:00-04:00,120.4000015258789,120.62699890136719,119.8699951171875,120.55916595458984,187026
2025-09-02 12:30:00-04:00,120.91999816894531,120.98699951171875,120.36100769042969,120.39599609375,163665
2025-09-02 13:30:00-04:00,121.14200592041016,121.5359878540039,120.9110107421875,121.0,196788
2025-09-02 14:30:00-04:00,121.5,121.53900146484375,121.1199951171875,121.17500305175781,145484
2025-09-02 15:30:00-04:00,121.36600494384766,121.50630950927734,121.18699645996094,121.44999694824219,286503
2025-09-03 09:30:00-04:00,120.9010009765625,121.80998229980469,120.33799743652344,120.53199768066406,588795
2025-09-03 10:30:00-04:00,121.77299499511719,122.69998931884766,120.9146728515625,120.94100189208984,457953
2025-09-03 11:30:00-04:00,121.62001037597656,122.0979995727539,121.4260025024414,121.77400207519531,182597
2025-09-03 12:30:00-04:00,121.4010009765625,121.71700286865234,121.1651840209961,121.6395034790039,147638
2025-09-03 13:30:00-04:00,121.5425033569336,121.60400390625,121.14399719238281,121.4229965209961,150399
2025-09-03 14:30:00-04:00,121.9990005493164,122.03399658203125,121.30244445800781,121.5,153806
2025-09-03 15:30:00-04:00,122.53700256347656,122.5999984741211,121.99100494384766,122.02099609375,436158
2025-09-04 09:30:00-04:00,124.4000015258789,124.81700134277344,122.30899810791016,122.31999206542969,792676
2025-09-04 10:30:00-04:00,125.1719970703125,125.2800064086914,124.36639404296875,124.36639404296875,521584
2025-09-04 11:30:00-04:00,125.27549743652344,125.63116455078125,125.08399963378906,125.20100402832031,346753
2025-09-04 12:30:00-04:00,125.3699951171875,125.55799865722656,125.0989990234375,125.29000091552734,199723
2025-09-04 13:30:00-04:00,125.45649719238281,125.52799987792969,125.1558609008789,125.40776062011719,198317
2025-09-04 14:30:00-04:00,125.49800109863281,125.6300048828125,125.30001068115234,125.44300842285156,185472
2025-09-04 15:30:00-04:00,125.7439956665039,125.74800109863281,125.26861572265625,125.48600006103516,397651
2025-09-05 09:30:00-04:00,125.03849792480469,126.70999908447266,124.62800598144531,126.0,689320
2025-09-05 10:30:00-04:00,124.47967529296875,125.10699462890625,123.90201568603516,125.04899597167969,398488
2025-09-05 11:30:00-04:00,124.31199645996094,124.58499908447266,124.04168701171875,124.4593734741211,189324
2025-09-05 12:30:00-04:00,124.13299560546875,124.54499816894531,124.04000091552734,124.2550048828125,150060
2025-09-05 13:30:00-04:00,124.35600280761719,124.4541244506836,124.0,124.0770034790039,171466
2025-09-05 14:30:00-04:00,124.56500244140625,124.60600280761719,124.23799896240234,124.38226318359375,177128
2025-09-05 15:30:00-04:00,124.41700744628906,124.56500244140625,124.25999450683594,124.56500244140625,260591
2025-09-08 09:30:00-04:00,124.88127136230469,125.20405578613281,123.19999694824219,124.5999984741211,578240
2025-09-08 10:30:00-04:00,124.09599304199219,124.89300537109375,123.9540023803711,124.89300537109375,234671
2025-09-08 11:30:00-04:00,124.58399963378906,125.0675048828125,124.05500793457031,124.10649108886719,167960
2025-09-08 12:30:00-04:00,124.33499908447266,124.71136474609375,124.28700256347656,124.58799743652344,120513
2025-09-08 13:30:00-04:00,124.95500183105469,125.19999694824219,124.40999603271484,124.40999603271484,143615
2025-09-08 14:30:00-04:00,124.57049560546875,124.93499755859375,124.35600280761719,124.93499755859375,137492
2025-09-08 15:30:00-04:00,124.44599914550781,124.7127456665039,124.3239974975586,124.61000061035156,242558
2025-09-09 09:30:00-04:00,125.44999694824219,125.9000015258789,124.66700744628906,124.66700744628906,458127
2025-09-09 10:30:00-04:00,125.60200500488281,125.69999694824219,124.70001220703125,125.46600341796875,253262
2025-09-09 11:30:00-04:00,126.10400390625,126.52149963378906,125.3175048828125,125.60200500488281,427161
2025-09-09 12:30:00-04:00,126.0199966430664,126.30000305175781,125.90299987792969,126.06300354003906,151560
2025-09-09 13:30:00-04:00,126.18000793457031,126.49610900878906,125.89549255371094,126.0199966430664,197576
2025-09-09 14:30:00-04:00,126.41099548339844,126.49604797363281,126.15999603271484,126.20799255371094,183847
2025-09-09 15:30:00-04:00,126.32600402832031,126.57209777832031,126.1760025024414,126.40299987792969,257121
2025-09-10 09:30:00-04:00,125.93299865722656,126.69999694824219,124.635498046875,126.531005859375,726709
2025-09-10 10:30:00-04:00,125.46600341796875,126.37049865722656,125.08050537109375,125.96500396728516,340396
2025-09-10 11:30:00-04:00,125.13311767578125,125.55000305175781,124.92399597167969,125.51750183105469,237885
2025-09-10 12:30:00-04:00,125.0999984741211,125.59117126464844,125.09200286865234,125.16300201416016,179762
2025-09-10 13:30:00-04:00,125.75,125.96150207519531,125.07600402832031,125.07600402832031,169335
2025-09-10 14:30:00-04:00,125.46199798583984,125.78700256347656,124.95799255371094,125.7074966430664,192803
2025-09-10 15:30:00-04:00,124.77099609375,125.4749984741211,124.7199935913086,125.46199798583984,390652
2025-09-11 09:30:00-04:00,121.4185562133789,125.34449768066406,121.34150695800781,125.0165023803711,1253673
2025-09-11 10:30:00-04:00,121.67398834228516,122.0989990234375,120.90899658203125,121.4489974975586,24373
2025-09-11 11:30:00-04:00,121.09200286865234,121.91499328613281,121.09200286865234,121.61199951171875,1036183
2025-09-11 12:30:00-04:00,120.33900451660156,121.20899963378906,120.33549499511719,121.052001953125,560583
2025-09-11 13:30:00-04:00,119.72900390625,120.7509994506836,119.20600891113281,120.35899353027344,1106653
2025-09-11 14:30:00-04:00,120.98983001708984,121.14299011230469,119.4280014038086,119.72900390625,561561
2025-09-11 15:30:00-04:00,120.29200744628906,120.99100494384766,120.29200744628906,120.99000549316406,516237
2025-09-12 09:30:00-04:00,119.36299896240234,121.17799377441406,119.25,120.34950256347656,793988
2025-09-12 10:30:00-04:00,118.95600891113281,119.7239990234375,118.77900695800781,119.39900207519531,476517
2025-09-12 11:30:00-04:00,118.48500061035156,119.11700439453125,118.3790054321289,118.96400451660156,430095
2025-09-12 12:30:00-04:00,118.74699401855469,118.93598937988281,118.4280014038086,118.45500183105469,284887
2025-09-12 13:30:00-04:00,118.65999603271484,118.76005554199219,118.24000549316406,118.74749755859375,321424
2025-09-12 14:30:00-04:00,118.77549743652344,118.86500549316406,118.37225341796875,118.63999938964844,376576
2025-09-12 15:30:00-04:00,118.8449935913086,118.95899963378906,118.41600036621094,118.7719955444336,605710
2025-09-15 09:30:00-04:00,118.82149505615234,119.16700744628906,117.32076263427734,118.9000015258789,705582
2025-09-15 10:30:00-04:00,119.55450439453125,119.79998779296875,118.66400146484375,118.8125,341535
2025-09-15 11:30:00-04:00,120.20100402832031,120.48799896240234,119.26200866699219,119.51100158691406,322024
2025-09-15 12:30:00-04:00,120.08149719238281,120.63399505615234,119.91700744628906,120.19999694824219,245611
2025-09-15 13:30:00-04:00,120.45899963378906,120.68709564208984,119.94300842285156,120.1026840209961,268989
2025-09-15 14:30:00-04:00,120.47900390625,120.7239990234375,120.33299255371094,120.43499755859375,241976
2025-09-15 15:30:00-04:00,120.19999694824219,120.55500793457031,120.1340103149414,120.40000915527344,361663
2025-09-16 09:30:00-04:00,120.54300689697266,120.89998626708984,119.7280044555664,120.56400299072266,505513
2025-09-16 10:30:00-04:00,120.3475341796875,120.864990234375,120.26509857177734,120.56400299072266,180555
2025-09-16 11:30:00-04:00,120.291259765625,120.50999450683594,120.1290054321289,120.33699798583984,141806
2025-09-16 12:30:00-04:00,120.05799865722656,120.46700286865234,119.80000305175781,120.25,229790
2025-09-16 13:30:00-04:00,120.2760009765625,120.3689956665039,119.88499450683594,120.0560073852539,123410
2025-09-16 14:30:00-04:00,120.51899719238281,120.54998779296875,119.82000732421875,120.2800064086914,187310
2025-09-16 15:30:00-04:00,120.0469970703125,120.5999984741211,120.03901672363281,120.55999755859375,283461
2025-09-17 09:30:00-04:00,122.19100189208984,122.45100402832031,120.66949462890625,122.0219955444336,1010585
2025-09-17 10:30:00-04:00,121.87850189208984,122.43800354003906,121.5999984741211,122.23199462890625,323895
2025-09-17 11:30:00-04:00,121.9849853515625,122.0510025024414,121.6050033569336,121.927001953125,195484
2025-09-17 12:30:00-04:00,122.23899841308594,122.6572265625,121.96500396728516,121.9939956665039,338081
2025-09-17 13:30:00-04:00,122.24699401855469,122.4050064086914,121.61250305175781,122.22200012207031,283732
2025-09-17 14:30:00-04:00,123.2760009765625,123.3489990234375,122.0,122.218994140625,539936
2025-09-17 15:30:00-04:00,122.86199951171875,123.3800048828125,122.69000244140625,123.31050109863281,414305
2025-09-18 09:30:00-04:00,122.58799743652344,123.30000305175781,121.76700592041016,122.08199310302734,696596
2025-09-18 10:30:00-04:00,123.00799560546875,123.25694274902344,122.60799407958984,122.67524719238281,296066
2025-09-18 11:30:00-04:00,122.74246978759766,123.05000305175781,122.36000061035156,123.03700256347656,201779
2025-09-18 12:30:00-04:00,122.04100036621094,122.89859771728516,121.94000244140625,122.77799987792969,183776
2025-09-18 13:30:00-04:00,121.80899810791016,122.09999084472656,121.64070892333984,122.09999084472656,242716
2025-09-18 14:30:00-04:00,120.81600189208984,121.80000305175781,120.7750015258789,121.77974700927734,451122
2025-09-18 15:30:00-04:00,120.7979965209961,121.04200744628906,120.55000305175781,120.81099700927734,549182
2025-09-19 09:30:00-04:00,121.41374206542969,121.86199951171875,120.81999206542969,121.73699951171875,1050268
2025-09-19 10:30:00-04:00,121.91583251953125,122.04499816894531,121.02400207519531,121.41800689697266,397414
2025-09-19 11:30:00-04:00,122.3499984741211,122.58900451660156,121.78399658203125,121.9229965209961,377177
2025-09-19 12:30:00-04:00,122.09000396728516,122.52498626708984,122.03499603271484,122.3499984741211,229677
2025-09-19 13:30:00-04:00,122.3060073852539,122.46299743652344,122.0289077758789,122.09100341796875,254366
2025-09-19 14:30:00-04:00,122.53450012207031,122.81230163574219,122.30000305175781,122.30000305175781,413747
2025-09-19 15:30:00-04:00,122.66400146484375,122.9949951171875,122.39500427246094,122.5260009765625,546576
2025-09-22 09:30:00-04:00,122.0300064086914,122.84049224853516,121.88800048828125,122.197998046875,553309
2025-09-22 10:30:00-04:00,121.6814956665039,122.17900085449219,121.42431640625,122.05500793457031,385789
2025-09-22 11:30:00-04:00,122.87199401855469,122.97599792480469,121.6240005493164,121.6814956665039,319543
2025-09-22 12:30:00-04:00,122.45500183105469,122.95365905761719,122.27101135253906,122.8499984741211,219261
2025-09-22 13:30:00-04:00,122.13026428222656,122.55999755859375,122.02801513671875,122.38399505615234,157579
2025-09-22 14:30:00-04:00,122.56300354003906,122.5899887084961,122.11000061035156,122.1259994506836,195740
2025-09-22 15:30:00-04:00,122.73899841308594,122.86199951171875,122.50799560546875,122.55821228027344,293587
2025-09-23 09:30:00-04:00,121.34123229980469,122.77900695800781,121.34123229980469,122.76249694824219,315612
2025-09-23 10:30:00-04:00,121.24000549316406,121.62699127197266,120.8499984741211,121.40049743652344,235796
2025-09-23 11:30:00-04:00,121.43650817871094,121.7349853515625,121.08900451660156,121.25799560546875,114630
2025-09-23 12:30:00-04:00,121.7719955444336,122.07499694824219,121.3530044555664,121.50450134277344,117337
2025-09-23 13:30:00-04:00,121.65699768066406,122.21199798583984,121.52900695800781,121.70100402832031,180112
2025-09-23 14:30:00-04:00,121.66700744628906,121.9739990234375,121.32099914550781,121.6989974975586,780145
2025-09-23 15:30:00-04:00,121.8499984741211,121.968994140625,121.65101623535156,121.66700744628906,249963
2025-09-24 09:30:00-04:00,121.07356262207031,122.1500015258789,121.0219955444336,121.88499450683594,325687
2025-09-24 10:30:00-04:00,119.7540054321289,121.1500015258789,119.71717834472656,121.01200103759766,233121
2025-09-24 11:30:00-04:00,119.8550033569336,120.27799224853516,119.41999816894531,119.76200103759766,315827
2025-09-24 12:30:00-04:00,120.0,120.3139877319336,119.81961822509766,119.86700439453125,146907
2025-09-24 13:30:00-04:00,119.84599304199219,120.25909423828125,119.61600494384766,120.01499938964844,178909
2025-09-24 14:30:00-04:00,119.96700286865234,120.07498931884766,119.697998046875,119.71700286865234,163282
2025-09-24 15:30:00-04:00,120.38499450683594,120.48199462890625,119.89300537109375,119.99800109863281,168081
2025-09-25 09:30:00-04:00,121.47599792480469,121.55499267578125,119.1510009765625,120.30899810791016,414894
2025-09-25 10:30:00-04:00,121.14300537109375,121.65999603271484,121.0689926147461,121.53099060058594,205793
2025-09-25 11:30:00-04:00,120.78349304199219,121.42156982421875,120.70899963378906,121.19999694824219,107564
2025-09-25 12:30:00-04:00,120.50199890136719,121.010498046875,120.40101623535156,120.82899475097656,90170
2025-09-25 13:30:00-04:00,120.70500183105469,120.72099304199219,120.31501770019531,120.47599792480469,83126
2025-09-25 14:30:00-04:00,120.70600891113281,120.9949951171875,120.55201721191406,120.7280044555664,110535
2025-09-25 15:30:00-04:00,120.75999450683594,120.8810043334961,120.64250183105469,120.770751953125,151909
2025-09-26 09:30:00-04:00,120.2130126953125,121.4000015258789,120.0,120.53900146484375,285145
2025-09-26 10:30:00-04:00,120.81449890136719,120.9000015258789,120.18299865722656,120.25,178509
2025-09-26 11:30:00-04:00,121.0885009765625,121.30000305175781,120.5,120.85400390625,94368
2025-09-26 12:30:00-04:00,121.26985931396484,121.26985931396484,120.79801177978516,121.04399108886719,98487
2025-09-26 13:30:00-04:00,120.94600677490234,121.24000549316406,120.73899841308594,121.22750091552734,83178
2025-09-26 14:30:00-04:00,121.11399841308594,121.26899719238281,121.01499938964844,121.03800201416016,126583
2025-09-26 15:30:00-04:00,121.01700592041016,121.17900085449219,120.8840103149414,121.09000396728516,185431
2025-09-29 09:30:00-04:00,122.15799713134766,122.3189926147461,118.7540054321289,120.5,670965
2025-09-29 10:30:00-04:00,121.2249984741211,122.4439926147461,121.20100402832031,122.10899353027344,166462
2025-09-29 11:30:00-04:00,120.82099914550781,121.45999908447266,120.74800109863281,121.19999694824219,149648
2025-09-29 12:30:00-04:00,120.58100891113281,120.95100402832031,120.2905044555664,120.80400085449219,122398
2025-09-29 13:30:00-04:00,120.18949127197266,120.6310043334961,120.1500015258789,120.62850189208984,150507
2025-09-29 14:30:00-04:00,120.12300109863281,120.33000183105469,120.0,120.12800598144531,171004
2025-09-29 15:30:00-04:00,120.6310043334961,120.64300537109375,119.98750305175781,120.11500549316406,231047
2025-09-30 09:30:00-04:00,118.302001953125,120.8499984741211,117.80000305175781,120.6500015258789,800232
2025-09-30 10:30:00-04:00,118.82499694824219,119.03700256347656,117.98750305175781,118.2970962524414,253120
2025-09-30 11:30:00-04:00,118.87249755859375,119.28499603271484,118.70899963378906,118.84200286865234,139930
2025-09-30 12:30:00-04:00,118.61500549316406,119.08598327636719,118.41999816894531,118.8969955444336,165099
2025-09-30 13:30:00-04:00,119.16650390625,119.2719955444336,118.49000549316406,118.57200622558594,123599
2025-09-30 14:30:00-04:00,119.52400207519531,119.5250015258789,118.94300842285156,119.18299865722656,221456
2025-09-30 15:30:00-04:00,119.90299987792969,119.9739990234375,119.35001373291016,119.5040054321289,304696
2025-10-01 09:30:00-04:00,117.64799499511719,117.84749603271484,116.32099914550781,117.51200103759766,770808
2025-10-01 10:30:00-04:00,116.83799743652344,117.9000015258789,116.5300064086914,117.72950744628906,391377
2025-10-01 11:30:00-04:00,116.84000396728516,117.09898376464844,116.69999694824219,116.85150146484375,266844
2025-10-01 12:30:00-04:00,117.52950286865234,117.5999984741211,116.80999755859375,116.80999755859375,214963
2025-10-01 13:30:00-04:00,117.54000091552734,117.72099304199219,117.14599609375,117.49101257324219,1222900
2025-10-01 14:30:00-04:00,117.0510025024414,117.62850189208984,117.0009994506836,117.54139709472656,345493
2025-10-01 15:30:00-04:00,117.08900451660156,117.18199157714844,116.66400146484375,117.0790023803711,491709
2025-10-02 09:30:00-04:00,114.10350036621094,116.15849304199219,113.4000015258789,116.13800048828125,1856805
2025-10-02 10:30:00-04:00,115.36399841308594,115.37950134277344,113.56999206542969,114.06550598144531,823368
2025-10-02 11:30:00-04:00,115.5009994506836,115.98899841308594,115.31600189208984,115.4000015258789,546902
2025-10-02 12:30:00-04:00,115.8740005493164,115.97499084472656,115.30000305175781,115.50999450683594,246066
2025-10-02 13:30:00-04:00,116.1083755493164,116.2359848022461,115.71101379394531,115.875,284237
2025-10-02 14:30:00-04:00,116.1610107421875,116.24300384521484,115.90000915527344,116.07350158691406,227304
2025-10-02 15:30:00-04:00,116.2300033569336,116.3219985961914,116.0,116.19563293457031,343776
2025-10-03 09:30:00-04:00,115.12349700927734,116.80000305175781,115.0,116.52799987792969,738766
2025-10-03 10:30:00-04:00,115.5545654296875,115.75,114.3219985961914,115.1300048828125,550198
2025-10-03 11:30:00-04:00,115.7660140991211,116.21600341796875,115.5247573852539,115.56175231933594,322033
2025-10-03 12:30:00-04:00,115.51600646972656,115.99898529052734,115.4530029296875,115.781005859375,211062
2025-10-03 13:30:00-04:00,115.50050354003906,115.74000549316406,115.1748046875,115.53299713134766,223111
2025-10-03 14:30:00-04:00,115.21299743652344,115.80000305175781,115.21299743652344,115.5,268000
2025-10-03 15:30:00-04:00,115.33199310302734,115.4000015258789,115.1300048828125,115.20100402832031,283459
2025-10-06 09:30:00-04:00,115.18699645996094,116.21199798583984,115.05000305175781,116.03700256347656,551078
2025-10-06 10:30:00-04:00,115.04000091552734,115.31449890136719,114.5479965209961,115.11000061035156,407082
2025-10-06 11:30:00-04:00,115.0,115.343994140625,114.6989974975586,115.04150390625,240097
2025-10-06 12:30:00-04:00,115.33304595947266,115.4219970703125,114.89875793457031,115.062255859375,151067
2025-10-06 13:30:00-04:00,116.0989990234375,116.197998046875,115.29949951171875,115.30899810791016,233125
2025-10-06 14:30:00-04:00,115.94499206542969,116.34849548339844,115.9000015258789,116.125,197846
2025-10-06 15:30:00-04:00,116.29899597167969,116.35799407958984,115.75389099121094,115.9469985961914,481211
2025-10-07 09:30:00-04:00,118.43399810791016,118.93499755859375,117.77900695800781,117.77900695800781,939528
2025-10-07 10:30:00-04:00,119.68575286865234,120.1364974975586,118.40260314941406,118.43299865722656,757860
2025-10-07 11:30:00-04:00,118.94200134277344,119.73600006103516,118.83100891113281,119.73600006103516,336549
2025-10-07 12:30:00-04:00,118.95500183105469,119.083984375,118.30000305175781,118.92399597167969,254961
2025-10-07 13:30:00-04:00,118.73857116699219,119.08100891113281,118.67399597167969,118.93499755859375,167901
2025-10-07 14:30:00-04:00,118.94100189208984,119.3489990234375,118.66099548339844,118.75688171386719,214320
2025-10-07 15:30:00-04:00,119.15799713134766,119.4050064086914,118.91099548339844,118.99909973144531,311962
2025-10-08 09:30:00-04:00,120.73100280761719,121.0780029296875,119.19999694824219,119.71099853515625,746771
2025-10-08 10:30:00-04:00,120.6810073852539,120.94999694824219,120.1469955444336,120.75174713134766,304303
2025-10-08 11:30:00-04:00,121.1449966430664,121.34599304199219,120.65201568603516,120.74699401855469,246095
2025-10-08 12:30:00-04:00,121.125,121.28199768066406,120.9530029296875,121.12800598144531,159531
2025-10-08 13:30:00-04:00,121.07208251953125,121.43000793457031,121.03299713134766,121.125,292542
2025-10-08 14:30:00-04:00,121.29150390625,121.33000183105469,121.05999755859375,121.11100006103516,148260
2025-10-08 15:30:00-04:00,121.4260025024414,121.69999694824219,121.1719970703125,121.29100036621094,470143
2025-10-09 09:30:00-04:00,122.97093200683594,123.25899505615234,121.20001220703125,121.47900390625,774249
2025-10-09 10:30:00-04:00,123.2040023803711,123.21400451660156,122.59300231933594,122.9530029296875,333824
2025-10-09 11:30:00-04:00,123.1050033569336,123.20450592041016,122.52717590332031,123.20050048828125,198326
2025-10-09 12:30:00-04:00,123.56199645996094,123.69099426269531,122.90000915527344,123.09952545166016,391226
2025-10-09 13:30:00-04:00,123.34596252441406,123.68900299072266,123.20001220703125,123.56800842285156,229836
2025-10-09 14:30:00-04:00,123.50550842285156,123.75,123.37199401855469,123.40299987792969,220644
2025-10-09 15:30:00-04:00,123.16899108886719,123.55400085449219,123.00300598144531,123.5040054321289,396569
2025-10-10 09:30:00-04:00,124.32499694824219,124.69999694824219,122.85533142089844,123.0,611640
2025-10-10 10:30:00-04:00,123.57499694824219,124.69999694824219,123.3800048828125,124.33000183105469,659137
2025-10-10 11:30:00-04:00,124.0086441040039,124.5510025024414,122.88800048828125,123.57600402832031,528334
2025-10-10 12:30:00-04:00,122.98411560058594,124.26130676269531,122.7020034790039,124.00699615478516,414700
2025-10-10 13:30:00-04:00,122.66641998291016,123.375,122.5060043334961,122.9749984741211,304416
2025-10-10 14:30:00-04:00,122.665283203125,122.93199157714844,122.33399963378906,122.65550231933594,458893
2025-10-10 15:30:00-04:00,122.00799560546875,122.7040023803711,121.90999603271484,122.7040023803711,570564
2025-10-13 09:30:00-04:00,122.73600769042969,123.11199951171875,120.6810073852539,122.19300842285156,591757
2025-10-13 10:30:00-04:00,122.3165054321289,123.09898376464844,121.927001953125,122.73600006103516,243480
2025-10-13 11:30:00-04:00,122.41949462890625,122.625,122.0300064086914,122.3810043334961,187927
2025-10-13 12:30:00-04:00,122.02549743652344,122.4990005493164,121.822998046875,122.3270034790039,172973
2025-10-13 13:30:00-04:00,121.9209976196289,122.2094955444336,121.81800842285156,122.06449890136719,178239
2025-10-13 14:30:00-04:00,122.07499694824219,122.19300842285156,121.656005859375,121.90899658203125,167378
2025-10-13 15:30:00-04:00,121.86500549316406,122.31135559082031,121.82000732421875,122.10550689697266,268263
2025-10-14 09:30:00-04:00,121.51100158691406,121.54150390625,120.30999755859375,121.4749984741211,595882
2025-10-14 10:30:00-04:00,121.60200500488281,122.23699951171875,121.3363037109375,121.51300048828125,266233
2025-10-14 11:30:00-04:00,122.2760009765625,122.38899993896484,121.5479965209961,121.69300842285156,203833
2025-10-14 12:30:00-04:00,121.82649993896484,122.42899322509766,121.73100280761719,122.38700103759766,163728
2025-10-14 13:30:00-04:00,122.0009994506836,122.2459945678711,121.68599700927734,121.8219985961914,154383
2025-10-14 14:30:00-04:00,121.58399963378906,122.05400085449219,121.4439926147461,122.0009994506836,178803
2025-10-14 15:30:00-04:00,121.572998046875,121.61800384521484,121.0009994506836,121.61650085449219,382074
2025-10-15 09:30:00-04:00,121.41500091552734,121.80000305175781,120.5999984741211,121.3010025024414,417645
2025-10-15 10:30:00-04:00,121.6810073852539,121.96199798583984,121.22900390625,121.48750305175781,235499
2025-10-15 11:30:00-04:00,121.19999694824219,121.9104995727539,121.19999694824219,121.68499755859375,217204
2025-10-15 12:30:00-04:00,120.54212951660156,121.32099914550781,120.3373031616211,121.18599700927734,190657
2025-10-15 13:30:00-04:00,120.39649963378906,121.03299713134766,120.32099914550781,120.61149597167969,146139
2025-10-15 14:30:00-04:00,120.75679779052734,120.81318664550781,120.35699462890625,120.35699462890625,142725
2025-10-15 15:30:00-04:00,120.3290023803711,120.8530044555664,120.16700744628906,120.7959976196289,247509
2025-10-16 09:30:00-04:00,120.03199768066406,121.6709976196289,119.82167053222656,121.21500396728516,600363
2025-10-16 10:30:00-04:00,119.52799987792969,120.86600494384766,119.5270004272461,119.98199462890625,338437
2025-10-16 11:30:00-04:00,118.906005859375,119.63499450683594,118.82637023925781,119.5,347924
2025-10-16 12:30:00-04:00,118.87699890136719,118.99699401855469,118.11258697509766,118.85099792480469,336606
2025-10-16 13:30:00-04:00,118.01573181152344,118.958984375,117.79100036621094,118.87699890136719,239168
2025-10-16 14:30:00-04:00,117.94000244140625,118.25,117.6155014038086,117.94100189208984,239063
2025-10-16 15:30:00-04:00,118.32249450683594,118.51249694824219,117.78499603271484,117.96299743652344,406051
2025-10-17 09:30:00-04:00,119.46199798583984,119.5999984741211,117.89599609375,118.36000061035156,659310
2025-10-17 10:30:00-04:00,118.99300384521484,119.7041015625,118.88199615478516,119.447998046875,471388
2025-10-17 11:30:00-04:00,119.7249984741211,119.91319274902344,118.55899810791016,118.99200439453125,383715
2025-10-17 12:30:00-04:00,119.42850494384766,120.01600646972656,119.3010025024414,119.7645034790039,195281
2025-10-17 13:30:00-04:00,120.125,120.17500305175781,119.46099853515625,119.50599670410156,303805
2025-10-17 14:30:00-04:00,120.12874603271484,120.31199645996094,119.89457702636719,120.11299896240234,239302
2025-10-17 15:30:00-04:00,119.93699645996094,120.13600158691406,119.8790054321289,120.01499938964844,270817
2025-10-20 09:30:00-04:00,122.4749984741211,122.6240005493164,120.69000244140625,120.7874984741211,1115449
2025-10-20 10:30:00-04:00,123.3936996459961,123.43000793457031,122.3530044555664,122.53399658203125,452425
2025-10-20 11:30:00-04:00,123.552001953125,123.6500015258789,123.1449966430664,123.42327880859375,353208
2025-10-20 12:30:00-04:00,124.09957122802734,124.1449966430664,123.48200988769531,123.57499694824219,301028
2025-10-20 13:30:00-04:00,124.51710510253906,124.7760009765625,124.0479965209961,124.13639831542969,389727
2025-10-20 14:30:00-04:00,123.99360656738281,124.5250015258789,123.7040023803711,124.52378845214844,383346
2025-10-20 15:30:00-04:00,123.89799499511719,124.16850280761719,123.69999694824219,123.99849700927734,383592
2025-10-21 09:30:00-04:00,123.81800842285156,124.8599853515625,123.17750549316406,124.19999694824219,1122008
2025-10-21 10:30:00-04:00,123.96299743652344,124.16999816894531,123.63999938964844,123.81700134277344,436881
2025-10-21 11:30:00-04:00,124.17049407958984,124.41500091552734,123.9487533569336,123.96700286865234,436101
2025-10-21 12:30:00-04:00,124.09449768066406,124.39300537109375,123.94255065917969,124.17399597167969,349290
2025-10-21 13:30:00-04:00,124.13299560546875,124.36199951171875,124.0770034790039,124.0914077758789,341540
2025-10-21 14:30:00-04:00,124.09700012207031,124.39900207519531,123.99000549316406,124.1395034790039,591637
2025-10-21 15:30:00-04:00,124.1780014038086,124.3000259399414,123.9000015258789,124.03489685058594,772283
2025-10-22 09:30:00-04:00,112.27299499511719,115.75,112.23899841308594,114.33599853515625,5915248
2025-10-22 10:30:00-04:00,111.74200439453125,112.5469970703125,111.46500396728516,112.3280029296875,2607312
2025-10-22 11:30:00-04:00,111.90150451660156,112.4520034790039,111.5783462524414,111.7385025024414,1299285
2025-10-22 12:30:00-04:00,111.54449462890625,111.95399475097656,111.25190734863281,111.89200592041016,1209837
2025-10-22 13:30:00-04:00,112.33599853515625,112.36800384521484,111.44999694824219,111.54399108886719,1022550
2025-10-22 14:30:00-04:00,111.62950134277344,112.58499908447266,111.55999755859375,112.31400299072266,964885
2025-10-22 15:30:00-04:00,111.66899108886719,112.14723205566406,111.51579284667969,111.65400695800781,1005395
2025-10-23 09:30:00-04:00,111.0844955444336,112.78285217285156,110.68900299072266,112.69000244140625,2028338
2025-10-23 10:30:00-04:00,110.5369873046875,111.5479965209961,110.35200500488281,111.07501220703125,867873
2025-10-23 11:30:00-04:00,110.85450744628906,110.86399841308594,109.9729995727539,110.5,1203518
2025-10-23 12:30:00-04:00,111.13299560546875,111.6500015258789,110.71099853515625,110.84959411621094,834786
2025-10-23 13:30:00-04:00,111.60600280761719,111.7280044555664,111.13399505615234,111.17253112792969,524860
2025-10-23 14:30:00-04:00,111.52799987792969,111.77799987792969,111.3330078125,111.60980224609375,465731
2025-10-23 15:30:00-04:00,111.31999206542969,111.72900390625,111.30000305175781,111.55999755859375,533684
2025-10-24 09:30:00-04:00,110.87031555175781,111.44999694824219,109.64749908447266,111.0999984741211,1731700
2025-10-24 10:30:00-04:00,109.85152435302734,110.89798736572266,109.45100402832031,110.89798736572266,993238
2025-10-24 11:30:00-04:00,110.22320556640625,110.27799224853516,109.51100158691406,109.875,634239
2025-10-24 12:30:00-04:00,110.22502136230469,110.57498931884766,110.21728515625,110.2385025024414,504246
2025-10-24 13:30:00-04:00,110.1500015258789,110.34999084472656,109.9749984741211,110.24200439453125,378292
2025-10-24 14:30:00-04:00,109.9699935913086,110.23600006103516,109.82600402832031,110.18000793457031,491231
2025-10-24 15:30:00-04:00,109.46800231933594,109.94999694824219,109.44100189208984,109.94000244140625,724433
2025-10-27 09:30:00-04:00,109.4959945678711,110.06700134277344,108.7300033569336,110.06700134277344,1483810
2025-10-27 10:30:00-04:00,110.10649108886719,110.22499084472656,109.45600891113281,109.45600891113281,673129
2025-10-27 11:30:00-04:00,109.79449462890625,110.1469955444336,109.5160140991211,110.1469955444336,365850
2025-10-27 12:30:00-04:00,109.99100494384766,110.18499755859375,109.79449462890625,109.79449462890625,307730
2025-10-27 13:30:00-04:00,110.0,110.14798736572266,109.8860092163086,110.0,251481
2025-10-27 14:30:00-04:00,109.74300384521484,110.05799865722656,109.7020034790039,109.96501159667969,359256
2025-10-27 15:30:00-04:00,109.43000793457031,109.73699951171875,109.37001037597656,109.718994140625,544448
2025-10-28 09:30:00-04:00,110.90301513671875,111.69798278808594,109.30082702636719,109.4020004272461,1299551
2025-10-28 10:30:00-04:00,110.32600402832031,110.9195785522461,110.0999984741211,110.90301513671875,427178
2025-10-28 11:30:00-04:00,110.1296157836914,110.3280029296875,109.8110122680664,110.3280029296875,318734
2025-10-28 12:30:00-04:00,110.3755111694336,110.56199645996094,109.86000061035156,110.1290054321289,368228
2025-10-28 13:30:00-04:00,110.94999694824219,111.0790023803711,110.3699951171875,110.3699951171875,391136
2025-10-28 14:30:00-04:00,110.76800537109375,111.14898681640625,110.2280044555664,110.93900299072266,431355
2025-10-28 15:30:00-04:00,110.2509994506836,110.79100036621094,110.19999694824219,110.76600646972656,448157
2025-10-29 09:30:00-04:00,110.64300537109375,110.822998046875,109.5999984741211,109.90999603271484,778803
2025-10-29 10:30:00-04:00,110.22300720214844,110.75,109.80000305175781,110.65299987792969,351267
2025-10-29 11:30:00-04:00,110.35099792480469,110.45499420166016,110.13499450683594,110.22300720214844,215873
2025-10-29 12:30:00-04:00,109.8969955444336,110.37800598144531,109.68199157714844,110.33695220947266,315000
2025-10-29 13:30:00-04:00,110.27400207519531,110.36698913574219,109.7724609375,109.85799407958984,266108
2025-10-29 14:30:00-04:00,109.90999603271484,110.37249755859375,109.7249984741211,110.23799896240234,261804
2025-10-29 15:30:00-04:00,110.03900146484375,110.25999450683594,109.7592544555664,109.93598937988281,587656
2025-10-30 09:30:00-04:00,110.0060043334961,110.61299896240234,108.93599700927734,109.5,532362
2025-10-30 10:30:00-04:00,109.2712173461914,110.0989990234375,109.09749603271484,110.01499938964844,255374
2025-10-30 11:30:00-04:00,109.54344177246094,109.5999984741211,108.98199462890625,109.24699401855469,238272
2025-10-30 12:30:00-04:00,109.72049713134766,109.79899597167969,109.28050231933594,109.50450134277344,191580
2025-10-30 13:30:00-04:00,110.04974365234375,110.23199462890625,109.64344787597656,109.76100158691406,163544
2025-10-30 14:30:00-04:00,109.25899505615234,110.08199310302734,109.23050689697266,110.01350402832031,184197
2025-10-30 15:30:00-04:00,108.89310455322266,109.40999603271484,108.81099700927734,109.260498046875,346801
2025-10-31 09:30:00-04:00,112.4949951171875,112.88700103759766,110.197998046875,110.53900146484375,1463535
2025-10-31 10:30:00-04:00,112.95854187011719,113.48799896240234,112.49114990234375,112.49114990234375,695053
2025-10-31 11:30:00-04:00,112.42500305175781,113.2344970703125,112.31001281738281,112.99000549316406,468438
2025-10-31 12:30:00-04:00,112.42149353027344,112.7750015258789,112.15201568603516,112.43699645996094,301644
2025-10-31 13:30:00-04:00,111.9260025024414,112.51300048828125,111.83100891113281,112.46299743652344,260275
2025-10-31 14:30:00-04:00,112.40299987792969,112.47099304199219,111.7300033569336,111.89300537109375,344821
2025-10-31 15:30:00-04:00,111.91300201416016,112.42242431640625,111.73799896240234,112.41180419921875,542610
2025-11-03 09:30:00-05:00,109.96817779541016,113.3499984741211,109.8949966430664,113.30999755859375,989317
2025-11-03 10:30:00-05:00,108.04399108886719,110.34809875488281,107.93199157714844,109.9532470703125,785387
2025-11-03 11:30:00-05:00,108.98500061035156,108.9990005493164,107.51499938964844,107.9959945678711,595383
2025-11-03 12:30:00-05:00,109.35200500488281,109.46700286865234,108.85899353027344,108.97049713134766,310840
2025-11-03 13:30:00-05:00,109.58000183105469,109.68399810791016,109.25080871582031,109.38099670410156,261430
2025-11-03 14:30:00-05:00,109.92500305175781,109.9699935913086,109.26600646972656,109.552001953125,238988
2025-11-03 15:30:00-05:00,109.95699310302734,110.0300064086914,109.60749816894531,109.92399597167969,281103
2025-11-04 09:30:00-05:00,109.8313980102539,110.42500305175781,108.9219970703125,109.92850494384766,626099
2025-11-04 10:30:00-05:00,109.25550842285156,110.3499984741211,109.16999816894531,109.82099914550781,300006
2025-11-04 11:30:00-05:00,109.50699615478516,109.6719970703125,109.11100006103516,109.23600006103516,226854
2025-11-04 12:30:00-05:00,109.2719955444336,109.57740783691406,109.07624816894531,109.5009994506836,172470
2025-11-04 13:30:00-05:00,109.07249450683594,109.531005859375,108.84700012207031,109.2540054321289,257143
2025-11-04 14:30:00-05:00,108.83100891113281,109.16999816894531,108.66800689697266,109.09100341796875,290816
2025-11-04 15:30:00-05:00,109.29000091552734,109.31600189208984,108.73799896240234,108.83100891113281,273278
2025-11-05 09:30:00-05:00,108.65450286865234,108.83599853515625,107.3370132446289,108.4939956665039,638609
2025-11-05 10:30:00-05:00,108.9074935913086,109.0199966430664,108.4104232788086,108.63899993896484,223480
2025-11-05 11:30:00-05:00,109.73649597167969,110.08199310302734,108.50999450683594,108.91200256347656,402528
2025-11-05 12:30:00-05:00,109.26600646972656,109.96099853515625,108.96500396728516,109.73649597167969,215834
2025-11-05 13:30:00-05:00,109.32015228271484,109.61800384521484,109.20999908447266,109.25,151367
2025-11-05 14:30:00-05:00,109.39595794677734,109.54698181152344,109.13189697265625,109.31550598144531,165530
2025-11-05 15:30:00-05:00,109.84599304199219,109.94999694824219,109.3499984741211,109.38299560546875,286006
2025-11-06 09:30:00-05:00,109.306396484375,109.90049743652344,108.57499694824219,109.51399993896484,499328
2025-11-06 10:30:00-05:00,110.08299255371094,110.32099914550781,109.24300384521484,109.3395004272461,370479
2025-11-06 11:30:00-05:00,110.21800231933594,110.3699951171875,109.71500396728516,110.08399963378906,266958
2025-11-06 12:30:00-05:00,109.40999603271484,110.30699157714844,109.17350006103516,110.20799255371094,186616
2025-11-06 13:30:00-05:00,109.02950286865234,109.4530029296875,108.51300048828125,109.41700744628906,290539
2025-11-06 14:30:00-05:00,109.30799865722656,109.44512939453125,108.79100036621094,109.05155181884766,178280
2025-11-06 15:30:00-05:00,109.73899841308594,109.85899353027344,109.20001220703125,109.3280029296875,420333
2025-11-07 09:30:00-05:00,110.15699768066406,110.8219985961914,108.7800064086914,109.4175033569336,555821
2025-11-07 10:30:00-05:00,109.23899841308594,110.38899993896484,109.03800964355469,110.15899658203125,309383
2025-11-07 11:30:00-05:00,109.06939697265625,109.70600891113281,108.76700592041016,109.22149658203125,253578
2025-11-07 12:30:00-05:00,109.5530014038086,109.57598876953125,108.75,109.0879898071289,236611
2025-11-07 13:30:00-05:00,109.61100006103516,109.7083740234375,109.2750015258789,109.55500793457031,144383
2025-11-07 14:30:00-05:00,110.13899993896484,110.3290023803711,109.58100891113281,109.61000061035156,259746
2025-11-07 15:30:00-05:00,110.33799743652344,110.4439926147461,109.80500793457031,110.13999938964844,278871
2025-11-10 09:30:00-05:00,112.47950744628906,112.8189926147461,110.41130065917969,110.70999908447266,720526
2025-11-10 10:30:00-05:00,111.66300201416016,112.71549987792969,111.46299743652344,112.4800033569336,257424
2025-11-10 11:30:00-05:00,111.6839828491211,112.2249984741211,111.6249771118164,111.66300201416016,175811
2025-11-10 12:30:00-05:00,111.56300354003906,111.87271881103516,111.43299865722656,111.66664123535156,162437
2025-11-10 13:30:00-05:00,111.55999755859375,111.81800842285156,111.52900695800781,111.56500244140625,171050
2025-11-10 14:30:00-05:00,112.06599426269531,112.447998046875,111.2560043334961,111.55400085449219,256469
2025-11-10 15:30:00-05:00,112.00199890136719,112.39200592041016,111.90299987792969,112.05000305175781,308412
2025-11-11 09:30:00-05:00,112.35099792480469,113.56800842285156,111.2800064086914,111.875,559122
2025-11-11 10:30:00-05:00,112.5060043334961,112.89200592041016,112.25699615478516,112.33299255371094,176573
2025-11-11 11:30:00-05:00,112.41899108886719,112.55899810791016,111.88999938964844,112.49949645996094,181061
2025-11-11 12:30:00-05:00,113.0689926147461,113.19999694824219,112.40699768066406,112.40699768066406,208729
2025-11-11 13:30:00-05:00,113.2750015258789,113.5999984741211,113.06099700927734,113.08199310302734,212113
2025-11-11 14:30:00-05:00,113.65400695800781,113.74998474121094,113.23199462890625,113.2729263305664,195835
2025-11-11 15:30:00-05:00,113.65999603271484,113.92198181152344,113.4885025024414,113.65899658203125,966986
2025-11-12 09:30:00-05:00,113.90799713134766,114.15299987792969,112.8270034790039,113.81700134277344,409424
2025-11-12 10:30:00-05:00,114.10400390625,114.1500015258789,113.61500549316406,113.88850402832031,313260
2025-11-12 11:30:00-05:00,115.04399108886719,115.05999755859375,114.0770034790039,114.11940002441406,294275
2025-11-12 12:30:00-05:00,115.66949462890625,115.83499908447266,115.02400207519531,115.04399108886719,434977
2025-11-12 13:30:00-05:00,115.4482421875,115.80000305175781,115.26200103759766,115.66231536865234,257867
2025-11-12 14:30:00-05:00,116.11800384521484,116.19999694824219,115.35699462890625,115.46099853515625,313820
2025-11-12 15:30:00-05:00,115.76750183105469,116.4339828491211,115.46800231933594,116.10600280761719,408535
2025-11-13 09:30:00-05:00,116.1364974975586,116.73299407958984,114.73299407958984,115.8499984741211,589184
2025-11-13 10:30:00-05:00,115.27299499511719,116.28999328613281,114.5689926147461,116.13749694824219,392286
2025-11-13 11:30:00-05:00,115.53800201416016,115.625,115.1189956665039,115.2354965209961,252707
2025-11-13 12:30:00-05:00,115.31500244140625,115.7540054321289,114.6290054321289,115.50699615478516,196956
2025-11-13 13:30:00-05:00,115.35600280761719,115.39250183105469,114.75789642333984,115.29949951171875,250436
2025-11-13 14:30:00-05:00,115.44599914550781,115.7490005493164,115.18499755859375,115.3449935913086,230750
2025-11-13 15:30:00-05:00,115.45899963378906,115.79300689697266,115.18499755859375,115.46299743652344,341470
2025-11-14 09:30:00-05:00,111.63600158691406,114.22200012207031,110.72099304199219,114.22200012207031,866222
2025-11-14 10:30:00-05:00,111.52923583984375,112.24200439453125,111.11399841308594,111.63800048828125,399880
2025-11-14 11:30:00-05:00,111.73699951171875,112.00199890136719,110.92399597167969,111.52850341796875,371035
2025-11-14 12:30:00-05:00,112.0979995727539,112.23299407958984,111.46700286865234,111.74699401855469,245943
2025-11-14 13:30:00-05:00,112.55699157714844,112.56370544433594,111.58000183105469,112.093994140625,223313
2025-11-14 14:30:00-05:00,111.9439926147461,112.7800064086914,111.8060073852539,112.5541000366211,261411
2025-11-14 15:30:00-05:00,111.260498046875,112.01298522949219,111.0260009765625,111.93199157714844,418030
2025-11-17 09:30:00-05:00,111.02999877929688,111.8499984741211,110.06999969482422,110.77999877929688,4796429
2025-11-17 10:30:00-05:00,110.37000274658203,111.37000274658203,109.62999725341797,111.02580261230469,2212014
2025-11-17 11:30:00-05:00,111.20999908447266,111.47000122070312,110.30999755859375,110.36990356445312,1724155
2025-11-17 12:30:00-05:00,110.5947036743164,111.28990173339844,110.4000015258789,111.2300033569336,997802
2025-11-17 13:30:00-05:00,109.85820007324219,110.80999755859375,109.69100189208984,110.58000183105469,1393752
2025-11-17 14:30:00-05:00,110.23500061035156,110.47000122070312,109.55000305175781,109.8550033569336,1543491
2025-11-17 15:30:00-05:00,110.33000183105469,110.54900360107422,109.66999816894531,110.25,2103861
2025-11-18 09:30:00-05:00,111.8499984741211,112.9800033569336,109.19999694824219,110.29000091552734,6586155
2025-11-18 10:30:00-05:00,112.47000122070312,112.61000061035156,111.2699966430664,111.83999633789062,2823663
2025-11-18 11:30:00-05:00,112.48999786376953,113.33910369873047,112.33999633789062,112.47000122070312,2699207
2025-11-18 12:30:00-05:00,114.2699966430664,115.11000061035156,112.23999786376953,112.4800033569336,3973473
2025-11-18 13:30:00-05:00,114.125,114.94999694824219,113.87999725341797,114.2750015258789,2568106
2025-11-18 14:30:00-05:00,114.44999694824219,114.77999877929688,114.0,114.13990020751953,2438589
2025-11-18 15:30:00-05:00,114.05000305175781,115.25,113.9000015258789,114.45999908447266,3953458
2025-11-19 09:30:00-05:00,111.04000091552734,113.33999633789062,110.33999633789062,112.81999969482422,5734565
2025-11-19 10:30:00-05:00,109.9800033569336,111.4000015258789,109.63999938964844,111.04000091552734,2780630
2025-11-19 11:30:00-05:00,109.68000030517578,110.20989990234375,109.37000274658203,109.9749984741211,1872787
2025-11-19 12:30:00-05:00,108.79499816894531,109.77999877929688,108.61000061035156,109.68000030517578,2032322
2025-11-19 13:30:00-05:00,109.37999725341797,109.81999969482422,108.75,108.77999877929688,1504416
2025-11-19 14:30:00-05:00,110.16999816894531,110.37999725341797,109.16000366210938,109.37239837646484,1717415
2025-11-19 15:30:00-05:00,109.97000122070312,110.54000091552734,109.9000015258789,110.18000030517578,2392315
2025-11-20 09:30:00-05:00,109.16999816894531,111.0999984741211,107.83999633789062,110.9800033569336,5888910
2025-11-20 10:30:00-05:00,108.31500244140625,109.87000274658203,108.12999725341797,109.16179656982422,3127305
2025-11-20 11:30:00-05:00,107.44000244140625,108.5,106.58999633789062,108.29000091552734,3165668
2025-11-20 12:30:00-05:00,107.16999816894531,107.56999969482422,106.55000305175781,107.44000244140625,2154562
2025-11-20 13:30:00-05:00,106.6449966430664,107.24500274658203,106.0199966430664,107.12999725341797,1881617
2025-11-20 14:30:00-05:00,106.38999938964844,106.8550033569336,106.08999633789062,106.62999725341797,1980984
2025-11-20 15:30:00-05:00,105.66000366210938,106.53299713134766,105.38999938964844,106.37999725341797,2898497
2025-11-21 09:30:00-05:00,105.88999938964844,106.52999877929688,104.4000015258789,105.0,5084200
2025-11-21 10:30:00-05:00,105.23999786376953,106.0,104.80999755859375,105.88999938964844,2461936
2025-11-21 11:30:00-05:00,105.22000122070312,105.54000091552734,104.95999908447266,105.23999786376953,2552825
2025-11-21 12:30:00-05:00,104.94499969482422,105.69000244140625,104.80000305175781,105.20999908447266,1815537
2025-11-21 13:30:00-05:00,105.28600311279297,105.6500015258789,104.81999969482422,104.93000030517578,2501464
2025-11-21 14:30:00-05:00,104.92500305175781,105.45999908447266,104.79000091552734,105.27999877929688,2592012
2025-11-21 15:30:00-05:00,104.3499984741211,105.04000091552734,103.80999755859375,104.91999816894531,4721737
2025-11-24 09:30:00-05:00,104.33499908447266,105.12999725341797,103.31999969482422,104.25,5611699
2025-11-24 10:30:00-05:00,104.38500213623047,104.47000122070312,103.80000305175781,104.33999633789062,2464690
2025-11-24 11:30:00-05:00,104.35990142822266,104.51000213623047,103.8499984741211,104.38500213623047,2043279
2025-11-24 12:30:00-05:00,104.41000366210938,104.48999786376953,103.95010375976562,104.33999633789062,2042267
2025-11-24 13:30:00-05:00,104.93000030517578,104.93000030517578,104.2300033569336,104.41999816894531,1552747
2025-11-24 14:30:00-05:00,104.56999969482422,104.94000244140625,104.16000366210938,104.93000030517578,2548591
2025-11-24 15:30:00-05:00,107.0199966430664,108.0199966430664,104.30999755859375,104.58000183105469,10800795
2025-11-25 09:30:00-05:00,104.6449966430664,106.30000305175781,104.20999908447266,106.12000274658203,4578886
2025-11-25 10:30:00-05:00,104.4800033569336,104.81999969482422,104.0,104.6500015258789,2041834
2025-11-25 11:30:00-05:00,104.93000030517578,105.0199966430664,104.2699966430664,104.4800033569336,1766192
2025-11-25 12:30:00-05:00,104.70500183105469,105.20099639892578,104.68000030517578,104.94000244140625,1741808
2025-11-25 13:30:00-05:00,104.44000244140625,105.0,104.30999755859375,104.70999908447266,1637720
2025-11-25 14:30:00-05:00,104.49349975585938,104.55500030517578,104.30000305175781,104.44499969482422,1399600
2025-11-25 15:30:00-05:00,104.30999755859375,104.66000366210938,103.81999969482422,104.48999786376953,4185784
2025-11-26 09:30:00-05:00,106.08999633789062,106.80000305175781,105.22000122070312,105.76000213623047,5155578
2025-11-26 10:30:00-05:00,106.30000305175781,106.66999816894531,106.04000091552734,106.08999633789062,2328286
2025-11-26 11:30:00-05:00,106.61000061035156,106.94999694824219,106.02999877929688,106.30000305175781,1699400
2025-11-26 12:30:00-05:00,106.45500183105469,106.6500015258789,106.01000213623047,106.625,1311396
2025-11-26 13:30:00-05:00,106.21009826660156,106.5250015258789,106.05000305175781,106.46219635009766,1083115
2025-11-26 14:30:00-05:00,105.86499786376953,106.33999633789062,105.81999969482422,106.22000122070312,1436535
2025-11-26 15:30:00-05:00,106.12000274658203,106.22000122070312,105.8499984741211,105.86100006103516,1782615
2025-11-28 09:30:00-05:00,107.44000244140625,107.55000305175781,106.25,106.5,3326926
2025-11-28 10:30:00-05:00,107.44000244140625,107.88999938964844,107.12000274658203,107.43499755859375,1870904
2025-11-28 11:30:00-05:00,107.5250015258789,107.94000244140625,107.37999725341797,107.44000244140625,1473899
2025-12-01 09:30:00-05:00,107.91000366210938,108.43000030517578,106.30999755859375,106.5,3141668
2025-12-01 10:30:00-05:00,108.38009643554688,108.73999786376953,107.72000122070312,107.90499877929688,1918590
2025-12-01 11:30:00-05:00,108.55999755859375,108.80500030517578,108.30999755859375,108.4000015258789,1236410
2025-12-01 12:30:00-05:00,108.90660095214844,109.13999938964844,108.4749984741211,108.55999755859375,1329305
2025-12-01 13:30:00-05:00,108.61000061035156,108.93000030517578,108.52999877929688,108.9000015258789,984482
2025-12-01 14:30:00-05:00,109.05999755859375,109.18000030517578,108.44000244140625,108.5999984741211,1425883
2025-12-01 15:30:00-05:00,109.19000244140625,109.33000183105469,108.73580169677734,109.05500030517578,2409885
2025-12-02 09:30:00-05:00,108.16500091552734,109.20999908447266,107.94999694824219,109.20500183105469,3856657
2025-12-02 10:30:00-05:00,107.92500305175781,108.62999725341797,107.81999969482422,108.16000366210938,1887054
2025-12-02 11:30:00-05:00,108.44999694824219,108.44999694824219,107.5199966430664,107.91999816894531,1634196
2025-12-02 12:30:00-05:00,108.95999908447266,109.16999816894531,108.45149993896484,108.45999908447266,1377594
2025-12-02 13:30:00-05:00,109.31999969482422,109.45999908447266,108.76000213623047,108.95500183105469,1523039
2025-12-02 14:30:00-05:00,109.54000091552734,109.62999725341797,109.2750015258789,109.31999969482422,1194338
2025-12-02 15:30:00-05:00,109.33499908447266,109.7300033569336,109.16000366210938,109.54499816894531,1879108
2025-12-03 09:30:00-05:00,102.86499786376953,106.87000274658203,102.02999877929688,106.57499694824219,11991978
2025-12-03 10:30:00-05:00,103.50499725341797,103.73999786376953,102.51000213623047,102.87000274658203,5459911
2025-12-03 11:30:00-05:00,103.80000305175781,103.83999633789062,103.20999908447266,103.50499725341797,2795629
2025-12-03 12:30:00-05:00,103.56500244140625,103.81999969482422,103.3499984741211,103.80000305175781,2449917
2025-12-03 13:30:00-05:00,103.39990234375,103.66449737548828,103.08000183105469,103.56999969482422,2592187
2025-12-03 14:30:00-05:00,104.18499755859375,104.30999755859375,103.33999633789062,103.3949966430664,3564960
2025-12-03 15:30:00-05:00,103.97000122070312,104.27999877929688,103.5999984741211,104.18000030517578,4121724
2025-12-04 09:30:00-05:00,102.54000091552734,103.63999938964844,102.26000213623047,103.48500061035156,9053564
2025-12-04 10:30:00-05:00,102.12000274658203,102.83999633789062,102.06999969482422,102.53500366210938,5711567
2025-12-04 11:30:00-05:00,102.27999877929688,102.54000091552734,101.7699966430664,102.11499786376953,4164476
2025-12-04 12:30:00-05:00,102.96890258789062,103.11000061035156,102.20999908447266,102.28500366210938,3153877
2025-12-04 13:30:00-05:00,103.06500244140625,103.29000091552734,102.80999755859375,102.96499633789062,2575441
2025-12-04 14:30:00-05:00,103.4197998046875,103.55000305175781,103.02999877929688,103.05999755859375,2127964
2025-12-04 15:30:00-05:00,103.22000122070312,103.80000305175781,102.79000091552734,103.41000366210938,3921154
2025-12-05 09:30:00-05:00,104.66500091552734,104.7300033569336,97.73999786376953,98.69000244140625,29574869
2025-12-05 10:30:00-05:00,100.5199966430664,104.79000091552734,100.43000030517578,104.66000366210938,14309801
2025-12-05 11:30:00-05:00,99.94999694824219,100.72000122070312,99.5,100.5,11059580
2025-12-05 12:30:00-05:00,99.68499755859375,100.18000030517578,99.3499984741211,99.95500183105469,8049901
2025-12-05 13:30:00-05:00,100.375,100.63490295410156,99.41999816894531,99.68990325927734,8006199
2025-12-05 14:30:00-05:00,100.61000061035156,100.9800033569336,100.1500015258789,100.37999725341797,8070497
2025-12-05 15:30:00-05:00,100.2300033569336,100.66000366210938,99.75,100.61000061035156,7964291
2025-12-08 09:30:00-05:00,95.82530212402344,99.81999969482422,95.78500366210938,99.79000091552734,18330581
2025-12-08 10:30:00-05:00,95.92500305175781,96.56999969482422,95.30000305175781,95.81999969482422,12653429
2025-12-08 11:30:00-05:00,96.11199951171875,96.52999877929688,95.51000213623047,95.93000030517578,7657343
2025-12-08 12:30:00-05:00,95.66000366210938,96.23999786376953,95.55000305175781,96.12000274658203,5494339
2025-12-08 13:30:00-05:00,96.31500244140625,96.50499725341797,95.44999694824219,95.6500015258789,6449408
2025-12-08 14:30:00-05:00,96.95999908447266,97.02999877929688,96.0199966430664,96.31500244140625,7141535
2025-12-08 15:30:00-05:00,96.83999633789062,97.04000091552734,96.23999786376953,96.95999908447266,5815091
2025-12-09 09:30:00-05:00,96.6449966430664,97.11000061035156,96.2300033569336,96.79000091552734,7862597
2025-12-09 10:30:00-05:00,96.06500244140625,96.71499633789062,95.87999725341797,96.6449966430664,4915351
2025-12-09 11:30:00-05:00,95.92500305175781,96.62999725341797,95.76000213623047,96.06500244140625,4367552
2025-12-09 12:30:00-05:00,95.78379821777344,96.06999969482422,95.44999694824219,95.92500305175781,4083576
2025-12-09 13:30:00-05:00,96.58989715576172,97.19000244140625,95.75,95.78379821777344,5067300
2025-12-09 14:30:00-05:00,96.8499984741211,96.93000030517578,96.3499984741211,96.58000183105469,3500625
2025-12-09 15:30:00-05:00,96.70999908447266,97.23999786376953,96.44000244140625,96.8499984741211,4138582
2025-12-10 09:30:00-05:00,95.5250015258789,96.95999908447266,95.08000183105469,96.73500061035156,8028921
2025-12-10 10:30:00-05:00,94.94999694824219,95.56780242919922,94.62999725341797,95.5199966430664,6148312
2025-12-10 11:30:00-05:00,94.79000091552734,95.05999755859375,94.56999969482422,94.95500183105469,3158059
2025-12-10 12:30:00-05:00,94.22000122070312,94.81999969482422,94.16000366210938,94.78500366210938,4973469
2025-12-10 13:30:00-05:00,93.4749984741211,94.27999877929688,93.3499984741211,94.22000122070312,7085060
2025-12-10 14:30:00-05:00,93.40989685058594,93.73999786376953,92.9800033569336,93.47599792480469,7418112
2025-12-10 15:30:00-05:00,92.69999694824219,93.43000030517578,92.3499984741211,93.40499877929688,9019771
2025-12-11 09:30:00-05:00,94.3949966430664,94.51000213623047,92.76000213623047,93.8550033569336,9038298
2025-12-11 10:30:00-05:00,94.08499908447266,94.68000030517578,93.70999908447266,94.3949966430664,4362495
2025-12-11 11:30:00-05:00,94.62000274658203,94.81999969482422,93.98999786376953,94.08499908447266,3473366
2025-12-11 12:30:00-05:00,94.08999633789062,94.7699966430664,94.07499694824219,94.61219787597656,2643380
2025-12-11 13:30:00-05:00,94.4198989868164,94.45999908447266,94.05000305175781,94.0999984741211,2583434
2025-12-11 14:30:00-05:00,93.8499984741211,94.41999816894531,93.70999908447266,94.41000366210938,3095959
2025-12-11 15:30:00-05:00,94.11499786376953,94.13999938964844,93.68000030517578,93.8499984741211,2855312
2025-12-12 09:30:00-05:00,95.54000091552734,96.91999816894531,95.125,95.125,11663856
2025-12-12 10:30:00-05:00,95.15499877929688,96.06999969482422,94.88009643554688,95.54199981689453,3629040
2025-12-12 11:30:00-05:00,95.15499877929688,95.41999816894531,94.84500122070312,95.15499877929688,2672382
2025-12-12 12:30:00-05:00,95.44000244140625,95.55999755859375,95.0199966430664,95.15560150146484,1950927
2025-12-12 13:30:00-05:00,95.55500030517578,95.79000091552734,95.38999938964844,95.44499969482422,10145800
2025-12-12 14:30:00-05:00,95.66510009765625,95.83999633789062,95.47000122070312,95.55999755859375,0
2025-12-12 15:30:00-05:00,95.20500183105469,95.69999694824219,94.6500015258789,95.66999816894531,4024839
2025-12-15 09:30:00-05:00,94.00499725341797,96.37000274658203,93.86000061035156,96.01499938964844,5610795
2025-12-15 10:30:00-05:00,94.43000030517578,94.55999755859375,93.83499908447266,94.00499725341797,2675928
2025-12-15 11:30:00-05:00,94.0,94.44100189208984,93.7300033569336,94.43000030517578,2181275
2025-12-15 12:30:00-05:00,93.6449966430664,94.2300033569336,93.56999969482422,94.00499725341797,2296090
2025-12-15 13:30:00-05:00,93.95989990234375,94.16500091552734,93.52999877929688,93.6449966430664,1941943
2025-12-15 14:30:00-05:00,93.69499969482422,94.01000213623047,93.5999984741211,93.95500183105469,2256363
2025-12-15 15:30:00-05:00,93.76000213623047,93.86499786376953,93.55000305175781,93.69499969482422,3484602
2025-12-16 09:30:00-05:00,93.94950103759766,94.29499816894531,93.31999969482422,93.87999725341797,4476355
2025-12-16 10:30:00-05:00,94.29010009765625,94.43499755859375,93.7300033569336,93.94499969482422,2508811
2025-12-16 11:30:00-05:00,94.46499633789062,94.67500305175781,94.25,94.29070281982422,2039363
2025-12-16 12:30:00-05:00,94.25800323486328,94.5,93.80000305175781,94.45999908447266,2093200
2025-12-16 13:30:00-05:00,94.38500213623047,94.66999816894531,94.2300033569336,94.26589965820312,1792602
2025-12-16 14:30:00-05:00,94.44499969482422,94.5199966430664,94.18000030517578,94.38749694824219,1691173
2025-12-16 15:30:00-05:00,94.54499816894531,94.91999816894531,94.15499877929688,94.44499969482422,3058790
2025-12-17 09:30:00-05:00,97.13500213623047,97.33000183105469,95.61000061035156,95.9800033569336,11333971
2025-12-17 10:30:00-05:00,95.76000213623047,97.1500015258789,95.19999694824219,97.13500213623047,5891271
2025-12-17 11:30:00-05:00,95.80500030517578,95.94999694824219,95.46499633789062,95.76000213623047,3030538
2025-12-17 12:30:00-05:00,95.71499633789062,95.97000122070312,95.42500305175781,95.80500030517578,2263349
2025-12-17 13:30:00-05:00,95.23500061035156,95.77999877929688,95.05999755859375,95.70999908447266,2418616
2025-12-17 14:30:00-05:00,94.68499755859375,95.37000274658203,94.65499877929688,95.23500061035156,2322514
2025-12-17 15:30:00-05:00,94.76000213623047,95.0199966430664,94.45999908447266,94.69000244140625,3233491
2025-12-18 09:30:00-05:00,95.50499725341797,95.61499786376953,94.12999725341797,95.0199966430664,5545724
2025-12-18 10:30:00-05:00,94.69930267333984,95.80999755859375,94.5,95.5,3242516
2025-12-18 11:30:00-05:00,94.19499969482422,94.87000274658203,93.94999694824219,94.69000244140625,3005103
2025-12-18 12:30:00-05:00,93.86509704589844,94.38999938964844,93.80999755859375,94.19000244140625,2274093
2025-12-18 13:30:00-05:00,93.96499633789062,94.27999877929688,93.75,93.86499786376953,1920521
2025-12-18 14:30:00-05:00,93.94709777832031,94.08000183105469,93.58999633789062,93.97000122070312,2286772
2025-12-18 15:30:00-05:00,93.9800033569336,94.06999969482422,93.80000305175781,93.94999694824219,3072093
2025-12-19 09:30:00-05:00,94.47000122070312,95.33000183105469,93.44999694824219,93.56999969482422,12039854
2025-12-19 10:30:00-05:00,95.19000244140625,95.33499908447266,94.41500091552734,94.45999908447266,2515029
2025-12-19 11:30:00-05:00,95.5250015258789,95.54000091552734,94.94999694824219,95.18150329589844,2135125
2025-12-19 12:30:00-05:00,94.98300170898438,95.52989959716797,94.94000244140625,95.5291976928711,1677328
2025-12-19 13:30:00-05:00,94.66500091552734,95.02999877929688,94.61000061035156,94.9800033569336,2147594
2025-12-19 14:30:00-05:00,94.80999755859375,94.84500122070312,94.54000091552734,94.66000366210938,2353423
2025-12-19 15:30:00-05:00,94.41000366210938,95.0,94.04000091552734,94.80999755859375,4106358
2025-12-22 09:30:00-05:00,93.65499877929688,94.69999694824219,93.19000244140625,94.6449966430664,9197693
2025-12-22 10:30:00-05:00,93.66500091552734,93.97000122070312,93.4000015258789,93.6594009399414,2620637
2025-12-22 11:30:00-05:00,93.4749984741211,93.76000213623047,93.33200073242188,93.66999816894531,1993650
2025-12-22 12:30:00-05:00,93.26499938964844,93.53990173339844,93.2300033569336,93.4749984741211,2295762
2025-12-22 13:30:00-05:00,93.27999877929688,93.3499984741211,92.91000366210938,93.26000213623047,2868238
2025-12-22 14:30:00-05:00,93.16999816894531,93.33999633789062,93.04000091552734,93.27999877929688,1823912
2025-12-22 15:30:00-05:00,93.22000122070312,93.2699966430664,93.0,93.17500305175781,2640510
2025-12-23 09:30:00-05:00,93.15499877929688,93.80999755859375,92.7699966430664,93.36000061035156,4147602
2025-12-23 10:30:00-05:00,93.26499938964844,93.56999969482422,93.02999877929688,93.16000366210938,1943115
2025-12-23 11:30:00-05:00,93.375,93.45999908447266,93.18000030517578,93.26499938964844,1498901
2025-12-23 12:30:00-05:00,93.32499694824219,93.4000015258789,93.08999633789062,93.37000274658203,1433067
2025-12-23 13:30:00-05:00,93.13899993896484,93.375,93.0999984741211,93.31999969482422,1129877
2025-12-23 14:30:00-05:00,93.19000244140625,93.33999633789062,93.08000183105469,93.13500213623047,1488927
2025-12-23 15:30:00-05:00,93.4800033569336,93.5,93.06500244140625,93.18499755859375,2515925
2025-12-24 09:30:00-05:00,93.125,93.30000305175781,92.66500091552734,93.18000030517578,3550025
2025-12-24 10:30:00-05:00,93.48500061035156,93.62999725341797,93.07009887695312,93.125,1960432
2025-12-24 11:30:00-05:00,93.45500183105469,93.62000274658203,93.38999938964844,93.48989868164062,1309517
2025-12-26 09:30:00-05:00,94.30500030517578,94.43000030517578,93.2699966430664,93.4749984741211,3827524
2025-12-26 10:30:00-05:00,94.2300033569336,94.68499755859375,94.12999725341797,94.30999755859375,2497383
2025-12-26 11:30:00-05:00,94.02999877929688,94.40989685058594,94.0199966430664,94.2249984741211,1393814
2025-12-26 12:30:00-05:00,94.16999816894531,94.41999816894531,94.0199966430664,94.02999877929688,1379850
2025-12-26 13:30:00-05:00,94.25499725341797,94.38999938964844,94.04000091552734,94.16500091552734,1437112
2025-12-26 14:30:00-05:00,94.26000213623047,94.58000183105469,94.20999908447266,94.26000213623047,1365211
2025-12-26 15:30:00-05:00,94.45999908447266,94.55000305175781,94.1500015258789,94.2699966430664,1780153
2025-12-29 09:30:00-05:00,94.01499938964844,94.97000122070312,93.76000213623047,93.98500061035156,3972825
2025-12-29 10:30:00-05:00,93.84439849853516,94.09500122070312,93.74500274658203,94.0199966430664,2022867
2025-12-29 11:30:00-05:00,93.66000366210938,93.95500183105469,93.625,93.83999633789062,1569628
2025-12-29 12:30:00-05:00,93.91500091552734,93.91999816894531,93.66000366210938,93.66000366210938,1442916
2025-12-29 13:30:00-05:00,93.875,94.0199966430664,93.83999633789062,93.91999816894531,1320215
2025-12-29 14:30:00-05:00,94.0999984741211,94.44999694824219,93.83499908447266,93.87999725341797,1868750
2025-12-29 15:30:00-05:00,94.13999938964844,94.25,94.08999633789062,94.1050033569336,1994912
2025-12-30 09:30:00-05:00,93.64009857177734,93.98989868164062,93.41999816894531,93.5374984741211,3455118
2025-12-30 10:30:00-05:00,93.90499877929688,93.97000122070312,93.34200286865234,93.63999938964844,2618416
2025-12-30 11:30:00-05:00,93.7750015258789,93.91000366210938,93.5999984741211,93.90850067138672,1473023
2025-12-30 12:30:00-05:00,93.81439971923828,93.93000030517578,93.75,93.7750015258789,1380986
2025-12-30 13:30:00-05:00,93.8550033569336,93.95999908447266,93.70999908447266,93.81500244140625,1482870
2025-12-30 14:30:00-05:00,93.77999877929688,93.9800033569336,93.71499633789062,93.8550033569336,1497216
2025-12-30 15:30:00-05:00,93.79000091552734,93.91500091552734,93.67500305175781,93.78500366210938,1987471
2025-12-31 09:30:00-05:00,93.44999694824219,94.12999725341797,93.19999694824219,93.75,3183561
2025-12-31 10:30:00-05:00,93.69499969482422,93.7300033569336,93.33000183105469,93.45999908447266,1417855
2025-12-31 11:30:00-05:00,94.11499786376953,94.25,93.64330291748047,93.69499969482422,2161999
2025-12-31 12:30:00-05:00,94.07499694824219,94.1500015258789,93.88999938964844,94.12000274658203,1290297
2025-12-31 13:30:00-05:00,94.15499877929688,94.30500030517578,94.00029754638672,94.08000183105469,1170114
2025-12-31 14:30:00-05:00,93.79550170898438,94.19989776611328,93.69000244140625,94.15499877929688,6266835
2025-12-31 15:30:00-05:00,93.76000213623047,93.92500305175781,93.66999816894531,93.79499816894531,0
2026-01-02 09:30:00-05:00,92.26499938964844,94.12999725341797,91.79000091552734,94.12999725341797,6502857
2026-01-02 10:30:00-05:00,91.17009735107422,92.77999877929688,91.02999877929688,92.26499938964844,4139572
2026-01-02 11:30:00-05:00,91.19609832763672,91.4000015258789,90.94000244140625,91.18000030517578,2786047
2026-01-02 12:30:00-05:00,90.99500274658203,91.2249984741211,90.82499694824219,91.19390106201172,2477924
2026-01-02 13:30:00-05:00,91.44999694824219,91.4800033569336,90.92500305175781,90.99500274658203,2052350
2026-01-02 14:30:00-05:00,91.29499816894531,91.54000091552734,91.16000366210938,91.45999908447266,2195813
2026-01-02 15:30:00-05:00,90.9749984741211,91.4000015258789,90.8104019165039,91.29989624023438,3175033
2026-01-05 09:30:00-05:00,91.8499984741211,92.30000305175781,90.87000274658203,90.91400146484375,7600219
2026-01-05 10:30:00-05:00,92.0199966430664,92.19499969482422,91.18000030517578,91.86000061035156,4056385
2026-01-05 11:30:00-05:00,92.0,92.625,91.95999908447266,92.0199966430664,3376782
2026-01-05 12:30:00-05:00,91.76499938964844,92.13999938964844,91.30000305175781,92.00299835205078,2279326
2026-01-05 13:30:00-05:00,91.62000274658203,91.86000061035156,91.47000122070312,91.76499938964844,1909562
2026-01-05 14:30:00-05:00,91.66549682617188,91.76000213623047,91.37999725341797,91.61000061035156,1777495
2026-01-05 15:30:00-05:00,91.45999908447266,91.7300033569336,91.34500122070312,91.66999816894531,2395586
2026-01-06 09:30:00-05:00,90.2249984741211,91.27999877929688,89.83000183105469,91.0,8254912
2026-01-06 10:30:00-05:00,89.87300109863281,90.54000091552734,89.84500122070312,90.2249984741211,4358793
2026-01-06 11:30:00-05:00,90.06269836425781,90.08499908447266,89.81009674072266,89.875,3183378
2026-01-06 12:30:00-05:00,90.75499725341797,90.91999816894531,90.05500030517578,90.06500244140625,3117661
2026-01-06 13:30:00-05:00,90.7249984741211,90.92990112304688,90.55000305175781,90.57499694824219,2099468
2026-01-06 14:30:00-05:00,90.80999755859375,90.91000366210938,90.6500015258789,90.76499938964844,1917617
2026-01-06 15:30:00-05:00,90.5999984741211,90.87999725341797,90.55999755859375,90.80889892578125,1644824
2026-01-07 09:30:00-05:00,90.29989624023438,92.41899871826172,90.18000030517578,91.58999633789062,6612614
2026-01-07 10:30:00-05:00,90.4000015258789,90.4800033569336,90.06009674072266,90.29499816894531,2765881
2026-01-07 11:30:00-05:00,90.94860076904297,91.24500274658203,90.34500122070312,90.40499877929688,3007234
2026-01-07 12:30:00-05:00,90.93499755859375,91.35990142822266,90.9000015258789,90.94499969482422,2016606
2026-01-07 13:30:00-05:00,90.58989715576172,91.05500030517578,90.43000030517578,90.93340301513672,2303535
2026-01-07 14:30:00-05:00,90.7750015258789,91.20999908447266,90.55999755859375,90.58499908447266,2043135
2026-01-07 15:30:00-05:00,90.71499633789062,90.87999725341797,90.3499984741211,90.77189636230469,2832471
2026-01-08 09:30:00-05:00,90.7699966430664,90.9000015258789,89.58000183105469,89.8949966430664,5602348
2026-01-08 10:30:00-05:00,89.75499725341797,90.785400390625,89.58000183105469,90.7750015258789,3815964
2026-01-08 11:30:00-05:00,90.05500030517578,90.0999984741211,89.66000366210938,89.75250244140625,3611752
2026-01-08 12:30:00-05:00,90.28600311279297,90.29499816894531,89.8239974975586,90.05500030517578,2614232
2026-01-08 13:30:00-05:00,90.56500244140625,91.25,90.28399658203125,90.28500366210938,3826466
2026-01-08 14:30:00-05:00,90.39969635009766,90.6968002319336,90.30999755859375,90.55999755859375,2598929
2026-01-08 15:30:00-05:00,90.5199966430664,90.62999725341797,90.30000305175781,90.4000015258789,2641154
2026-01-09 09:30:00-05:00,88.94499969482422,89.70999908447266,88.31999969482422,89.5,10202063
2026-01-09 10:30:00-05:00,88.74500274658203,89.11000061035156,88.56999969482422,88.94979858398438,5303809
2026-01-09 11:30:00-05:00,88.8949966430664,89.08999633789062,88.68000030517578,88.74970245361328,3955324
2026-01-09 12:30:00-05:00,88.75499725341797,89.06500244140625,88.69999694824219,88.8949966430664,2968049
2026-01-09 13:30:00-05:00,88.9198989868164,89.05000305175781,88.75,88.75499725341797,3444911
2026-01-09 14:30:00-05:00,88.93499755859375,89.26000213623047,88.8499984741211,88.91310119628906,3575165
2026-01-09 15:30:00-05:00,89.43499755859375,89.47000122070312,88.93000030517578,88.93499755859375,3648686
2026-01-12 09:30:00-05:00,89.77999877929688,90.33499908447266,89.625,89.69000244140625,6051754
2026-01-12 10:30:00-05:00,90.10590362548828,90.11000061035156,89.6500015258789,89.7699966430664,2871138
2026-01-12 11:30:00-05:00,89.79000091552734,90.16000366210938,89.71499633789062,90.11000061035156,2577218
2026-01-12 12:30:00-05:00,89.63500213623047,89.88500213623047,89.54000091552734,89.79000091552734,1888101
2026-01-12 13:30:00-05:00,89.56500244140625,89.66000366210938,89.4126968383789,89.63999938964844,1985881
2026-01-12 14:30:00-05:00,89.74500274658203,89.91999816894531,89.52999877929688,89.55999755859375,2160219
2026-01-12 15:30:00-05:00,89.42320251464844,89.8499984741211,89.33000183105469,89.74500274658203,10397058
2026-01-13 09:30:00-05:00,89.44999694824219,91.0,89.06999969482422,89.37999725341797,6955828
2026-01-13 10:30:00-05:00,89.57499694824219,89.71499633789062,89.22000122070312,89.44000244140625,3231282
2026-01-13 11:30:00-05:00,89.66000366210938,89.87000274658203,89.38009643554688,89.57499694824219,7424819
2026-01-13 12:30:00-05:00,89.625,89.83000183105469,89.53500366210938,89.65499877929688,0
2026-01-13 13:30:00-05:00,89.70500183105469,89.75599670410156,89.44499969482422,89.625,1704132
2026-01-13 14:30:00-05:00,89.8949966430664,90.2300033569336,89.51499938964844,89.70500183105469,2435235
2026-01-13 15:30:00-05:00,90.30999755859375,91.1500015258789,89.30000305175781,89.8949966430664,9230792
2026-01-14 09:30:00-05:00,88.93000030517578,91.5198974609375,88.66999816894531,91.28500366210938,9077332
2026-01-14 10:30:00-05:00,88.91500091552734,89.0,88.48999786376953,88.93000030517578,3875996
2026-01-14 11:30:00-05:00,88.49500274658203,88.91999816894531,88.2699966430664,88.91580200195312,3040837
2026-01-14 12:30:00-05:00,88.33999633789062,88.48999786376953,88.01000213623047,88.48999786376953,3362152
2026-01-14 13:30:00-05:00,88.22989654541016,88.38500213623047,87.94999694824219,88.34539794921875,2647321
2026-01-14 14:30:00-05:00,88.2593002319336,88.48999786376953,88.14459991455078,88.2249984741211,2430071
2026-01-14 15:30:00-05:00,88.51899719238281,88.68000030517578,88.23999786376953,88.26000213623047,16878560
2026-01-15 09:30:00-05:00,89.21499633789062,89.88999938964844,88.83999633789062,89.1500015258789,5742698
2026-01-15 10:30:00-05:00,89.1946029663086,89.51000213623047,88.9000015258789,89.21499633789062,2746478
2026-01-15 11:30:00-05:00,88.99500274658203,89.375,88.98999786376953,89.19999694824219,2156454
2026-01-15 12:30:00-05:00,88.96499633789062,89.08000183105469,88.69999694824219,89.0,2246088
2026-01-15 13:30:00-05:00,88.59500122070312,89.12000274658203,88.55000305175781,88.96499633789062,2248997
2026-01-15 14:30:00-05:00,88.13400268554688,88.5999984741211,87.81999969482422,88.59500122070312,11092885
2026-01-15 15:30:00-05:00,88.05999755859375,88.23500061035156,87.95999908447266,88.12999725341797,0
2026-01-16 09:30:00-05:00,88.2500991821289,88.51000213623047,87.77999877929688,88.10639953613281,7072898
2026-01-16 10:30:00-05:00,88.10549926757812,88.29000091552734,87.80999755859375,88.25,2346302
2026-01-16 11:30:00-05:00,87.91999816894531,88.29889678955078,87.83000183105469,88.1050033569336,2595394
2026-01-16 12:30:00-05:00,88.0155029296875,88.19499969482422,87.8499984741211,87.91999816894531,2373900
2026-01-16 13:30:00-05:00,87.86499786376953,88.16000366210938,87.81999969482422,88.01000213623047,2285801
2026-01-16 14:30:00-05:00,87.99230194091797,88.05000305175781,87.81999969482422,87.86979675292969,2252576
2026-01-16 15:30:00-05:00,87.98999786376953,88.18000030517578,87.8949966430664,87.99500274658203,3097563
2026-01-20 09:30:00-05:00,88.69000244140625,89.9000015258789,88.4800033569336,88.93000030517578,13831439
2026-01-20 10:30:00-05:00,88.59600067138672,88.69999694824219,88.31999969482422,88.68000030517578,6409196
2026-01-20 11:30:00-05:00,88.52449798583984,88.94999694824219,88.38999938964844,88.58999633789062,4558958
2026-01-20 12:30:00-05:00,88.45899963378906,88.52999877929688,88.04000091552734,88.5250015258789,8039956
2026-01-20 13:30:00-05:00,88.04499816894531,88.58999633789062,87.9800033569336,88.45500183105469,3731915
2026-01-20 14:30:00-05:00,88.04180145263672,88.19000244140625,87.72000122070312,88.04499816894531,6142777
2026-01-20 15:30:00-05:00,87.18000030517578,88.13999938964844,87.0199966430664,88.0416030883789,8990929
2026-01-21 09:30:00-05:00,84.33999633789062,85.2249984741211,81.94999694824219,82.51499938964844,40315026
2026-01-21 10:30:00-05:00,83.44499969482422,84.73500061035156,82.9800033569336,84.34500122070312,10111217
2026-01-21 11:30:00-05:00,83.41000366210938,83.5999984741211,82.9000015258789,83.44499969482422,7041600
2026-01-21 12:30:00-05:00,83.5199966430664,83.55999755859375,82.98999786376953,83.41500091552734,6113114
2026-01-21 13:30:00-05:00,84.52999877929688,84.66999816894531,83.4749984741211,83.52249908447266,6606238
2026-01-21 14:30:00-05:00,84.74549865722656,85.08000183105469,84.36000061035156,84.52999877929688,7602656
2026-01-21 15:30:00-05:00,85.37999725341797,85.5,84.5614013671875,84.74500274658203,7357572
2026-01-22 09:30:00-05:00,84.48999786376953,84.88999938964844,83.7300033569336,83.99500274658203,14005509
2026-01-22 10:30:00-05:00,83.88500213623047,84.80000305175781,83.87000274658203,84.48999786376953,5692588
2026-01-22 11:30:00-05:00,83.74500274658203,84.18000030517578,83.69999694824219,83.8833999633789,5384031
2026-01-22 12:30:00-05:00,83.33989715576172,83.76000213623047,82.9800033569336,83.74500274658203,5130151
2026-01-22 13:30:00-05:00,83.4000015258789,83.43000030517578,83.05999755859375,83.33499908447266,4198058
2026-01-22 14:30:00-05:00,83.31449890136719,83.5999984741211,83.13999938964844,83.40499877929688,4094582
2026-01-22 15:30:00-05:00,83.52999877929688,83.55000305175781,83.02999877929688,83.31009674072266,5063767
2026-01-23 09:30:00-05:00,85.30999755859375,85.45999908447266,83.29000091552734,83.41500091552734,12667730
2026-01-23 10:30:00-05:00,85.65599822998047,85.7300033569336,85.0199966430664,85.31500244140625,5908429
2026-01-23 11:30:00-05:00,85.8385009765625,86.27999877929688,85.6404037475586,85.6500015258789,5188972
2026-01-23 12:30:00-05:00,86.0,86.30000305175781,85.77999877929688,85.83499908447266,4183978
2026-01-23 13:30:00-05:00,85.59500122070312,86.02999877929688,85.41500091552734,86.01000213623047,2987708
2026-01-23 14:30:00-05:00,85.66919708251953,85.81999969482422,85.43000030517578,85.59700012207031,3122622
2026-01-23 15:30:00-05:00,86.08000183105469,86.19000244140625,85.54000091552734,85.66500091552734,4664319
2026-01-26 09:30:00-05:00,85.9198989868164,86.94000244140625,85.3499984741211,86.91000366210938,8231114
2026-01-26 10:30:00-05:00,85.93499755859375,86.16000366210938,85.62999725341797,85.91500091552734,3522113
2026-01-26 11:30:00-05:00,85.9446029663086,86.04000091552734,85.83999633789062,85.93499755859375,1961786
2026-01-26 12:30:00-05:00,85.94499969482422,86.13980102539062,85.69999694824219,85.9446029663086,2273584
2026-01-26 13:30:00-05:00,85.7750015258789,86.00499725341797,85.73999786376953,85.94499969482422,2280973
2026-01-26 14:30:00-05:00,86.02999877929688,86.05000305175781,85.76010131835938,85.77010345458984,2060789
2026-01-26 15:30:00-05:00,85.70500183105469,86.05999755859375,85.6500015258789,86.02999877929688,3188113
2026-01-27 09:30:00-05:00,84.41449737548828,85.5,83.88999938964844,85.2750015258789,7966233
2026-01-27 10:30:00-05:00,84.54499816894531,84.86000061035156,84.30349731445312,84.41500091552734,3077466
2026-01-27 11:30:00-05:00,84.20500183105469,84.67500305175781,84.18000030517578,84.54499816894531,2323885
2026-01-27 12:30:00-05:00,84.34989929199219,84.36000061035156,84.04000091552734,84.20079803466797,2294354
2026-01-27 13:30:00-05:00,85.13500213623047,85.14540100097656,84.33999633789062,84.34500122070312,2502581
2026-01-27 14:30:00-05:00,85.28500366210938,85.36499786376953,85.00499725341797,85.13500213623047,2693849
2026-01-27 15:30:00-05:00,85.5999984741211,85.5999984741211,85.22000122070312,85.28500366210938,3250653
2026-01-28 09:30:00-05:00,85.75,86.47000122070312,84.8499984741211,85.625,6129412
2026-01-28 10:30:00-05:00,84.9749984741211,86.0,84.91000366210938,85.75,2888099
2026-01-28 11:30:00-05:00,84.41000366210938,84.9800033569336,84.4000015258789,84.97000122070312,3374397
2026-01-28 12:30:00-05:00,84.70549774169922,84.83999633789062,84.29499816894531,84.4000015258789,2430800
2026-01-28 13:30:00-05:00,85.00499725341797,85.2698974609375,84.68000030517578,84.70500183105469,2103159
2026-01-28 14:30:00-05:00,85.06500244140625,85.38999938964844,84.9800033569336,85.00499725341797,2194077
2026-01-28 15:30:00-05:00,84.62999725341797,85.08000183105469,84.5999984741211,85.06500244140625,3115228
2026-01-29 09:30:00-05:00,82.66670227050781,84.36000061035156,82.5999984741211,84.32499694824219,7501575
2026-01-29 10:30:00-05:00,82.73500061035156,82.91999816894531,82.35009765625,82.66500091552734,5548557
2026-01-29 11:30:00-05:00,82.89700317382812,82.96499633789062,82.4800033569336,82.7300033569336,2920209
2026-01-29 12:30:00-05:00,82.80500030517578,82.9000015258789,82.5199966430664,82.8949966430664,2180528
2026-01-29 13:30:00-05:00,82.83560180664062,82.98999786376953,82.75,82.80500030517578,1817145
2026-01-29 14:30:00-05:00,82.8550033569336,82.94989776611328,82.63999938964844,82.83499908447266,2574232
2026-01-29 15:30:00-05:00,83.11000061035156,83.18499755859375,82.84500122070312,82.8550033569336,13950542
2026-01-30 09:30:00-05:00,83.08000183105469,84.05500030517578,82.9800033569336,83.11000061035156,7774838
2026-01-30 10:30:00-05:00,83.08499908447266,83.1449966430664,83.0199966430664,83.07499694824219,138621
2026-02-02 13:30:00-05:00,82.91999816894531,83.38999938964844,82.87999725341797,83.19499969482422,12452493
2026-02-02 14:30:00-05:00,83.13349914550781,83.19999694824219,82.7300033569336,82.9000015258789,2991802
2026-02-02 15:30:00-05:00,82.73999786376953,83.16000366210938,82.72010040283203,83.13999938964844,2540156
2026-02-03 09:30:00-05:00,81.57499694824219,82.44999694824219,81.04000091552734,82.19000244140625,6458944
2026-02-03 10:30:00-05:00,81.07499694824219,81.62999725341797,81.06500244140625,81.57050323486328,3359996
2026-02-03 11:30:00-05:00,80.30549621582031,81.0999984741211,80.30000305175781,81.07499694824219,4194189
2026-02-03 12:30:00-05:00,80.33599853515625,80.9000015258789,80.19999694824219,80.3009033203125,3059643
2026-02-03 13:30:00-05:00,79.91500091552734,80.55000305175781,79.86000061035156,80.33499908447266,4234994
2026-02-03 14:30:00-05:00,79.7249984741211,80.16000366210938,79.62999725341797,79.91349792480469,3755552
2026-02-03 15:30:00-05:00,79.95989990234375,80.05000305175781,79.62000274658203,79.7249984741211,3967101
2026-02-04 09:30:00-05:00,81.36499786376953,81.38999938964844,79.2249984741211,79.9749984741211,7408217
2026-02-04 10:30:00-05:00,80.93000030517578,81.43499755859375,80.62000274658203,81.36499786376953,3914817
2026-02-04 11:30:00-05:00,80.62999725341797,81.18000030517578,80.33000183105469,80.93499755859375,3581727
2026-02-04 12:30:00-05:00,81.0,81.07499694824219,80.38999938964844,80.63999938964844,3129784
2026-02-04 13:30:00-05:00,80.98500061035156,81.30000305175781,80.71440124511719,81.0,2471949
2026-02-04 14:30:00-05:00,80.32499694824219,81.20999908447266,80.23999786376953,80.98500061035156,3261265
2026-02-04 15:30:00-05:00,80.18499755859375,80.54499816894531,80.05999755859375,80.32499694824219,3626398
2026-02-05 09:30:00-05:00,81.51499938964844,83.29499816894531,81.31999969482422,81.45500183105469,12713781
2026-02-05 10:30:00-05:00,81.21499633789062,81.74600219726562,80.78500366210938,81.51200103759766,4707547
2026-02-05 11:30:00-05:00,81.85980224609375,81.9000015258789,80.63999938964844,81.23999786376953,3015453
2026-02-05 12:30:00-05:00,81.1792984008789,81.93000030517578,81.03019714355469,81.85350036621094,15780419
2026-02-05 13:30:00-05:00,80.98500061035156,81.53980255126953,80.96499633789062,81.18000030517578,0
2026-02-05 14:30:00-05:00,80.88410186767578,81.33999633789062,80.53500366210938,80.98999786376953,2990796
2026-02-05 15:30:00-05:00,80.81999969482422,81.08999633789062,80.58000183105469,80.88500213623047,3131932
2026-02-06 09:30:00-05:00,81.57499694824219,82.48500061035156,80.6500015258789,81.05000305175781,6666604
2026-02-06 10:30:00-05:00,81.2300033569336,81.58999633789062,81.08000183105469,81.56999969482422,2861682
2026-02-06 11:30:00-05:00,81.3550033569336,81.56999969482422,81.1500015258789,81.2300033569336,2719356
2026-02-06 12:30:00-05:00,81.29000091552734,81.5,81.05500030517578,81.3550033569336,2481121
2026-02-06 13:30:00-05:00,81.67500305175781,81.71990203857422,81.15499877929688,81.29499816894531,2043367
2026-02-06 14:30:00-05:00,81.44999694824219,81.98999786376953,80.86000061035156,81.67500305175781,4246665
2026-02-06 15:30:00-05:00,82.18000030517578,82.38999938964844,81.32469940185547,81.44999694824219,4392946
2026-02-09 09:30:00-05:00,80.48999786376953,82.20500183105469,79.87000274658203,82.20500183105469,8560527
2026-02-09 10:30:00-05:00,81.06500244140625,81.0999984741211,80.33499908447266,80.489501953125,9451586
2026-02-09 11:30:00-05:00,81.00499725341797,81.22000122070312,80.86000061035156,81.06500244140625,0
2026-02-09 12:30:00-05:00,80.88500213623047,81.19000244140625,80.75,81.00499725341797,2438916
2026-02-09 13:30:00-05:00,81.3656005859375,81.44999694824219,80.87999725341797,80.88500213623047,2114770
2026-02-09 14:30:00-05:00,81.32499694824219,81.51000213623047,81.16000366210938,81.36499786376953,3522088
2026-02-09 15:30:00-05:00,81.4000015258789,81.62000274658203,81.13999938964844,81.31999969482422,2652301
2026-02-10 09:30:00-05:00,84.23500061035156,84.66000366210938,82.30000305175781,82.66999816894531,13095697
2026-02-10 10:30:00-05:00,83.37999725341797,84.45999908447266,83.12000274658203,84.23370361328125,0
2026-02-10 11:30:00-05:00,82.80989837646484,83.54000091552734,82.73999786376953,83.37999725341797,2534988
2026-02-10 12:30:00-05:00,82.55500030517578,83.0199966430664,82.5199966430664,82.79499816894531,9493313
2026-02-10 13:30:00-05:00,82.79499816894531,82.83000183105469,82.47000122070312,82.55500030517578,3095599
2026-02-10 14:30:00-05:00,82.53500366210938,82.91999816894531,82.42500305175781,82.79499816894531,0
2026-02-10 15:30:00-05:00,82.19999694824219,82.61000061035156,82.08999633789062,82.52999877929688,2966535
2026-02-11 09:30:00-05:00,80.03900146484375,82.4800033569336,80.02999877929688,81.94000244140625,6748078
2026-02-11 10:30:00-05:00,80.15499877929688,80.4000015258789,79.94999694824219,80.03790283203125,3407984
2026-02-11 11:30:00-05:00,79.625,80.2300033569336,79.44999694824219,80.1500015258789,3579860
2026-02-11 12:30:00-05:00,80.01499938964844,80.04499816894531,79.5199966430664,79.62979888916016,2968078
2026-02-11 13:30:00-05:00,79.89510345458984,80.20999908447266,79.83999633789062,80.01499938964844,2533016
2026-02-11 14:30:00-05:00,79.86499786376953,80.14990234375,79.70999908447266,79.89800262451172,2753824
2026-02-11 15:30:00-05:00,79.5999984741211,80.00499725341797,79.5999984741211,79.86499786376953,3479671
2026-02-12 09:30:00-05:00,76.62699890136719,79.11000061035156,76.58000183105469,79.08000183105469,12944732
2026-02-12 10:30:00-05:00,75.57150268554688,76.62999725341797,75.2300033569336,76.625,11808885
2026-02-12 11:30:00-05:00,76.08999633789062,76.0999984741211,75.36499786376953,75.57499694824219,5013524
2026-02-12 12:30:00-05:00,76.28500366210938,76.63999938964844,76.0,76.08000183105469,3998039
2026-02-12 13:30:00-05:00,76.5250015258789,76.63999938964844,76.12000274658203,76.28500366210938,3448783
2026-02-12 14:30:00-05:00,76.2354965209961,76.94000244140625,76.19999694824219,76.5199966430664,3213067
2026-02-12 15:30:00-05:00,75.86499786376953,76.29000091552734,75.6500015258789,76.23999786376953,4802092
2026-02-13 09:30:00-05:00,76.42900085449219,76.69999694824219,75.52999877929688,76.13999938964844,7686042
2026-02-13 10:30:00-05:00,76.4000015258789,76.75,75.7699966430664,76.41999816894531,3556210
2026-02-13 11:30:00-05:00,76.86000061035156,76.97000122070312,76.31999969482422,76.4000015258789,2473685
2026-02-13 12:30:00-05:00,76.80580139160156,77.18000030517578,76.73999786376953,76.86499786376953,2353842
2026-02-13 13:30:00-05:00,76.91500091552734,77.04000091552734,76.63999938964844,76.80500030517578,1867218
2026-02-13 14:30:00-05:00,76.41500091552734,77.08999633789062,76.37999725341797,76.91999816894531,1986271
2026-02-13 15:30:00-05:00,76.86000061035156,76.9000015258789,76.31999969482422,76.41500091552734,3340822
2026-02-17 09:30:00-05:00,75.84500122070312,77.87000274658203,75.30000305175781,76.70999908447266,8804015
2026-02-17 10:30:00-05:00,76.73999786376953,76.97000122070312,75.61000061035156,75.84500122070312,3447916
2026-02-17 11:30:00-05:00,76.57499694824219,76.9800033569336,76.16000366210938,76.7302017211914,2155430
2026-02-17 12:30:00-05:00,76.7300033569336,76.80000305175781,76.12000274658203,76.58070373535156,1707283
2026-02-17 13:30:00-05:00,77.05000305175781,77.16999816894531,76.68000030517578,76.73500061035156,1816254
2026-02-17 14:30:00-05:00,76.98719787597656,77.16999816894531,76.83999633789062,77.05570220947266,1935861
2026-02-17 15:30:00-05:00,77.03500366210938,77.05000305175781,76.81999969482422,76.98500061035156,11612047
2026-02-18 09:30:00-05:00,77.61499786376953,77.83999633789062,76.29000091552734,77.26000213623047,4676760
2026-02-18 10:30:00-05:00,77.70500183105469,77.8499984741211,77.33999633789062,77.6155014038086,2464471
2026-02-18 11:30:00-05:00,77.99500274658203,78.13999938964844,77.68499755859375,77.70500183105469,1831306
2026-02-18 12:30:00-05:00,77.95770263671875,78.30000305175781,77.87999725341797,77.99500274658203,1587234
2026-02-18 13:30:00-05:00,77.86499786376953,78.0999984741211,77.77999877929688,77.95500183105469,1913407
2026-02-18 14:30:00-05:00,77.76000213623047,77.88999938964844,77.37999725341797,77.86000061035156,2147524
2026-02-18 15:30:00-05:00,77.98999786376953,78.26000213623047,77.74500274658203,77.76000213623047,3189147
2026-02-19 09:30:00-05:00,77.84500122070312,78.69999694824219,77.37000274658203,77.75,3511893
2026-02-19 10:30:00-05:00,77.94989776611328,78.29000091552734,77.66000366210938,77.83999633789062,2373759
2026-02-19 11:30:00-05:00,77.875,78.27559661865234,77.8550033569336,77.9469985961914,1664832
2026-02-19 12:30:00-05:00,77.18499755859375,77.87999725341797,77.02999877929688,77.87000274658203,3081446
2026-02-19 13:30:00-05:00,77.21499633789062,77.62000274658203,77.13999938964844,77.18499755859375,1633451
2026-02-19 14:30:00-05:00,76.66500091552734,77.26499938964844,76.63999938964844,77.21499633789062,2122184
2026-02-19 15:30:00-05:00,77.0,77.11499786376953,76.6500015258789,76.66500091552734,3634865
2026-02-20 09:30:00-05:00,77.58999633789062,77.80000305175781,76.4000015258789,76.61000061035156,4903064
2026-02-20 10:30:00-05:00,77.83499908447266,78.14730072021484,77.30000305175781,77.58000183105469,2391352
2026-02-20 11:30:00-05:00,77.81500244140625,78.18000030517578,77.58000183105469,77.83000183105469,2255520
2026-02-20 12:30:00-05:00,77.92500305175781,78.23500061035156,77.75,77.81500244140625,1778536
2026-02-20 13:30:00-05:00,78.3550033569336,78.58000183105469,77.83999633789062,77.92500305175781,2096949
2026-02-20 14:30:00-05:00,78.6449966430664,78.8499984741211,78.3550033569336,78.3550033569336,2574809
2026-02-20 15:30:00-05:00,78.68000030517578,78.69999694824219,78.43000030517578,78.63999938964844,2335410
2026-02-23 09:30:00-05:00,76.16000366210938,77.82499694824219,75.01000213623047,77.79000091552734,8773236
2026-02-23 10:30:00-05:00,75.91999816894531,76.23999786376953,75.18000030517578,76.16500091552734,4064775
2026-02-23 11:30:00-05:00,75.91999816894531,75.97000122070312,75.58000183105469,75.91999816894531,2466235
2026-02-23 12:30:00-05:00,76.05000305175781,76.2300033569336,75.70500183105469,75.92500305175781,8784785
2026-02-23 13:30:00-05:00,76.1050033569336,76.44999694824219,75.87999725341797,76.05500030517578,0
2026-02-23 14:30:00-05:00,75.90499877929688,76.38999938964844,75.88999938964844,76.10929870605469,1868637
2026-02-23 15:30:00-05:00,76.05000305175781,76.13999938964844,75.73500061035156,75.9000015258789,2880319
2026-02-24 09:30:00-05:00,76.90499877929688,77.12000274658203,75.20999908447266,75.61199951171875,4938288
2026-02-24 10:30:00-05:00,76.81500244140625,77.18499755859375,76.3499984741211,76.90499877929688,2132749
2026-02-24 11:30:00-05:00,77.24500274658203,77.32990264892578,76.6500015258789,76.81500244140625,2237837
2026-02-24 12:30:00-05:00,77.33999633789062,77.67500305175781,77.16000366210938,77.24829864501953,1863905
2026-02-24 13:30:00-05:00,77.28990173339844,77.80000305175781,77.23999786376953,77.33999633789062,1860217
2026-02-24 14:30:00-05:00,77.20649719238281,77.40499877929688,77.12000274658203,77.27999877929688,2139292
2026-02-24 15:30:00-05:00,78.04000091552734,78.12000274658203,77.20500183105469,77.20970153808594,3455655
2026-02-25 09:30:00-05:00,81.8563003540039,81.98999786376953,79.36000061035156,79.4000015258789,13231435
2026-02-25 10:30:00-05:00,82.00499725341797,82.30000305175781,81.66999816894531,81.86000061035156,5663109
2026-02-25 11:30:00-05:00,81.79499816894531,82.4000015258789,81.79499816894531,82.00499725341797,3542520
2026-02-25 12:30:00-05:00,82.3550033569336,82.54000091552734,81.7249984741211,81.79000091552734,2922652
2026-02-25 13:30:00-05:00,82.93499755859375,83.11699676513672,82.0199966430664,82.3550033569336,5582444
2026-02-25 14:30:00-05:00,82.55500030517578,82.97000122070312,82.26000213623047,82.93499755859375,21764724
2026-02-25 15:30:00-05:00,82.70999908447266,83.06999969482422,82.30000305175781,82.55500030517578,0
2026-02-26 09:30:00-05:00,83.44999694824219,84.55999755859375,82.81999969482422,83.16500091552734,15016358
2026-02-26 10:30:00-05:00,84.0250015258789,87.62000274658203,83.17320251464844,83.45500183105469,0
2026-02-26 11:30:00-05:00,84.79499816894531,84.87999725341797,83.44000244140625,84.0250015258789,4721949
2026-02-26 12:30:00-05:00,84.73500061035156,85.16999816894531,84.30000305175781,84.79499816894531,4430894
2026-02-26 13:30:00-05:00,85.375,85.5,84.69999694824219,84.73999786376953,3734796
2026-02-26 14:30:00-05:00,85.16000366210938,85.48999786376953,84.91999816894531,85.37850189208984,4232847
2026-02-26 15:30:00-05:00,84.62000274658203,85.37000274658203,84.38999938964844,85.16500091552734,5198758
2026-02-27 09:30:00-05:00,91.93000030517578,94.43000030517578,90.5999984741211,94.40499877929688,41199316
2026-02-27 10:30:00-05:00,93.15070343017578,93.5,91.51499938964844,91.93499755859375,15237872
2026-02-27 11:30:00-05:00,93.41500091552734,93.80000305175781,92.5199966430664,93.1500015258789,9931917
2026-02-27 12:30:00-05:00,95.0,95.31999969482422,93.40499877929688,93.41999816894531,15587915
2026-02-27 13:30:00-05:00,95.76499938964844,95.80000305175781,94.94000244140625,94.9800033569336,10751424
2026-02-27 14:30:00-05:00,96.59500122070312,96.68000030517578,95.05999755859375,95.76499938964844,12076434
2026-02-27 15:30:00-05:00,96.26000213623047,96.75,95.37999725341797,96.59290313720703,13870905
2026-03-02 09:30:00-05:00,96.80500030517578,98.06999969482422,95.25,95.33000183105469,17106552
2026-03-02 10:30:00-05:00,96.0199966430664,97.30999755859375,95.95999908447266,96.80000305175781,6210301
2026-03-02 11:30:00-05:00,97.34300231933594,97.375,95.9000015258789,96.01499938964844,4644782
2026-03-02 12:30:00-05:00,97.04000091552734,97.61000061035156,96.95210266113281,97.3550033569336,3508882
2026-03-02 13:30:00-05:00,97.36499786376953,97.38999938964844,96.7300033569336,97.04000091552734,2991798
2026-03-02 14:30:00-05:00,97.33000183105469,97.87000274658203,97.21499633789062,97.36129760742188,26375585
2026-03-02 15:30:00-05:00,97.05999755859375,97.75,97.04499816894531,97.33999633789062,8101113
2026-03-03 09:30:00-05:00,95.48999786376953,97.7699966430664,95.33000183105469,95.93000030517578,16274057
2026-03-03 10:30:00-05:00,97.1050033569336,97.23999786376953,95.47000122070312,95.48500061035156,7809293
2026-03-03 11:30:00-05:00,96.73500061035156,97.19999694824219,96.21499633789062,97.0999984741211,4803699
2026-03-03 12:30:00-05:00,97.2750015258789,97.33509826660156,96.27999877929688,96.73999786376953,4554003
2026-03-03 13:30:00-05:00,97.26000213623047,97.42510223388672,96.8499984741211,97.27999877929688,4171963
2026-03-03 14:30:00-05:00,97.23989868164062,97.33000183105469,96.81999969482422,97.25499725341797,5318233
2026-03-03 15:30:00-05:00,97.70999908447266,98.45999908447266,97.1050033569336,97.23500061035156,7532939
2026-03-04 09:30:00-05:00,99.27999877929688,99.75,96.98999786376953,97.12000274658203,16066031
2026-03-04 10:30:00-05:00,98.18499755859375,99.68000030517578,97.66000366210938,99.2699966430664,8341294
2026-03-04 11:30:00-05:00,98.75499725341797,98.9000015258789,98.11499786376953,98.18499755859375,5047543
2026-03-04 12:30:00-05:00,99.1449966430664,99.3499984741211,98.37999725341797,98.75499725341797,4082537
2026-03-04 13:30:00-05:00,98.94999694824219,99.22000122070312,98.61000061035156,99.1449966430664,3657263
2026-03-04 14:30:00-05:00,98.76499938964844,99.27999877929688,98.19999694824219,98.94999694824219,4628797
2026-03-04 15:30:00-05:00,98.62000274658203,99.19000244140625,98.57499694824219,98.76000213623047,4978555
2026-03-05 09:30:00-05:00,98.41000366210938,100.19000244140625,98.29000091552734,98.49500274658203,14506077
2026-03-05 10:30:00-05:00,98.80000305175781,99.07980346679688,98.0999984741211,98.41999816894531,5658552
2026-03-05 11:30:00-05:00,98.69000244140625,99.69000244140625,98.625,98.80000305175781,5173939
2026-03-05 12:30:00-05:00,98.68000030517578,99.08499908447266,98.45999908447266,98.68499755859375,4372548
2026-03-05 13:30:00-05:00,98.66500091552734,98.7750015258789,98.16500091552734,98.68000030517578,3559034
2026-03-05 14:30:00-05:00,99.19560241699219,99.37000274658203,98.47000122070312,98.66500091552734,4863049
2026-03-05 15:30:00-05:00,99.13999938964844,99.68000030517578,99.01499938964844,99.19499969482422,5554297
2026-03-06 09:30:00-05:00,98.20999908447266,99.87999725341797,97.4000015258789,99.37999725341797,11790312
2026-03-06 10:30:00-05:00,98.23999786376953,99.02999877929688,98.0,98.20999908447266,5848492
2026-03-06 11:30:00-05:00,98.19999694824219,98.63500213623047,98.04000091552734,98.23999786376953,3701138
2026-03-06 12:30:00-05:00,98.28500366210938,98.61499786376953,98.09500122070312,98.19999694824219,2490375
2026-03-06 13:30:00-05:00,98.75990295410156,98.87999725341797,98.2750015258789,98.29000091552734,2565049
2026-03-06 14:30:00-05:00,99.19499969482422,99.42500305175781,98.67500305175781,98.75499725341797,3628584
2026-03-06 15:30:00-05:00,99.02999877929688,99.48999786376953,98.76000213623047,99.19000244140625,5184997
2026-03-09 09:30:00-04:00,96.83499908447266,98.94000244140625,96.70999908447266,97.69000244140625,9992841
2026-03-09 10:30:00-04:00,97.41000366210938,97.47000122070312,96.58000183105469,96.8301010131836,6559490
2026-03-09 11:30:00-04:00,97.82389831542969,97.98999786376953,97.13999938964844,97.40499877929688,4126455
2026-03-09 12:30:00-04:00,97.41000366210938,98.20999908447266,97.37000274658203,97.83000183105469,4790565
2026-03-09 13:30:00-04:00,97.37000274658203,97.67500305175781,97.11000061035156,97.4000015258789,3532752
2026-03-09 14:30:00-04:00,97.91000366210938,98.0999984741211,97.30000305175781,97.375,4592414
2026-03-09 15:30:00-04:00,98.30000305175781,98.5,97.76000213623047,97.91500091552734,5451608
2026-03-10 09:30:00-04:00,96.84700012207031,98.48999786376953,96.58000183105469,97.80500030517578,8638521
2026-03-10 10:30:00-04:00,97.11000061035156,97.56500244140625,96.76000213623047,96.83999633789062,5038429
2026-03-10 11:30:00-04:00,97.30999755859375,97.37000274658203,96.66999816894531,97.11009979248047,4592011
2026-03-10 12:30:00-04:00,96.87000274658203,97.45999908447266,96.87000274658203,97.30999755859375,3494341
2026-03-10 13:30:00-04:00,96.83000183105469,97.05999755859375,96.29000091552734,96.875,4020553
2026-03-10 14:30:00-04:00,96.75499725341797,97.11499786376953,96.55000305175781,96.83000183105469,3130332
2026-03-10 15:30:00-04:00,96.94000244140625,97.19930267333984,96.66999816894531,96.75499725341797,3842788
2026-03-11 09:30:00-04:00,95.95500183105469,98.0,95.75,97.38999938964844,7175884
2026-03-11 10:30:00-04:00,95.18000030517578,96.22000122070312,95.16999816894531,95.95999908447266,4145244
2026-03-11 11:30:00-04:00,95.44010162353516,95.5,95.02999877929688,95.18000030517578,4428538
2026-03-11 12:30:00-04:00,95.58999633789062,95.8499984741211,95.40010070800781,95.44000244140625,2677495
2026-03-11 13:30:00-04:00,95.05500030517578,95.63899993896484,94.87999725341797,95.59500122070312,2962169
2026-03-11 14:30:00-04:00,94.86509704589844,95.23500061035156,94.80000305175781,95.05000305175781,3086649
2026-03-11 15:30:00-04:00,94.87999725341797,95.16000366210938,94.68499755859375,94.86499786376953,4410922
2026-03-12 09:30:00-04:00,94.63500213623047,95.4000015258789,94.56999969482422,94.9260025024414,6424906
2026-03-12 10:30:00-04:00,94.78600311279297,94.98500061035156,94.41999816894531,94.62999725341797,4056839
2026-03-12 11:30:00-04:00,94.05000305175781,94.83499908447266,93.87000274658203,94.78500366210938,3683899
2026-03-12 12:30:00-04:00,94.63999938964844,94.7699966430664,93.98999786376953,94.04989624023438,3945639
2026-03-12 13:30:00-04:00,94.86009979248047,95.04000091552734,94.49500274658203,94.63500213623047,2795702
2026-03-12 14:30:00-04:00,94.74009704589844,95.08999633789062,94.6449966430664,94.86000061035156,2881318
2026-03-12 15:30:00-04:00,94.31999969482422,94.83999633789062,94.11000061035156,94.73999786376953,4272358
2026-03-13 09:30:00-04:00,95.24089813232422,95.67970275878906,94.4000015258789,94.55000305175781,6278779
2026-03-13 10:30:00-04:00,94.75,95.40499877929688,94.55999755859375,95.23999786376953,2768824
2026-03-13 11:30:00-04:00,94.75499725341797,94.98999786376953,94.37000274658203,94.75499725341797,3325827
2026-03-13 12:30:00-04:00,94.66000366210938,94.9000015258789,94.32499694824219,94.74500274658203,2352758
2026-03-13 13:30:00-04:00,94.62000274658203,94.69390106201172,94.23999786376953,94.66000366210938,2048684
2026-03-13 14:30:00-04:00,94.59500122070312,94.88999938964844,94.58499908447266,94.61499786376953,2248775
2026-03-13 15:30:00-04:00,95.33999633789062,95.58999633789062,94.56999969482422,94.5999984741211,6007186
2026-03-16 09:30:00-04:00,95.58999633789062,96.0999984741211,94.36000061035156,95.58000183105469,4718644
2026-03-16 10:30:00-04:00,95.1449966430664,95.71499633789062,95.0999984741211,95.59500122070312,2190963
2026-03-16 11:30:00-04:00,94.9458999633789,95.41999816894531,94.87999725341797,95.13999938964844,1796169
2026-03-16 12:30:00-04:00,94.98600006103516,95.2300033569336,94.7699966430664,94.94499969482422,2621491
2026-03-16 13:30:00-04:00,95.05000305175781,95.23999786376953,94.86000061035156,94.9800033569336,1451349
2026-03-16 14:30:00-04:00,95.37000274658203,95.38999938964844,94.9749984741211,95.04000091552734,1786423
2026-03-16 15:30:00-04:00,95.19999694824219,95.46499633789062,95.13500213623047,95.375,2464203
2026-03-17 09:30:00-04:00,95.65499877929688,96.33999633789062,94.95999908447266,95.30000305175781,3647143
2026-03-17 10:30:00-04:00,95.3550033569336,95.71499633789062,95.21499633789062,95.66000366210938,1533740
2026-03-17 11:30:00-04:00,95.30000305175781,95.5302963256836,95.23500061035156,95.3550033569336,1273849
2026-03-17 12:30:00-04:00,95.29499816894531,95.52999877929688,95.19000244140625,95.30000305175781,5562340
2026-03-17 13:30:00-04:00,94.55999755859375,95.33999633789062,94.55000305175781,95.29499816894531,0
2026-03-17 14:30:00-04:00,94.2750015258789,94.59989929199219,94.01000213623047,94.55999755859375,2351373
2026-03-17 15:30:00-04:00,94.38999938964844,94.53500366210938,94.04000091552734,94.27999877929688,2212017
2026-03-18 09:30:00-04:00,93.9000015258789,94.9800033569336,93.61000061035156,94.44499969482422,3661520
2026-03-18 10:30:00-04:00,94.58000183105469,94.6050033569336,93.69999694824219,93.90499877929688,2614160
2026-03-18 11:30:00-04:00,94.93000030517578,95.2750015258789,94.55999755859375,94.58000183105469,1912849
2026-03-18 12:30:00-04:00,94.76499938964844,95.05000305175781,94.55999755859375,94.91999816894531,1392192
2026-03-18 13:30:00-04:00,95.1449966430664,95.33499908447266,94.68000030517578,94.76499938964844,1466290
2026-03-18 14:30:00-04:00,94.97000122070312,95.29000091552734,94.8499984741211,95.1449966430664,2036948
2026-03-18 15:30:00-04:00,94.74500274658203,95.0999984741211,94.65499877929688,94.9800033569336,2071613
2026-03-19 09:30:00-04:00,92.82009887695312,95.75,92.72000122070312,94.30999755859375,4910502
2026-03-19 10:30:00-04:00,92.52639770507812,93.375,92.51000213623047,92.82499694824219,2514421
2026-03-19 11:30:00-04:00,92.02999877929688,92.625,91.95500183105469,92.5250015258789,2964245
2026-03-19 12:30:00-04:00,91.07499694824219,92.05999755859375,90.94000244140625,92.02999877929688,3478303
2026-03-19 13:30:00-04:00,91.11000061035156,91.23500061035156,90.7750015258789,91.07499694824219,2563353
2026-03-19 14:30:00-04:00,91.80500030517578,91.91999816894531,91.01000213623047,91.11499786376953,2625231
2026-03-19 15:30:00-04:00,91.78500366210938,92.04499816894531,91.62999725341797,91.80500030517578,4003651
2026-03-20 09:30:00-04:00,91.37999725341797,91.66000366210938,90.69000244140625,91.37000274658203,11519262
2026-03-20 10:30:00-04:00,91.11499786376953,91.63999938964844,91.03500366210938,91.38999938964844,3946413
2026-03-20 11:30:00-04:00,91.16000366210938,91.44999694824219,90.91999816894531,91.11499786376953,3156922
2026-03-20 12:30:00-04:00,91.53500366210938,91.57250213623047,91.01000213623047,91.1500015258789,3296205
2026-03-20 13:30:00-04:00,91.45040130615234,91.5999984741211,91.1500015258789,91.53250122070312,4404433
2026-03-20 14:30:00-04:00,91.58999633789062,91.72000122070312,91.31999969482422,91.4520034790039,3329884
2026-03-20 15:30:00-04:00,91.87000274658203,91.87999725341797,91.16500091552734,91.58499908447266,6237942
2026-03-23 09:30:00-04:00,92.7699966430664,93.2300033569336,91.86000061035156,91.98999786376953,8628798
2026-03-23 10:30:00-04:00,93.21499633789062,93.43000030517578,92.69499969482422,92.7699966430664,3240046
2026-03-23 11:30:00-04:00,92.94999694824219,93.5250015258789,92.69180297851562,93.22000122070312,3021503
2026-03-23 12:30:00-04:00,93.04000091552734,93.42500305175781,92.92500305175781,92.94999694824219,2672227
2026-03-23 13:30:00-04:00,93.69000244140625,93.83499908447266,93.0199966430664,93.04000091552734,3752034
2026-03-23 14:30:00-04:00,93.5999984741211,93.9800033569336,93.4800033569336,93.69499969482422,3582075
2026-03-23 15:30:00-04:00,93.38999938964844,93.83499908447266,93.36000061035156,93.5999984741211,3361877
2026-03-24 09:30:00-04:00,92.69270324707031,93.73979949951172,92.31999969482422,92.79000091552734,4708854
2026-03-24 10:30:00-04:00,92.49500274658203,92.76000213623047,92.0999984741211,92.69999694824219,3584637
2026-03-24 11:30:00-04:00,92.66999816894531,92.83999633789062,92.1500015258789,92.48999786376953,2310646
2026-03-24 12:30:00-04:00,91.54000091552734,92.87999725341797,91.4800033569336,92.68499755859375,2941819
2026-03-24 13:30:00-04:00,91.45500183105469,91.66000366210938,91.33999633789062,91.54000091552734,2466242
2026-03-24 14:30:00-04:00,91.67500305175781,91.7699966430664,91.11000061035156,91.45500183105469,3906043
2026-03-24 15:30:00-04:00,90.94000244140625,91.7300033569336,90.81500244140625,91.66999816894531,4107079
2026-03-25 09:30:00-04:00,92.16000366210938,92.4000015258789,91.23500061035156,91.73500061035156,5597610
2026-03-25 10:30:00-04:00,91.9000015258789,92.42990112304688,91.45999908447266,92.16000366210938,3130890
2026-03-25 11:30:00-04:00,92.1050033569336,92.12999725341797,91.24500274658203,91.90499877929688,2523819
2026-03-25 12:30:00-04:00,92.31500244140625,92.50499725341797,92.05999755859375,92.1050033569336,4281537
2026-03-25 13:30:00-04:00,92.2074966430664,92.5199966430664,92.11499786376953,92.31999969482422,2872276
2026-03-25 14:30:00-04:00,92.16500091552734,92.46990203857422,92.0250015258789,92.19999694824219,2925822
2026-03-25 15:30:00-04:00,92.27999877929688,92.38500213623047,91.97000122070312,92.16500091552734,3430431
2026-03-26 09:30:00-04:00,93.16999816894531,93.68499755859375,91.01000213623047,91.53399658203125,7711617
2026-03-26 10:30:00-04:00,92.66000366210938,93.44000244140625,92.59500122070312,93.16000366210938,4435860
2026-03-26 11:30:00-04:00,92.37000274658203,92.98999786376953,92.33999633789062,92.66000366210938,3195659
2026-03-26 12:30:00-04:00,93.32499694824219,93.44000244140625,92.12999725341797,92.37000274658203,4498767
2026-03-26 13:30:00-04:00,93.61000061035156,95.86000061035156,92.80000305175781,93.31999969482422,13503144
2026-03-26 14:30:00-04:00,93.83499908447266,94.3550033569336,93.30999755859375,93.62000274658203,10688489
2026-03-26 15:30:00-04:00,93.3499984741211,93.875,93.25,93.8322982788086,7890336
2026-03-27 09:30:00-04:00,93.73500061035156,95.57990264892578,92.98999786376953,94.53399658203125,13648028
2026-03-27 10:30:00-04:00,93.74500274658203,93.9800033569336,93.08999633789062,93.73500061035156,5372662
2026-03-27 11:30:00-04:00,93.30000305175781,93.91000366210938,93.13020324707031,93.73999786376953,3615766
2026-03-27 12:30:00-04:00,93.29000091552734,93.80000305175781,93.25,93.29499816894531,3326168
2026-03-27 13:30:00-04:00,93.5250015258789,93.67500305175781,93.2249984741211,93.27999877929688,3441703
2026-03-27 14:30:00-04:00,93.5250015258789,93.54000091552734,92.73999786376953,93.5199966430664,4030471
2026-03-27 15:30:00-04:00,93.44000244140625,93.61000061035156,93.04000091552734,93.5250015258789,5083660
2026-03-30 09:30:00-04:00,93.26499938964844,94.48999786376953,92.22000122070312,92.75700378417969,7935865
2026-03-30 10:30:00-04:00,94.12000274658203,94.20999908447266,93.04000091552734,93.26499938964844,4293920
2026-03-30 11:30:00-04:00,93.41999816894531,94.19999694824219,93.41500091552734,94.11499786376953,2524033
2026-03-30 12:30:00-04:00,93.31099700927734,93.81500244140625,93.30000305175781,93.41999816894531,2018967
2026-03-30 13:30:00-04:00,92.91500091552734,93.44999694824219,92.88500213623047,93.31999969482422,2324988
2026-03-30 14:30:00-04:00,92.51000213623047,93.16999816894531,92.37000274658203,92.91500091552734,2696814
2026-03-30 15:30:00-04:00,92.97000122070312,93.21499633789062,92.47010040283203,92.51000213623047,3423678
2026-03-31 09:30:00-04:00,94.77999877929688,95.21499633789062,93.16999816894531,93.25,7533279
2026-03-31 10:30:00-04:00,94.90499877929688,95.26000213623047,94.34500122070312,94.77989959716797,4040253
2026-03-31 11:30:00-04:00,95.05000305175781,95.26820373535156,94.72000122070312,94.90979766845703,2862404
2026-03-31 12:30:00-04:00,95.83999633789062,96.26000213623047,95.01000213623047,95.04499816894531,7243189
2026-03-31 13:30:00-04:00,95.95999908447266,96.22000122070312,95.76000213623047,95.83000183105469,3577275
2026-03-31 14:30:00-04:00,95.69999694824219,96.0,95.5199966430664,95.95999908447266,3641666
2026-03-31 15:30:00-04:00,96.13999938964844,96.22000122070312,95.68499755859375,95.69499969482422,8782768
2026-04-01 09:30:00-04:00,95.20500183105469,97.19999694824219,94.26399993896484,96.5199966430664,8741670
2026-04-01 10:30:00-04:00,95.0250015258789,95.45500183105469,94.94999694824219,95.19999694824219,3468509
2026-04-01 11:30:00-04:00,95.3949966430664,95.45999908447266,94.87999725341797,95.0250015258789,2898461
2026-04-01 12:30:00-04:00,95.73500061035156,95.82499694824219,95.37000274658203,95.3949966430664,1986895
2026-04-01 13:30:00-04:00,95.41300201416016,95.90740203857422,95.36000061035156,95.73500061035156,2280003
2026-04-01 14:30:00-04:00,95.75499725341797,95.81500244140625,95.4124984741211,95.41999816894531,2460537
2026-04-01 15:30:00-04:00,95.58000183105469,96.0,95.51000213623047,95.76000213623047,3492152
2026-04-02 09:30:00-04:00,96.68000030517578,96.73999786376953,95.19999694824219,95.25,7177792
2026-04-02 10:30:00-04:00,97.625,97.95999908447266,96.61499786376953,96.66999816894531,6440714
2026-04-02 11:30:00-04:00,97.53800201416016,97.8550033569336,97.34500122070312,97.62999725341797,3077837
2026-04-02 12:30:00-04:00,98.12999725341797,98.33999633789062,97.43000030517578,97.53500366210938,3178715
2026-04-02 13:30:00-04:00,97.70500183105469,98.23819732666016,97.63999938964844,98.125,2938582
2026-04-02 14:30:00-04:00,97.87000274658203,97.93990325927734,97.5199966430664,97.70999908447266,3508562
2026-04-02 15:30:00-04:00,98.68499755859375,98.70999908447266,97.79000091552734,97.86499786376953,5019509
2026-04-06 09:30:00-04:00,99.41000366210938,102.68499755859375,99.37999725341797,101.8499984741211,12711123
2026-04-06 10:30:00-04:00,98.55000305175781,99.41999816894531,98.5,99.41000366210938,4913669
2026-04-06 11:30:00-04:00,98.31500244140625,98.57990264892578,97.97000122070312,98.55500030517578,3369829
2026-04-06 12:30:00-04:00,98.96499633789062,99.16000366210938,98.2699966430664,98.31500244140625,3569622
2026-04-06 13:30:00-04:00,99.00499725341797,99.0999984741211,98.70999908447266,98.95999908447266,2378781
2026-04-06 14:30:00-04:00,98.67500305175781,99.08999633789062,98.5999984741211,99.00499725341797,2164545
2026-04-06 15:30:00-04:00,98.97000122070312,98.98999786376953,98.61000061035156,98.67500305175781,3268223
2026-04-07 09:30:00-04:00,99.04000091552734,99.87000274658203,98.44000244140625,99.25,6127167
2026-04-07 10:30:00-04:00,98.88999938964844,99.12000274658203,98.4800033569336,99.03500366210938,2630498
2026-04-07 11:30:00-04:00,98.93499755859375,99.41999816894531,98.72000122070312,98.88999938964844,1981398
2026-04-07 12:30:00-04:00,98.72029876708984,99.04000091552734,98.54000091552734,98.93000030517578,2075333
2026-04-07 13:30:00-04:00,98.58999633789062,99.06999969482422,98.57499694824219,98.7249984741211,1550377
2026-04-07 14:30:00-04:00,98.48999786376953,98.91999816894531,98.25,98.58999633789062,2338143
2026-04-07 15:30:00-04:00,98.8499984741211,98.91999816894531,98.33999633789062,98.4800033569336,2809541
2026-04-08 09:30:00-04:00,99.0999984741211,100.37999725341797,97.44000244140625,100.13999938964844,9969157
2026-04-08 10:30:00-04:00,99.29499816894531,99.8301010131836,99.04000091552734,99.0999984741211,3318877
2026-04-08 11:30:00-04:00,99.44000244140625,99.55500030517578,98.98999786376953,99.30000305175781,2023797
2026-04-08 12:30:00-04:00,99.03140258789062,99.55999755859375,99.0250015258789,99.43499755859375,1924507
2026-04-08 13:30:00-04:00,99.11499786376953,99.3550033569336,98.91999816894531,99.03500366210938,1937625
2026-04-08 14:30:00-04:00,98.88500213623047,99.23999786376953,98.73999786376953,99.11499786376953,2388106
2026-04-08 15:30:00-04:00,99.47000122070312,99.47000122070312,98.88500213623047,98.88500213623047,3340313
2026-04-09 09:30:00-04:00,99.41500091552734,100.3499984741211,99.08000183105469,99.77999877929688,5347356
2026-04-09 10:30:00-04:00,100.7300033569336,100.73999786376953,99.38999938964844,99.41500091552734,2783975
2026-04-09 11:30:00-04:00,101.18499755859375,101.4000015258789,100.62000274658203,100.7300033569336,4386653
2026-04-09 12:30:00-04:00,101.83499908447266,102.16000366210938,101.12999725341797,101.19100189208984,5089718
2026-04-09 13:30:00-04:00,101.94999694824219,102.08000183105469,101.55030059814453,101.83000183105469,4151879
2026-04-09 14:30:00-04:00,102.0250015258789,102.33000183105469,101.88999938964844,101.94499969482422,3814044
2026-04-09 15:30:00-04:00,102.09500122070312,102.33799743652344,101.91999816894531,102.0199966430664,4499033
2026-04-10 09:30:00-04:00,101.970703125,103.08000183105469,101.45999908447266,102.46499633789062,6023300
2026-04-10 10:30:00-04:00,101.91999816894531,102.06999969482422,101.5250015258789,101.9740982055664,2964414
2026-04-10 11:30:00-04:00,102.09500122070312,102.15499877929688,101.7300033569336,101.91500091552734,2206573
2026-04-10 12:30:00-04:00,102.20999908447266,102.41000366210938,101.83999633789062,102.09500122070312,2112439
2026-04-10 13:30:00-04:00,102.625,102.63500213623047,102.01000213623047,102.19999694824219,1735997
2026-04-10 14:30:00-04:00,102.61000061035156,102.66000366210938,102.1500015258789,102.625,2554537
2026-04-10 15:30:00-04:00,103.02999877929688,103.05999755859375,102.48999786376953,102.5999984741211,3676900
2026-04-13 09:30:00-04:00,102.73500061035156,103.26000213623047,102.05999755859375,102.83999633789062,6224393
2026-04-13 10:30:00-04:00,102.80000305175781,103.0199966430664,102.56999969482422,102.73999786376953,2754435
2026-04-13 11:30:00-04:00,103.50499725341797,103.55000305175781,102.80000305175781,102.80000305175781,2065479
2026-04-13 12:30:00-04:00,103.6050033569336,103.61509704589844,103.36499786376953,103.5,1792453
2026-04-13 13:30:00-04:00,103.30999755859375,103.66500091552734,103.2300033569336,103.61000061035156,1600762
2026-04-13 14:30:00-04:00,103.37000274658203,103.46990203857422,103.2699966430664,103.30500030517578,1631635
2026-04-13 15:30:00-04:00,103.16500091552734,103.53510284423828,102.87999725341797,103.37000274658203,3635245
2026-04-14 09:30:00-04:00,104.875,104.9000015258789,103.04000091552734,103.16500091552734,6678441
2026-04-14 10:30:00-04:00,105.40370178222656,105.43000030517578,104.5999984741211,104.875,5346227
2026-04-14 11:30:00-04:00,106.15499877929688,106.18499755859375,105.3949966430664,105.40499877929688,4563471
2026-04-14 12:30:00-04:00,106.41500091552734,106.55000305175781,105.98999786376953,106.15499877929688,3566318
2026-04-14 13:30:00-04:00,105.94000244140625,106.56999969482422,105.66999816894531,106.41500091552734,3723657
2026-04-14 14:30:00-04:00,106.20500183105469,106.29000091552734,105.70500183105469,105.93000030517578,4692008
2026-04-14 15:30:00-04:00,106.22000122070312,106.41500091552734,106.05010223388672,106.20500183105469,5509264
2026-04-15 09:30:00-04:00,105.99230194091797,106.64990234375,105.04000091552734,106.00499725341797,6913991
2026-04-15 10:30:00-04:00,105.81500244140625,106.06500244140625,105.61499786376953,105.99500274658203,4013640
2026-04-15 11:30:00-04:00,106.28500366210938,106.30000305175781,105.67500305175781,105.80999755859375,3255162
2026-04-15 12:30:00-04:00,106.76580047607422,106.7699966430664,106.20500183105469,106.28500366210938,4207850
2026-04-15 13:30:00-04:00,106.73500061035156,106.95999908447266,106.55999755859375,106.76499938964844,2493664
2026-04-15 14:30:00-04:00,107.36499786376953,107.40499877929688,106.7300033569336,106.7300033569336,3448896
2026-04-15 15:30:00-04:00,107.66000366210938,107.8499984741211,107.16500091552734,107.36499786376953,7201959
2026-04-16 09:30:00-04:00,107.58000183105469,108.45999908447266,106.62010192871094,107.41000366210938,10215190
2026-04-16 10:30:00-04:00,108.13680267333984,108.52729797363281,107.57499694824219,107.58499908447266,4671468
2026-04-16 11:30:00-04:00,108.30000305175781,108.94000244140625,108.08999633789062,108.12999725341797,4305824
2026-04-16 12:30:00-04:00,108.04499816894531,108.36000061035156,107.9000015258789,108.30500030517578,3191455
2026-04-16 13:30:00-04:00,107.97969818115234,108.35990142822266,107.80999755859375,108.04499816894531,3666409
2026-04-16 14:30:00-04:00,108.05249786376953,108.37000274658203,107.92500305175781,107.9749984741211,5209167
2026-04-16 15:30:00-04:00,107.6500015258789,108.23999786376953,107.11000061035156,108.05500030517578,9885516
2026-04-17 09:30:00-04:00,96.91670227050781,98.37999725341797,95.0999984741211,96.37000274658203,52227189
2026-04-17 10:30:00-04:00,97.40499877929688,98.73999786376953,96.91000366210938,96.91500091552734,17051405
2026-04-17 11:30:00-04:00,98.13999938964844,98.42500305175781,97.11000061035156,97.4000015258789,9488737
2026-04-17 12:30:00-04:00,96.82499694824219,98.16000366210938,96.7300033569336,98.13999938964844,10252126
2026-04-17 13:30:00-04:00,97.08499908447266,97.12999725341797,96.52999877929688,96.82499694824219,7534293
2026-04-17 14:30:00-04:00,97.26010131835938,97.38999938964844,96.5,97.08499908447266,9556126
2026-04-17 15:30:00-04:00,97.27999877929688,97.6500015258789,97.05999755859375,97.2699966430664,11315807
2026-04-20 09:30:00-04:00,95.52200317382812,97.5999984741211,95.5,97.1449966430664,13544324
2026-04-20 10:30:00-04:00,93.875,95.71759796142578,93.6500015258789,95.5250015258789,12614245
2026-04-20 11:30:00-04:00,93.86000061035156,94.29000091552734,93.66999816894531,93.87000274658203,8632256
2026-04-20 12:30:00-04:00,94.67990112304688,94.75,93.54000091552734,93.86000061035156,6979195
2026-04-20 13:30:00-04:00,94.26000213623047,94.68000030517578,94.19999694824219,94.67500305175781,4202375
2026-04-20 14:30:00-04:00,94.80899810791016,94.87000274658203,94.19999694824219,94.26499938964844,4962797
2026-04-20 15:30:00-04:00,94.80999755859375,95.0999984741211,94.66999816894531,94.80000305175781,6184971
2026-04-21 09:30:00-04:00,93.56500244140625,94.6500015258789,93.45999908447266,93.82499694824219,13867530
2026-04-21 10:30:00-04:00,93.22000122070312,93.81999969482422,93.1500015258789,93.55999755859375,8029333
2026-04-21 11:30:00-04:00,93.20500183105469,93.41000366210938,93.08999633789062,93.21499633789062,5074431
2026-04-21 12:30:00-04:00,92.88500213623047,93.29000091552734,92.68000030517578,93.20659637451172,7260874
2026-04-21 13:30:00-04:00,93.05500030517578,93.23999786376953,92.87999725341797,92.88500213623047,3498531
2026-04-21 14:30:00-04:00,92.80999755859375,93.28500366210938,92.66999816894531,93.05500030517578,5962988
2026-04-21 15:30:00-04:00,92.58999633789062,92.81999969482422,92.37000274658203,92.80500030517578,6625414
2026-04-22 09:30:00-04:00,93.7300033569336,93.8499984741211,92.77999877929688,93.05999755859375,8156466
2026-04-22 10:30:00-04:00,93.20999908447266,93.79000091552734,93.02999877929688,93.7300033569336,3786137
2026-04-22 11:30:00-04:00,92.91000366210938,93.23999786376953,92.84500122070312,93.20500183105469,3293803
2026-04-22 12:30:00-04:00,93.20500183105469,93.29000091552734,92.86000061035156,92.90499877929688,3048946
2026-04-22 13:30:00-04:00,93.1050033569336,93.30999755859375,92.9800033569336,93.20999908447266,2253781
2026-04-22 14:30:00-04:00,93.30999755859375,93.38999938964844,93.05999755859375,93.1050033569336,3178629
2026-04-22 15:30:00-04:00,93.20999908447266,93.48500061035156,93.13999938964844,93.31500244140625,3935624
2026-04-23 09:30:00-04:00,93.63500213623047,94.63999938964844,93.29000091552734,94.05999755859375,9761828
2026-04-23 10:30:00-04:00,93.33000183105469,93.7300033569336,93.12000274658203,93.63500213623047,3414326
2026-04-23 11:30:00-04:00,92.76719665527344,93.36000061035156,92.55000305175781,93.33499908447266,3287401
2026-04-23 12:30:00-04:00,92.26499938964844,92.78800201416016,92.072998046875,92.7697982788086,3545127
2026-04-23 13:30:00-04:00,93.02999877929688,93.05970001220703,92.08000183105469,92.26499938964844,3503525
2026-04-23 14:30:00-04:00,93.20500183105469,93.30000305175781,93.0,93.03500366210938,2922440
2026-04-23 15:30:00-04:00,92.83000183105469,93.23999786376953,92.70500183105469,93.20500183105469,5899607
2026-04-24 09:30:00-04:00,92.40859985351562,93.2750015258789,91.91000366210938,92.57499694824219,7807918
2026-04-24 10:30:00-04:00,92.04499816894531,92.48999786376953,91.80000305175781,92.40499877929688,4685729
2026-04-24 11:30:00-04:00,92.07499694824219,92.41000366210938,91.9000015258789,92.04000091552734,3679151
2026-04-24 12:30:00-04:00,92.41500091552734,92.51200103759766,91.98999786376953,92.07499694824219,2434364
2026-04-24 13:30:00-04:00,92.33499908447266,92.59500122070312,92.33000183105469,92.41010284423828,2194404
2026-04-24 14:30:00-04:00,92.56999969482422,92.66999816894531,92.2300033569336,92.33499908447266,2844671
2026-04-24 15:30:00-04:00,92.37000274658203,92.59500122070312,92.29000091552734,92.56999969482422,4292854
2026-04-27 09:30:00-04:00,92.80999755859375,92.82890319824219,91.30000305175781,92.05000305175781,6971012
2026-04-27 10:30:00-04:00,92.68080139160156,92.83999633789062,92.41999816894531,92.80500030517578,3403780
2026-04-27 11:30:00-04:00,92.30999755859375,92.7052001953125,92.22000122070312,92.6874008178711,2559959
2026-04-27 12:30:00-04:00,92.06999969482422,92.31999969482422,92.0199966430664,92.30500030517578,1874179
2026-04-27 13:30:00-04:00,91.95500183105469,92.15499877929688,91.88970184326172,92.06500244140625,1953518
2026-04-27 14:30:00-04:00,91.83499908447266,91.96499633789062,91.34500122070312,91.94999694824219,4435770
2026-04-27 15:30:00-04:00,91.38999938964844,91.83999633789062,91.3499984741211,91.83999633789062,4131193
2026-04-28 09:30:00-04:00,90.84500122070312,91.62999725341797,90.0199966430664,91.4000015258789,8269857
2026-04-28 10:30:00-04:00,90.55000305175781,91.04000091552734,90.41000366210938,90.84500122070312,3565418
2026-04-28 11:30:00-04:00,90.5250015258789,90.69999694824219,90.3905029296875,90.55000305175781,2174104
2026-04-28 12:30:00-04:00,90.94750213623047,90.95999908447266,90.31999969482422,90.5250015258789,2325938
2026-04-28 13:30:00-04:00,91.55999755859375,91.55999755859375,90.75,90.94419860839844,4270969
2026-04-28 14:30:00-04:00,92.20989990234375,92.2699966430664,91.52999877929688,91.55500030517578,3203296
2026-04-28 15:30:00-04:00,92.30500030517578,92.33999633789062,91.95999908447266,92.20500183105469,4871273
2026-04-29 09:30:00-04:00,92.0199966430664,92.16000366210938,90.86000061035156,91.2249984741211,6066054
2026-04-29 10:30:00-04:00,92.52140045166016,92.8550033569336,91.93009948730469,92.01000213623047,3337039
2026-04-29 11:30:00-04:00,92.14510345458984,92.57499694824219,91.81999969482422,92.5250015258789,2234205
2026-04-29 12:30:00-04:00,92.23999786376953,92.33999633789062,91.95999908447266,92.1449966430664,1656775
2026-04-29 13:30:00-04:00,92.13500213623047,92.51000213623047,92.05999755859375,92.23999786376953,1796610
2026-04-29 14:30:00-04:00,92.26499938964844,92.41000366210938,92.03500366210938,92.13999938964844,2572237
2026-04-29 15:30:00-04:00,92.16000366210938,92.41999816894531,92.03500366210938,92.26499938964844,4399567
2026-04-30 09:30:00-04:00,92.69000244140625,92.7300033569336,90.7699966430664,91.33999633789062,9151134
2026-04-30 10:30:00-04:00,93.02999877929688,93.26000213623047,92.30999755859375,92.69499969482422,4772051
2026-04-30 11:30:00-04:00,93.32499694824219,93.48999786376953,92.94000244140625,93.03500366210938,3106521
2026-04-30 12:30:00-04:00,93.375,93.47000122070312,93.0,93.31999969482422,2365085
2026-04-30 13:30:00-04:00,93.7750015258789,94.05000305175781,93.33000183105469,93.37989807128906,3142229
2026-04-30 14:30:00-04:00,94.03250122070312,94.16000366210938,93.75,93.7750015258789,2837037
2026-04-30 15:30:00-04:00,93.55000305175781,94.22000122070312,93.55000305175781,94.03500366210938,4209011
2026-05-01 09:30:00-04:00,93.87999725341797,94.69999694824219,93.61000061035156,94.47000122070312,5519911
2026-05-01 10:30:00-04:00,94.30000305175781,94.31999969482422,93.79000091552734,93.88999938964844,2574801
2026-05-01 11:30:00-04:00,93.29499816894531,94.38999938964844,93.25499725341797,94.30999755859375,2640660
2026-05-01 12:30:00-04:00,92.81500244140625,93.37000274658203,92.62020111083984,93.29000091552734,2713212
2026-05-01 13:30:00-04:00,92.33000183105469,92.83989715576172,92.27999877929688,92.81500244140625,2949164
2026-05-01 14:30:00-04:00,92.25,92.36499786376953,92.06999969482422,92.3550033569336,4089172
2026-05-01 15:30:00-04:00,92.0999984741211,92.33999633789062,91.9000015258789,92.25499725341797,4974393
2026-05-04 09:30:00-04:00,92.11499786376953,92.33000183105469,91.12200164794922,92.02999877929688,6369192
2026-05-04 10:30:00-04:00,91.7249984741211,92.30000305175781,91.62010192871094,92.13999938964844,2908637
2026-05-04 11:30:00-04:00,91.48500061035156,91.77999877929688,91.29989624023438,91.7300033569336,2324740
2026-05-04 12:30:00-04:00,91.3550033569336,91.61000061035156,91.16999816894531,91.48500061035156,1890566
2026-05-04 13:30:00-04:00,91.16709899902344,91.3499984741211,91.0,91.3499984741211,1894089
2026-05-04 14:30:00-04:00,91.1500015258789,91.38999938964844,91.06999969482422,91.16999816894531,2184515
2026-05-04 15:30:00-04:00,91.04000091552734,91.28500366210938,90.91500091552734,91.15499877929688,3609258
2026-05-05 09:30:00-04:00,88.88999938964844,91.2300033569336,88.88200378417969,91.20500183105469,10267586
2026-05-05 10:30:00-04:00,88.1449966430664,89.22000122070312,88.1050033569336,88.88999938964844,7581235
2026-05-05 11:30:00-04:00,88.0,88.30999755859375,87.56500244140625,88.1500015258789,7638169
2026-05-05 12:30:00-04:00,87.94000244140625,88.4000015258789,87.87999725341797,88.0,4560821
2026-05-05 13:30:00-04:00,87.93340301513672,88.27999877929688,87.81999969482422,87.93499755859375,3642831
2026-05-05 14:30:00-04:00,88.05500030517578,88.18499755859375,87.62000274658203,87.92500305175781,4054428
2026-05-05 15:30:00-04:00,87.9000015258789,88.16000366210938,87.63999938964844,88.05500030517578,5691135
2026-05-06 09:30:00-04:00,88.37999725341797,88.44999694824219,86.72000122070312,87.0145034790039,10031262
2026-05-06 10:30:00-04:00,87.75499725341797,88.55000305175781,87.70999908447266,88.41000366210938,4294295
2026-05-06 11:30:00-04:00,87.86499786376953,88.01000213623047,87.63999938964844,87.80999755859375,3118592
2026-05-06 12:30:00-04:00,88.0199966430664,88.19000244140625,87.74500274658203,87.86499786376953,4413254
2026-05-06 13:30:00-04:00,88.09500122070312,88.13999938964844,87.83000183105469,88.01000213623047,2374237
2026-05-06 14:30:00-04:00,88.08499908447266,88.11000061035156,87.87000274658203,88.08999633789062,2596445
2026-05-06 15:30:00-04:00,88.22000122070312,88.3949966430664,87.97000122070312,88.0863037109375,3947739
2026-05-07 09:30:00-04:00,88.61000061035156,89.39910125732422,88.16999816894531,88.81500244140625,6269818
2026-05-07 10:30:00-04:00,88.58999633789062,89.1500015258789,88.43000030517578,88.5999984741211,3206961
2026-05-07 11:30:00-04:00,88.73500061035156,88.95999908447266,88.55500030517578,88.5999984741211,3012775
2026-05-07 12:30:00-04:00,88.3949966430664,88.88990020751953,88.3550033569336,88.66999816894531,2547526
2026-05-07 13:30:00-04:00,88.5250015258789,88.5999984741211,88.19000244140625,88.40499877929688,2311640
2026-05-07 14:30:00-04:00,88.40260314941406,88.79000091552734,88.31009674072266,88.5250015258789,2418412
2026-05-07 15:30:00-04:00,88.26000213623047,88.68499755859375,88.12999725341797,88.4000015258789,4117619
2026-05-08 09:30:00-04:00,87.55999755859375,88.0199966430664,87.20999908447266,87.70999908447266,6517722
2026-05-08 10:30:00-04:00,87.67500305175781,88.04000091552734,87.46499633789062,87.55000305175781,3853361
2026-05-08 11:30:00-04:00,87.63009643554688,87.88999938964844,87.44000244140625,87.68000030517578,3033851
2026-05-08 12:30:00-04:00,87.43499755859375,87.9800033569336,87.41500091552734,87.63020324707031,2925608
2026-05-08 13:30:00-04:00,87.55500030517578,87.65840148925781,87.4000015258789,87.43000030517578,2265394
2026-05-08 14:30:00-04:00,87.73500061035156,87.88999938964844,87.38500213623047,87.55500030517578,3217617
2026-05-08 15:30:00-04:00,87.44999694824219,87.79499816894531,87.38999938964844,87.73500061035156,5810488
2026-05-11 09:30:00-04:00,87.30500030517578,87.33999633789062,86.27999877929688,86.5199966430664,7337202
2026-05-11 10:30:00-04:00,86.58499908447266,87.33999633789062,86.51210021972656,87.30999755859375,3179048
2026-05-11 11:30:00-04:00,86.38500213623047,86.66000366210938,86.30000305175781,86.58999633789062,3140654
2026-05-11 12:30:00-04:00,85.30999755859375,86.40499877929688,85.27999877929688,86.38999938964844,4984813
2026-05-11 13:30:00-04:00,85.26499938964844,85.52999877929688,85.12000274658203,85.30500030517578,4121654
2026-05-11 14:30:00-04:00,85.43000030517578,85.5,85.19999694824219,85.26499938964844,4289416
2026-05-11 15:30:00-04:00,85.44999694824219,85.46009826660156,85.0999984741211,85.42500305175781,5746679
2026-05-12 09:30:00-04:00,88.2041015625,88.2750015258789,85.80999755859375,85.90499877929688,8394008
2026-05-12 10:30:00-04:00,88.83499908447266,89.0,87.91010284423828,88.20500183105469,7946322
2026-05-12 11:30:00-04:00,88.82499694824219,88.97000122070312,88.38999938964844,88.83999633789062,3719105
2026-05-12 12:30:00-04:00,88.22000122070312,89.16100311279297,88.0,88.82499694824219,4060904
2026-05-12 13:30:00-04:00,87.36000061035156,88.20999908447266,87.3280029296875,88.20999908447266,3559935
2026-05-12 14:30:00-04:00,87.63500213623047,87.7699966430664,87.29000091552734,87.36499786376953,3055701
2026-05-12 15:30:00-04:00,87.68000030517578,87.79000091552734,87.50499725341797,87.63990020751953,3920840
2026-05-13 09:30:00-04:00,87.2699966430664,87.3550033569336,86.27999877929688,86.4800033569336,6638361
2026-05-13 10:30:00-04:00,87.0199966430664,87.29499816894531,86.80000305175781,87.2699966430664,2853010
2026-05-13 11:30:00-04:00,87.55000305175781,87.55000305175781,86.84500122070312,87.0199966430664,2753173
2026-05-13 12:30:00-04:00,87.83979797363281,87.94499969482422,87.55000305175781,87.55000305175781,2403164
2026-05-13 13:30:00-04:00,87.94000244140625,88.05000305175781,87.66999816894531,87.83000183105469,2636529
2026-05-13 14:30:00-04:00,88.08499908447266,88.62000274658203,87.8550033569336,87.94000244140625,4816904
2026-05-13 15:30:00-04:00,87.56999969482422,88.23500061035156,87.5,88.08499908447266,3126219
2026-05-14 09:30:00-04:00,87.69000244140625,88.5,87.48999786376953,87.62000274658203,5706479
2026-05-14 10:30:00-04:00,87.79019927978516,87.8499984741211,87.31999969482422,87.69999694824219,3066625
2026-05-14 11:30:00-04:00,87.98500061035156,88.21499633789062,87.7300033569336,87.80000305175781,3110480
2026-05-14 12:30:00-04:00,87.84010314941406,88.00499725341797,87.58999633789062,87.98500061035156,1732607
2026-05-14 13:30:00-04:00,86.91500091552734,87.91999816894531,86.65499877929688,87.83499908447266,3730572
2026-05-14 14:30:00-04:00,87.22000122070312,87.24500274658203,86.7699966430664,86.91500091552734,3091483
2026-05-14 15:30:00-04:00,86.94000244140625,87.36000061035156,86.8550033569336,87.22989654541016,2705572
2026-05-15 09:30:00-04:00,87.64009857177734,89.48999786376953,87.38999938964844,87.7699966430664,9871967
2026-05-15 10:30:00-04:00,87.06999969482422,87.8949966430664,87.01000213623047,87.66000366210938,3322063
2026-05-15 11:30:00-04:00,87.06999969482422,87.18000030517578,86.71499633789062,87.06999969482422,2274109
2026-05-15 12:30:00-04:00,87.19000244140625,87.4800033569336,86.95999908447266,87.07499694824219,2388328
2026-05-15 13:30:00-04:00,87.03500366210938,87.30000305175781,87.00499725341797,87.16999816894531,1775032
2026-05-15 14:30:00-04:00,86.79000091552734,87.15499877929688,86.73999786376953,87.02999877929688,2343135
2026-05-15 15:30:00-04:00,87.04000091552734,87.12999725341797,86.69000244140625,86.77999877929688,3474805
2026-05-18 09:30:00-04:00,89.48799896240234,89.56999969482422,86.54000091552734,86.5999984741211,9552550
2026-05-18 10:30:00-04:00,89.48500061035156,89.81500244140625,88.81999969482422,89.48999786376953,5733149
2026-05-18 11:30:00-04:00,89.19499969482422,89.5,88.81009674072266,89.48500061035156,3121696
2026-05-18 12:30:00-04:00,89.55999755859375,89.7699966430664,88.93000030517578,89.12770080566406,2940761
2026-05-18 13:30:00-04:00,89.32499694824219,89.62999725341797,89.25,89.56500244140625,2255210
2026-05-18 14:30:00-04:00,89.4800033569336,89.81500244140625,89.13200378417969,89.33000183105469,2957663
2026-05-18 15:30:00-04:00,89.68000030517578,89.7300033569336,89.30000305175781,89.4800033569336,3706663
2026-05-19 09:30:00-04:00,90.81999969482422,91.45999908447266,89.77999877929688,90.08000183105469,10250738
2026-05-19 10:30:00-04:00,90.11000061035156,91.03500366210938,90.1001968383789,90.83999633789062,3860884
2026-05-19 11:30:00-04:00,89.23989868164062,90.25,89.22000122070312,90.11990356445312,4096504
2026-05-19 12:30:00-04:00,88.83989715576172,89.3499984741211,88.70999908447266,89.23500061035156,2582145
2026-05-19 13:30:00-04:00,88.97000122070312,89.10009765625,88.69000244140625,88.83499908447266,2363199
2026-05-19 14:30:00-04:00,89.1449966430664,89.21499633789062,88.86000061035156,88.97000122070312,2393296
2026-05-19 15:30:00-04:00,89.3499984741211,89.38999938964844,89.01499938964844,89.13999938964844,3745647
2026-05-20 09:30:00-04:00,88.33000183105469,88.5199966430664,87.5,88.51499938964844,5019194
2026-05-20 10:30:00-04:00,88.22010040283203,88.55000305175781,88.12010192871094,88.33999633789062,2700062
2026-05-20 11:30:00-04:00,87.95800018310547,88.30000305175781,87.91000366210938,88.22000122070312,2046285
2026-05-20 12:30:00-04:00,88.16500091552734,88.21499633789062,87.7500991821289,87.95500183105469,1937435
2026-05-20 13:30:00-04:00,88.2249984741211,88.36499786376953,88.05999755859375,88.16999816894531,1527071
2026-05-20 14:30:00-04:00,88.30999755859375,88.44499969482422,88.16500091552734,88.23500061035156,1884872
2026-05-20 15:30:00-04:00,88.0999984741211,88.42500305175781,88.0199966430664,88.31999969482422,2434538
2026-05-21 09:30:00-04:00,88.87000274658203,88.95989990234375,87.52010345458984,88.04000091552734,4373783
2026-05-21 10:30:00-04:00,89.38500213623047,89.4000015258789,88.4000015258789,88.86499786376953,3961458
2026-05-21 11:30:00-04:00,89.41500091552734,89.58190155029297,89.18000030517578,89.38999938964844,2902846
2026-05-21 12:30:00-04:00,90.18000030517578,90.36990356445312,89.12999725341797,89.41000366210938,3496574
2026-05-21 13:30:00-04:00,89.5999984741211,90.28990173339844,89.56500244140625,90.16999816894531,2928225
2026-05-21 14:30:00-04:00,89.78500366210938,90.05000305175781,89.58499908447266,89.6050033569336,2870343
2026-05-21 15:30:00-04:00,89.31999969482422,89.80999755859375,89.05999755859375,89.78500366210938,3023358
2026-05-22 09:30:00-04:00,88.68990325927734,89.96990203857422,88.37999725341797,89.0199966430664,5510490
2026-05-22 10:30:00-04:00,88.79010009765625,88.93000030517578,88.30999755859375,88.68499755859375,2719344
2026-05-22 11:30:00-04:00,88.61499786376953,88.91999816894531,88.41999816894531,88.80000305175781,1821056
2026-05-22 12:30:00-04:00,88.46499633789062,88.81999969482422,88.31999969482422,88.61499786376953,1918901
2026-05-22 13:30:00-04:00,88.29499816894531,88.61000061035156,88.20999908447266,88.49500274658203,2435264
2026-05-22 14:30:00-04:00,88.49500274658203,88.54499816894531,88.16999816894531,88.29499816894531,1983166
2026-05-22 15:30:00-04:00,88.5999984741211,88.66999816894531,88.24099731445312,88.48999786376953,2744518
2026-05-26 09:30:00-04:00,87.67500305175781,88.7249984741211,87.55500030517578,88.38400268554688,5495760
2026-05-26 10:30:00-04:00,87.72000122070312,87.79000091552734,87.25,87.68000030517578,3167525
2026-05-26 11:30:00-04:00,87.98999786376953,88.04000091552734,87.61000061035156,87.72000122070312,1907429
2026-05-26 12:30:00-04:00,87.88500213623047,88.11499786376953,87.84500122070312,87.98999786376953,2269299
2026-05-26 13:30:00-04:00,87.78500366210938,88.04499816894531,87.68000030517578,87.88999938964844,1527050
2026-05-26 14:30:00-04:00,87.73999786376953,87.8499984741211,87.5999984741211,87.7886962890625,2034733
2026-05-26 15:30:00-04:00,87.68000030517578,87.81999969482422,87.56999969482422,87.73999786376953,2784424
2026-05-27 09:30:00-04:00,88.29499816894531,88.47000122070312,86.81999969482422,87.0459976196289,5837367
2026-05-27 10:30:00-04:00,88.32499694824219,88.48999786376953,87.91500091552734,88.27999877929688,2511467
2026-05-27 11:30:00-04:00,87.69499969482422,88.48570251464844,87.64009857177734,88.32499694824219,1605173
2026-05-27 12:30:00-04:00,87.44999694824219,87.86000061035156,87.44000244140625,87.69499969482422,1859054
2026-05-27 13:30:00-04:00,87.51499938964844,87.70500183105469,87.36499786376953,87.44999694824219,1574721
2026-05-27 14:30:00-04:00,87.77999877929688,87.77999877929688,87.43000030517578,87.51499938964844,1828036
2026-05-27 15:30:00-04:00,87.33499908447266,87.80999755859375,87.30500030517578,87.7699966430664,3142302
2026-05-28 09:30:00-04:00,86.80000305175781,87.04000091552734,85.91000366210938,86.83999633789062,6245940
2026-05-28 10:30:00-04:00,85.70020294189453,86.87999725341797,85.58499908447266,86.80000305175781,8431965
2026-05-28 11:30:00-04:00,86.29029846191406,86.38990020751953,85.67990112304688,85.69999694824219,4327070
2026-05-28 12:30:00-04:00,85.9749984741211,86.38999938964844,85.93000030517578,86.29499816894531,2987583
2026-05-28 13:30:00-04:00,86.2300033569336,86.2750015258789,85.96499633789062,85.9749984741211,2867320
2026-05-28 14:30:00-04:00,86.43910217285156,86.47000122070312,86.05999755859375,86.2249984741211,4307464
2026-05-28 15:30:00-04:00,86.33000183105469,86.55999755859375,86.25499725341797,86.43499755859375,4508769
2026-05-29 09:30:00-04:00,86.04499816894531,86.66999816894531,85.66000366210938,86.25,6243126
2026-05-29 10:30:00-04:00,86.43000030517578,86.45999908447266,85.66000366210938,86.05000305175781,4696391
2026-05-29 11:30:00-04:00,86.0199966430664,86.48999786376953,85.98999786376953,86.43000030517578,2471478
2026-05-29 12:30:00-04:00,86.05999755859375,86.27799987792969,85.91999816894531,86.01010131835938,2096100
2026-05-29 13:30:00-04:00,85.95999908447266,86.30000305175781,85.91999816894531,86.06500244140625,2631343
2026-05-29 14:30:00-04:00,86.2750015258789,86.2750015258789,85.81999969482422,85.95500183105469,3172467
2026-05-29 15:30:00-04:00,86.0199966430664,86.44999694824219,85.93000030517578,86.2750015258789,4187851
2026-06-01 09:30:00-04:00,85.44499969482422,87.2249984741211,85.38999938964844,85.79000091552734,7934446
2026-06-01 10:30:00-04:00,85.7300033569336,85.87000274658203,85.31500244140625,85.44000244140625,5778733
2026-06-01 11:30:00-04:00,85.95249938964844,86.08000183105469,85.55999755859375,85.72000122070312,3458311
2026-06-01 12:30:00-04:00,85.93499755859375,86.15499877929688,85.6050033569336,85.95500183105469,2733829
2026-06-01 13:30:00-04:00,85.83499908447266,86.02999877929688,85.58499908447266,85.93499755859375,2650038
2026-06-01 14:30:00-04:00,85.96150207519531,86.22000122070312,85.75499725341797,85.83000183105469,3177544
2026-06-01 15:30:00-04:00,85.83499908447266,86.06999969482422,85.80000305175781,85.96499633789062,3076964
2026-06-02 09:30:00-04:00,84.04000091552734,85.97989654541016,83.45999908447266,85.6050033569336,9903246
2026-06-02 10:30:00-04:00,83.67500305175781,84.2699966430664,83.66999816894531,84.05000305175781,4934621
2026-06-02 11:30:00-04:00,84.1449966430664,84.2300033569336,83.58999633789062,83.67500305175781,4590795
2026-06-02 12:30:00-04:00,84.38500213623047,84.39749908447266,84.04499816894531,84.1449966430664,3107703
2026-06-02 13:30:00-04:00,83.68499755859375,84.41000366210938,83.6500015258789,84.38500213623047,2944575
2026-06-02 14:30:00-04:00,83.41999816894531,83.80999755859375,83.39009857177734,83.68000030517578,5334753
2026-06-02 15:30:00-04:00,83.31999969482422,83.61499786376953,83.29000091552734,83.41500091552734,6102161
2026-06-03 09:30:00-04:00,81.80999755859375,83.30000305175781,81.80000305175781,82.88999938964844,8714236
2026-06-03 10:30:00-04:00,81.55999755859375,81.97000122070312,81.53500366210938,81.81069946289062,4119683
2026-06-03 11:30:00-04:00,81.20500183105469,81.625,81.10009765625,81.56500244140625,4181999
2026-06-03 12:30:00-04:00,81.50509643554688,81.54499816894531,81.1720962524414,81.19000244140625,2440469
2026-06-03 13:30:00-04:00,81.37999725341797,81.7300033569336,81.36499786376953,81.50509643554688,2311279
2026-06-03 14:30:00-04:00,81.56500244140625,81.6500015258789,81.30000305175781,81.38500213623047,3144126
2026-06-03 15:30:00-04:00,81.52999877929688,81.69499969482422,81.5,81.56500244140625,4959049
2026-06-04 09:30:00-04:00,82.79000091552734,83.69999694824219,82.79000091552734,83.23500061035156,11624036
2026-06-04 10:30:00-04:00,82.38330078125,82.88500213623047,82.12000274658203,82.79000091552734,4167825
2026-06-04 11:30:00-04:00,81.82499694824219,82.48999786376953,81.80000305175781,82.38999938964844,2859661
2026-06-04 12:30:00-04:00,81.75499725341797,81.98999786376953,81.5,81.82499694824219,3203060
2026-06-04 13:30:00-04:00,81.66790008544922,81.83999633789062,81.51000213623047,81.75,2808398
2026-06-04 14:30:00-04:00,81.58000183105469,81.83499908447266,81.58000183105469,81.66500091552734,3475096
2026-06-04 15:30:00-04:00,81.56999969482422,81.62000274658203,81.37000274658203,81.58000183105469,5146211
2026-06-05 09:30:00-04:00,81.87999725341797,82.75,81.54010009765625,82.38400268554688,8574611
2026-06-05 10:30:00-04:00,81.66500091552734,81.91000366210938,81.35009765625,81.88999938964844,3831974
2026-06-05 11:30:00-04:00,81.41000366210938,81.69000244140625,81.13999938964844,81.66000366210938,3293861
2026-06-05 12:30:00-04:00,81.33000183105469,81.69000244140625,81.30000305175781,81.40499877929688,3668821
2026-06-05 13:30:00-04:00,81.57499694824219,81.67500305175781,81.0,81.30069732666016,4760335
2026-06-05 14:30:00-04:00,81.97989654541016,82.0510025024414,81.52999877929688,81.56999969482422,5446455
2026-06-05 15:30:00-04:00,82.20500183105469,82.31500244140625,81.83000183105469,81.9800033569336,5585144
2026-06-08 09:30:00-04:00,82.7249984741211,83.07980346679688,81.33999633789062,81.54199981689453,7071928
2026-06-08 10:30:00-04:00,82.2699966430664,82.83000183105469,82.05000305175781,82.7249984741211,4299802
2026-06-08 11:30:00-04:00,82.11499786376953,82.49500274658203,82.11000061035156,82.26499938964844,2448513
2026-06-08 12:30:00-04:00,82.1500015258789,82.2699966430664,81.97000122070312,82.12000274658203,2214749
2026-06-08 13:30:00-04:00,82.63999938964844,82.76000213623047,81.9800033569336,82.1500015258789,2595091
2026-06-08 14:30:00-04:00,82.54499816894531,82.87000274658203,82.36000061035156,82.63500213623047,3977605
2026-06-08 15:30:00-04:00,82.62999725341797,82.8949966430664,82.5,82.55000305175781,3857761
2026-06-09 09:30:00-04:00,81.91000366210938,82.32499694824219,81.62999725341797,82.03199768066406,5929206
2026-06-09 10:30:00-04:00,82.06999969482422,82.33999633789062,81.63999938964844,81.91999816894531,3640789
2026-06-09 11:30:00-04:00,81.95999908447266,82.2699966430664,81.7699966430664,82.08000183105469,4739189
2026-06-09 12:30:00-04:00,81.43499755859375,82.27999877929688,81.3949966430664,81.95999908447266,4932210
2026-06-09 13:30:00-04:00,81.56500244140625,81.73500061035156,81.40499877929688,81.44000244140625,2174118
2026-06-09 14:30:00-04:00,81.69000244140625,81.87999725341797,81.43000030517578,81.56500244140625,2983854
2026-06-09 15:30:00-04:00,81.41500091552734,81.69999694824219,81.33999633789062,81.69499969482422,4369217
2026-06-10 09:30:00-04:00,81.61000061035156,82.57550048828125,80.97720336914062,81.72000122070312,8071228
2026-06-10 10:30:00-04:00,82.44999694824219,82.74749755859375,81.41999816894531,81.62000274658203,4899608
2026-06-10 11:30:00-04:00,82.54499816894531,82.66999816894531,82.3550033569336,82.43000030517578,3220583
2026-06-10 12:30:00-04:00,82.55500030517578,82.59400177001953,82.31999969482422,82.54499816894531,1874802
2026-06-10 13:30:00-04:00,82.11499786376953,82.58999633789062,82.1050033569336,82.55500030517578,2043547
2026-06-10 14:30:00-04:00,81.87090301513672,82.125,81.81999969482422,82.11289978027344,5550603
2026-06-10 15:30:00-04:00,81.94999694824219,82.19000244140625,81.8499984741211,81.875,3433480
2026-06-11 09:30:00-04:00,80.90499877929688,82.05999755859375,80.37999725341797,81.6500015258789,5739149
2026-06-11 10:30:00-04:00,80.54000091552734,81.0250015258789,80.08999633789062,80.91500091552734,4517522
2026-06-11 11:30:00-04:00,80.79000091552734,80.93000030517578,80.36000061035156,80.54000091552734,2453594
2026-06-11 12:30:00-04:00,81.38999938964844,81.4000015258789,80.7750015258789,80.77999877929688,2204988
2026-06-11 13:30:00-04:00,81.12999725341797,81.56500244140625,81.04000091552734,81.38999938964844,5201426
2026-06-11 14:30:00-04:00,81.55000305175781,81.57499694824219,81.06009674072266,81.13500213623047,2813878
2026-06-11 15:30:00-04:00,81.26000213623047,81.66999816894531,81.16999816894531,81.55999755859375,4854041
2026-06-12 09:30:00-04:00,79.81999969482422,82.0,79.27999877929688,81.68000030517578,8778650
2026-06-12 10:30:00-04:00,80.5999984741211,80.69499969482422,79.58000183105469,79.81999969482422,4271021
2026-06-12 11:30:00-04:00,80.70999908447266,80.83000183105469,80.19999694824219,80.60749816894531,3422335
2026-06-12 12:30:00-04:00,80.8550033569336,81.13999938964844,80.6500015258789,80.72000122070312,2190043
2026-06-12 13:30:00-04:00,80.66500091552734,80.87000274658203,80.5999984741211,80.86000061035156,1636206
2026-06-12 14:30:00-04:00,80.5250015258789,80.87000274658203,80.42500305175781,80.66999816894531,3102066
2026-06-12 15:30:00-04:00,80.33499908447266,80.55509948730469,80.2699966430664,80.52999877929688,4508035
2026-06-15 09:30:00-04:00,80.68499755859375,81.68000030517578,80.47000122070312,80.61499786376953,9707659
2026-06-15 10:30:00-04:00,81.36000061035156,81.5199966430664,80.63999938964844,80.68499755859375,3902554
2026-06-15 11:30:00-04:00,81.41000366210938,81.62999725341797,81.09010314941406,81.3550033569336,3170839
2026-06-15 12:30:00-04:00,81.29000091552734,81.63999938964844,81.1802978515625,81.40249633789062,2540745
2026-06-15 13:30:00-04:00,81.55000305175781,81.58000183105469,81.12200164794922,81.27999877929688,2601298
2026-06-15 14:30:00-04:00,81.43000030517578,81.56500244140625,81.24009704589844,81.55000305175781,2751249
2026-06-15 15:30:00-04:00,81.66999816894531,81.70500183105469,81.40049743652344,81.43499755859375,3347848
2026-06-16 09:30:00-04:00,78.88500213623047,81.93000030517578,78.68180084228516,81.875,12807302
2026-06-16 10:30:00-04:00,79.11499786376953,79.19000244140625,78.43000030517578,78.88500213623047,9135610
2026-06-16 11:30:00-04:00,78.78500366210938,79.58000183105469,78.55000305175781,79.12000274658203,6448329
2026-06-16 12:30:00-04:00,78.2699966430664,79.08999633789062,78.2300033569336,78.77999877929688,5485941
2026-06-16 13:30:00-04:00,78.26629638671875,78.37999725341797,77.70999908447266,78.27010345458984,6882182
2026-06-16 14:30:00-04:00,78.50499725341797,78.67549896240234,78.12999725341797,78.26499938964844,6687900
2026-06-16 15:30:00-04:00,78.73999786376953,78.91999816894531,78.5,78.5,7239521
2026-06-17 09:30:00-04:00,77.7699966430664,78.44000244140625,77.56999969482422,78.0999984741211,10469601
2026-06-17 10:30:00-04:00,78.01000213623047,78.44499969482422,77.7699966430664,77.7750015258789,4769254
2026-06-17 11:30:00-04:00,77.88500213623047,78.125,77.71499633789062,78.01499938964844,3755312
2026-06-17 12:30:00-04:00,77.73999786376953,77.88500213623047,77.54000091552734,77.88009643554688,3691210
2026-06-17 13:30:00-04:00,77.6050033569336,77.75,77.31999969482422,77.73500061035156,5792349
2026-06-17 14:30:00-04:00,76.93499755859375,77.6500015258789,76.81999969482422,77.59500122070312,7378508
2026-06-17 15:30:00-04:00,76.94999694824219,77.07499694824219,76.76000213623047,76.93000030517578,6426920
2026-06-18 09:30:00-04:00,77.11000061035156,77.62999725341797,76.12000274658203,77.05000305175781,13012389
2026-06-18 10:30:00-04:00,76.94999694824219,77.41000366210938,76.91999816894531,77.12000274658203,3856511
2026-06-18 11:30:00-04:00,77.23880004882812,77.51000213623047,76.8949966430664,76.94499969482422,4545282
2026-06-18 12:30:00-04:00,77.58000183105469,77.62000274658203,77.0999984741211,77.23999786376953,3783239
2026-06-18 13:30:00-04:00,77.25,77.73619842529297,77.19000244140625,77.58499908447266,3679527
2026-06-18 14:30:00-04:00,77.01499938964844,77.375,76.92500305175781,77.24500274658203,4255286
2026-06-18 15:30:00-04:00,77.33000183105469,78.23500061035156,76.9800033569336,77.0199966430664,11797911
2026-06-22 09:30:00-04:00,74.74220275878906,77.08999633789062,74.58000183105469,76.13500213623047,15478128
2026-06-22 10:30:00-04:00,73.78500366210938,74.91999816894531,73.7699966430664,74.75,10127711
2026-06-22 11:30:00-04:00,72.55500030517578,73.91999816894531,72.3499984741211,73.78150177001953,11347956
2026-06-22 12:30:00-04:00,72.13999938964844,72.6500015258789,72.08000183105469,72.55500030517578,10127076
2026-06-22 13:30:00-04:00,73.18499755859375,73.27999877929688,71.80999755859375,72.13500213623047,9260092
2026-06-22 14:30:00-04:00,72.88020324707031,73.3499984741211,72.80500030517578,73.18890380859375,6472424
2026-06-22 15:30:00-04:00,72.87999725341797,73.3499984741211,72.68000030517578,72.88500213623047,8591854
2026-06-23 09:30:00-04:00,73.03500366210938,73.96070098876953,72.82499694824219,73.75,11964308
2026-06-23 10:30:00-04:00,72.87999725341797,73.375,72.62999725341797,73.0250015258789,5993686
2026-06-23 11:30:00-04:00,73.06500244140625,73.24500274658203,72.80999755859375,72.87999725341797,4123202
2026-06-23 12:30:00-04:00,73.06500244140625,73.20500183105469,72.81999969482422,73.06500244140625,3280124
2026-06-23 13:30:00-04:00,73.36000061035156,73.44000244140625,73.02999877929688,73.06500244140625,6333924
2026-06-23 14:30:00-04:00,72.86499786376953,73.48999786376953,72.83999633789062,73.37000274658203,4218953
2026-06-23 15:30:00-04:00,72.76000213623047,72.94999694824219,72.68000030517578,72.86329650878906,4975066
2026-06-24 09:30:00-04:00,72.47989654541016,73.44999694824219,72.33000183105469,72.62000274658203,7461794
2026-06-24 10:30:00-04:00,72.41500091552734,72.5999984741211,72.05000305175781,72.47000122070312,10498651
2026-06-24 11:30:00-04:00,72.05999755859375,72.44000244140625,71.94999694824219,72.41500091552734,3368516
2026-06-24 12:30:00-04:00,71.94999694824219,72.07499694824219,71.625,72.05500030517578,3927527
2026-06-24 13:30:00-04:00,72.70500183105469,72.80999755859375,71.87999725341797,71.95500183105469,5247602
2026-06-24 14:30:00-04:00,72.33499908447266,72.81500244140625,72.20999908447266,72.70999908447266,4930794
2026-06-24 15:30:00-04:00,71.83000183105469,72.38999938964844,71.75,72.33499908447266,5120682
2026-06-25 09:30:00-04:00,72.44499969482422,72.94000244140625,71.08999633789062,71.36750030517578,11049807
2026-06-25 10:30:00-04:00,72.25,72.45539855957031,71.7301025390625,72.44000244140625,4886417
2026-06-25 11:30:00-04:00,72.24500274658203,72.44499969482422,72.02999877929688,72.23999786376953,3651773
2026-06-25 12:30:00-04:00,71.70500183105469,72.38999938964844,71.62000274658203,72.24500274658203,3853691
2026-06-25 13:30:00-04:00,72.15499877929688,72.16500091552734,71.4800033569336,71.70500183105469,3104048
2026-06-25 14:30:00-04:00,72.05999755859375,72.3499984741211,71.94999694824219,72.15499877929688,3372646
2026-06-25 15:30:00-04:00,70.91500091552734,72.11000061035156,70.86000061035156,72.05500030517578,6824882
2026-06-26 09:30:00-04:00,74.375,74.625,71.54000091552734,71.5999984741211,12450833
2026-06-26 10:30:00-04:00,74.70999908447266,74.83999633789062,73.9800033569336,74.375,8146207
2026-06-26 11:30:00-04:00,74.63999938964844,75.19999694824219,74.62000274658203,74.69999694824219,5488902
2026-06-26 12:30:00-04:00,74.05500030517578,74.75,73.83999633789062,74.62999725341797,6144660
2026-06-26 13:30:00-04:00,74.01499938964844,74.36000061035156,73.66000366210938,74.06659698486328,7484786
2026-06-26 14:30:00-04:00,73.7699966430664,74.08000183105469,73.70999908447266,74.01490020751953,5753066
2026-06-26 15:30:00-04:00,73.62999725341797,74.05999755859375,73.06999969482422,73.7750015258789,9200233
2026-06-29 09:30:00-04:00,75.66000366210938,76.06890106201172,74.05000305175781,74.61499786376953,11572893
2026-06-29 10:30:00-04:00,75.6364974975586,75.87999725341797,75.2750015258789,75.66999816894531,5530653
2026-06-29 11:30:00-04:00,74.8510971069336,75.66000366210938,74.75,75.62999725341797,4370133
2026-06-29 12:30:00-04:00,74.6500015258789,74.9386978149414,74.30999755859375,74.8550033569336,3467569
2026-06-29 13:30:00-04:00,74.18499755859375,74.80999755859375,73.98500061035156,74.6449966430664,3589105
2026-06-29 14:30:00-04:00,74.03700256347656,74.22000122070312,73.88999938964844,74.18990325927734,3783270
2026-06-29 15:30:00-04:00,73.75,74.07990264892578,73.73500061035156,74.02999877929688,4744921
2026-06-30 09:30:00-04:00,72.66000366210938,73.74500274658203,72.54000091552734,73.58999633789062,6567167
2026-06-30 10:30:00-04:00,72.7249984741211,72.76000213623047,72.12000274658203,72.6500015258789,5697994
2026-06-30 11:30:00-04:00,72.91000366210938,73.08999633789062,72.58000183105469,72.7249984741211,3169563
2026-06-30 12:30:00-04:00,72.53500366210938,73.05999755859375,72.50499725341797,72.9000015258789,2780699
2026-06-30 13:30:00-04:00,72.30500030517578,72.58000183105469,72.25,72.53500366210938,3144981
2026-06-30 14:30:00-04:00,72.25499725341797,72.41999816894531,72.08000183105469,72.31999969482422,3900733
2026-06-30 15:30:00-04:00,71.37999725341797,72.2699966430664,71.36499786376953,72.25499725341797,12548678
2026-07-01 09:30:00-04:00,73.12000274658203,73.58999633789062,72.33000183105469,72.55999755859375,10311878
2026-07-01 10:30:00-04:00,73.19499969482422,73.78990173339844,72.9749984741211,73.11000061035156,6445620
2026-07-01 11:30:00-04:00,73.28500366210938,73.58000183105469,72.96499633789062,73.19509887695312,4346535
2026-07-01 12:30:00-04:00,73.86000061035156,74.08000183105469,73.2699966430664,73.29000091552734,3697222
2026-07-01 13:30:00-04:00,74.16000366210938,74.33999633789062,73.83999633789062,73.875,3384186
2026-07-01 14:30:00-04:00,74.0,74.3550033569336,73.80999755859375,74.16280364990234,4471842
2026-07-01 15:30:00-04:00,74.19000244140625,74.2300033569336,73.95999908447266,74.0,5475121
2026-07-02 09:30:00-04:00,76.19999694824219,76.38990020751953,74.91000366210938,75.15799713134766,10292219
2026-07-02 10:30:00-04:00,76.69000244140625,77.1500015258789,76.12999725341797,76.19000244140625,6124867
2026-07-02 11:30:00-04:00,77.43499755859375,77.48500061035156,76.5199966430664,76.69000244140625,4831000
2026-07-02 12:30:00-04:00,78.1050033569336,78.2750015258789,77.33999633789062,77.43000030517578,7030190
2026-07-02 13:30:00-04:00,78.2699966430664,78.43000030517578,78.08999633789062,78.1050033569336,5663512
2026-07-02 14:30:00-04:00,78.11499786376953,78.43000030517578,77.86499786376953,78.26499938964844,5759384
2026-07-02 15:30:00-04:00,77.5999984741211,78.15499877929688,77.58499908447266,78.11499786376953,7040372
2026-07-06 09:30:00-04:00,76.0010986328125,77.83999633789062,75.75,77.07499694824219,8707594
2026-07-06 10:30:00-04:00,76.38990020751953,76.72000122070312,75.98989868164062,75.98999786376953,7022368
2026-07-06 11:30:00-04:00,76.2699966430664,76.47000122070312,76.22000122070312,76.37999725341797,2730007
2026-07-06 12:30:00-04:00,76.32499694824219,76.45999908447266,76.19000244140625,76.26000213623047,2466477
2026-07-06 13:30:00-04:00,75.86499786376953,76.41000366210938,75.86499786376953,76.33000183105469,3075017
2026-07-06 14:30:00-04:00,75.93199920654297,76.0198974609375,75.82499694824219,75.86499786376953,2956283
2026-07-06 15:30:00-04:00,76.05000305175781,76.08000183105469,75.70999908447266,75.93000030517578,5241977
2026-07-07 09:30:00-04:00,77.18499755859375,78.18000030517578,76.55999755859375,77.87999725341797,7992207
2026-07-07 10:30:00-04:00,77.0,77.86990356445312,76.87999725341797,77.18000030517578,4396240
2026-07-07 11:30:00-04:00,76.63999938964844,77.26000213623047,76.41999816894531,77.0,3261535
2026-07-07 12:30:00-04:00,76.75499725341797,77.05999755859375,76.62999725341797,76.6500015258789,2762755
2026-07-07 13:30:00-04:00,76.5,76.76499938964844,76.47000122070312,76.75499725341797,2092643
2026-07-07 14:30:00-04:00,76.33000183105469,76.52999877929688,76.2699966430664,76.5,2941082
2026-07-07 15:30:00-04:00,76.16999816894531,76.44000244140625,76.0999984741211,76.32499694824219,5501891
2026-07-08 09:30:00-04:00,75.37999725341797,76.62000274658203,74.88999938964844,76.2699966430664,6411967
2026-07-08 10:30:00-04:00,75.7300033569336,75.81999969482422,75.08000183105469,75.38009643554688,3407668
2026-07-08 11:30:00-04:00,75.97000122070312,76.04499816894531,75.54000091552734,75.73999786376953,3922754
2026-07-08 12:30:00-04:00,76.0250015258789,76.26000213623047,75.95500183105469,75.97000122070312,2819609
2026-07-08 13:30:00-04:00,76.17500305175781,76.37000274658203,76.0199966430664,76.0199966430664,2344241
2026-07-08 14:30:00-04:00,75.8550033569336,76.32499694824219,75.70500183105469,76.17500305175781,3415960
2026-07-08 15:30:00-04:00,75.58999633789062,76.05000305175781,75.58499908447266,75.86000061035156,4892172
2026-07-09 09:30:00-04:00,74.91500091552734,75.4800033569336,74.0199966430664,74.26000213623047,6064072
2026-07-09 10:30:00-04:00,74.79000091552734,74.93990325927734,74.30000305175781,74.91000366210938,3923554
2026-07-09 11:30:00-04:00,74.40499877929688,74.8301010131836,74.30000305175781,74.79000091552734,3487033
2026-07-09 12:30:00-04:00,74.62000274658203,74.6500015258789,74.3302993774414,74.40499877929688,3220045
2026-07-09 13:30:00-04:00,74.80999755859375,74.9000015258789,74.56999969482422,74.62000274658203,2917608
2026-07-09 14:30:00-04:00,74.8949966430664,74.94000244140625,74.61499786376953,74.80010223388672,2869223
2026-07-09 15:30:00-04:00,75.45999908447266,75.55000305175781,74.83499908447266,74.9000015258789,4807323
2026-07-10 09:30:00-04:00,73.12229919433594,75.69860076904297,72.7750015258789,75.44999694824219,13100550
2026-07-10 10:30:00-04:00,73.11499786376953,73.38500213623047,72.87999725341797,73.12000274658203,5796206
2026-07-10 11:30:00-04:00,72.92500305175781,73.23500061035156,72.91999816894531,73.11990356445312,4145988
2026-07-10 12:30:00-04:00,72.62000274658203,73.0999984741211,72.6050033569336,72.92990112304688,4438832
2026-07-10 13:30:00-04:00,73.375,73.41999816894531,72.51000213623047,72.61499786376953,4616439
2026-07-10 14:30:00-04:00,73.54499816894531,73.75,73.37460327148438,73.375,3804134
2026-07-10 15:30:00-04:00,73.375,73.67500305175781,73.25,73.54000091552734,4749739
2026-07-13 09:30:00-04:00,74.97000122070312,75.38999938964844,73.9000015258789,73.9000015258789,10107143
2026-07-13 10:30:00-04:00,74.75499725341797,75.44999694824219,74.56999969482422,74.97000122070312,4287174
2026-07-13 11:30:00-04:00,74.65499877929688,74.80999755859375,74.46499633789062,74.76000213623047,3056891
2026-07-13 12:30:00-04:00,74.42500305175781,75.0780029296875,74.33999633789062,74.66000366210938,2698122
2026-07-13 13:30:00-04:00,74.45999908447266,74.59500122070312,74.33999633789062,74.42500305175781,2720196
2026-07-13 14:30:00-04:00,74.06999969482422,74.5198974609375,74.01000213623047,74.45999908447266,3194432
2026-07-13 15:30:00-04:00,73.86000061035156,74.10569763183594,73.70999908447266,74.06999969482422,3872767
2026-07-14 09:30:00-04:00,73.33000183105469,73.5,72.27749633789062,72.63500213623047,8397464
2026-07-14 10:30:00-04:00,73.5199966430664,73.67500305175781,73.24359893798828,73.31999969482422,3540848
2026-07-14 11:30:00-04:00,73.6449966430664,73.68990325927734,73.41000366210938,73.51280212402344,2630387
2026-07-14 12:30:00-04:00,73.95500183105469,74.00499725341797,73.58000183105469,73.6449966430664,2696513
2026-07-14 13:30:00-04:00,73.88639831542969,73.9800033569336,73.625,73.95500183105469,3867915
2026-07-14 14:30:00-04:00,73.82499694824219,73.9000015258789,73.55000305175781,73.87999725341797,3341673
2026-07-14 15:30:00-04:00,73.51499938964844,73.86499786376953,73.4749984741211,73.81999969482422,3935574
2026-07-15 09:30:00-04:00,74.73999786376953,75.05999755859375,73.30000305175781,73.78500366210938,7227636
2026-07-15 10:30:00-04:00,74.21499633789062,74.91000366210938,74.06500244140625,74.75,4182780
2026-07-15 11:30:00-04:00,74.17500305175781,74.52999877929688,74.06500244140625,74.22000122070312,3657651
2026-07-15 12:30:00-04:00,73.93000030517578,74.37999725341797,73.82050323486328,74.18000030517578,2667573
2026-07-15 13:30:00-04:00,73.8550033569336,74.05000305175781,73.66000366210938,73.94000244140625,2523657
2026-07-15 14:30:00-04:00,73.33000183105469,73.98999786376953,73.27999877929688,73.8499984741211,3617682
2026-07-15 15:30:00-04:00,73.66999816894531,73.69000244140625,73.12999725341797,73.32499694824219,3998831
2026-07-16 09:30:00-04:00,73.05000305175781,74.44999694824219,72.94010162353516,73.97000122070312,8426907
2026-07-16 10:30:00-04:00,73.77999877929688,73.81999969482422,73.0250015258789,73.04499816894531,4297107
2026-07-16 11:30:00-04:00,73.79000091552734,73.87999725341797,73.51000213623047,73.77999877929688,3667866
2026-07-16 12:30:00-04:00,74.06999969482422,74.25499725341797,73.79989624023438,73.80249786376953,5157407
2026-07-16 13:30:00-04:00,73.94999694824219,74.13970184326172,73.7699966430664,74.0698013305664,2292911
