Datetime,Close,High,Low,Open,Volume
2026-06-12 11:45:00-04:00,161.99000549316406,162.0,150.0,150.0,26703374
2026-06-12 11:50:00-04:00,168.55999755859375,168.55999755859375,155.82000732421875,162.0,37869796
2026-06-12 11:55:00-04:00,161.30999755859375,168.75,160.0500030517578,168.125,25431072
2026-06-12 12:00:00-04:00,158.44000244140625,164.0,155.4199981689453,161.35000610351562,21791207
2026-06-12 12:05:00-04:00,163.24000549316406,164.0,157.5,158.4149932861328,16191170
2026-06-12 12:10:00-04:00,164.4199981689453,165.4499969482422,161.22000122070312,163.24000549316406,15597523
2026-06-12 12:15:00-04:00,165.47000122070312,167.0,163.64999389648438,164.36000061035156,14055853
2026-06-12 12:20:00-04:00,164.82000732421875,167.77000427246094,161.10000610351562,165.47000122070312,11866482
2026-06-12 12:25:00-04:00,164.968994140625,166.13999938964844,163.3300018310547,164.9499969482422,9029791
2026-06-12 12:30:00-04:00,164.85589599609375,165.47999572753906,163.6999969482422,164.9600067138672,8167196
2026-06-12 12:35:00-04:00,167.99000549316406,168.0,163.07000732421875,164.8800048828125,9692052
2026-06-12 12:40:00-04:00,167.6699981689453,168.35000610351562,165.24000549316406,168.0,7824923
2026-06-12 12:45:00-04:00,168.74000549316406,169.0,166.5,167.66000366210938,8585394
2026-06-12 12:50:00-04:00,169.17999267578125,172.89999389648438,168.6699981689453,168.74000549316406,13677291
2026-06-12 12:55:00-04:00,173.74000549316406,174.0,167.25,169.13999938964844,8669885
2026-06-12 13:00:00-04:00,174.72500610351562,174.8000030517578,170.64999389648438,173.72000122070312,8412488
2026-06-12 13:05:00-04:00,176.27000427246094,176.49000549316406,173.82000732421875,174.6999969482422,10788244
2026-06-12 13:10:00-04:00,171.99000549316406,176.52000427246094,169.4600067138672,176.2899932861328,10690542
2026-06-12 13:15:00-04:00,173.9499969482422,174.5,171.15750122070312,171.15750122070312,5486105
2026-06-12 13:20:00-04:00,172.19869995117188,174.00999450683594,171.0500030517578,173.94000244140625,4824347
2026-06-12 13:25:00-04:00,172.27999877929688,173.0,171.16000366210938,172.14999389648438,3967866
2026-06-12 13:30:00-04:00,171.1999969482422,172.3404998779297,168.0,172.28500366210938,7179363
2026-06-12 13:35:00-04:00,170.07000732421875,171.5,169.25999450683594,171.1999969482422,4217303
2026-06-12 13:40:00-04:00,172.99609375,173.75,169.83999633789062,170.05999755859375,4955304
2026-06-12 13:45:00-04:00,173.7100067138672,174.0,172.3800048828125,172.9600067138672,3534746
2026-06-12 13:50:00-04:00,173.10000610351562,173.8000030517578,171.5399932861328,173.72799682617188,3517698
2026-06-12 13:55:00-04:00,173.3300018310547,173.8699951171875,172.5,173.17999267578125,3034369
2026-06-12 14:00:00-04:00,172.72999572753906,173.36000061035156,171.64999389648438,173.36000061035156,3438428
2026-06-12 14:05:00-04:00,170.7899932861328,172.99000549316406,170.21429443359375,172.72999572753906,4637763
2026-06-12 14:10:00-04:00,167.45559692382812,171.64999389648438,166.50999450683594,170.75,6919056
2026-06-12 14:15:00-04:00,167.4149932861328,169.14500427246094,165.0500030517578,167.57000732421875,6301756
2026-06-12 14:20:00-04:00,168.8699951171875,170.10000610351562,166.1999969482422,167.50999450683594,4522448
2026-06-12 14:25:00-04:00,169.1999969482422,170.0500030517578,168.27000427246094,168.86000061035156,3269766
2026-06-12 14:30:00-04:00,167.41000366210938,169.60000610351562,167.27999877929688,169.2949981689453,3358895
2026-06-12 14:35:00-04:00,169.69500732421875,170.0,166.3000030517578,167.4001007080078,4189976
2026-06-12 14:40:00-04:00,170.25999450683594,170.94000244140625,169.0500030517578,169.689697265625,4431290
2026-06-12 14:45:00-04:00,170.11000061035156,170.77000427246094,168.1300048828125,170.25999450683594,3705662
2026-06-12 14:50:00-04:00,169.07000732421875,170.8000030517578,168.3000030517578,170.1699981689453,3080923
2026-06-12 14:55:00-04:00,168.85000610351562,169.86000061035156,168.3000030517578,169.07000732421875,2889190
2026-06-12 15:00:00-04:00,166.28500366210938,169.22999572753906,165.25999450683594,168.88999938964844,4977083
2026-06-12 15:05:00-04:00,166.8000030517578,167.42999267578125,165.50999450683594,166.28500366210938,3482852
2026-06-12 15:10:00-04:00,164.08999633789062,167.22000122070312,163.24009704589844,166.7010040283203,7071938
2026-06-12 15:15:00-04:00,164.58999633789062,167.1999969482422,163.5,164.16000366210938,5499941
2026-06-12 15:20:00-04:00,161.75,165.0,161.72000122070312,164.63499450683594,6340864
2026-06-12 15:25:00-04:00,161.44000244140625,164.5,161.30999755859375,161.7335968017578,5561763
2026-06-12 15:30:00-04:00,161.11500549316406,161.8000030517578,158.5800018310547,161.4600067138672,11295930
2026-06-12 15:35:00-04:00,160.2550048828125,161.97000122070312,159.50999450683594,161.07000732421875,4786192
2026-06-12 15:40:00-04:00,158.0449981689453,160.32000732421875,157.44000244140625,160.2667999267578,7634760
2026-06-12 15:45:00-04:00,159.60000610351562,160.4199981689453,157.86000061035156,158.0449981689453,5541976
2026-06-12 15:50:00-04:00,160.6999969482422,162.0,159.55999755859375,159.55999755859375,7163001
2026-06-12 15:55:00-04:00,161.27000427246094,162.77000427246094,160.64999389648438,160.77999877929688,8172605
2026-06-15 09:30:00-04:00,170.49000549316406,175.0,170.1999969482422,171.80999755859375,34077291
2026-06-15 09:35:00-04:00,170.10499572753906,171.10000610351562,168.36000061035156,170.5050048828125,7574243
2026-06-15 09:40:00-04:00,171.9600067138672,172.47000122070312,169.39999389648438,170.10000610351562,5003393
2026-06-15 09:45:00-04:00,173.8000030517578,174.08999633789062,171.92999267578125,171.9600067138672,5003512
2026-06-15 09:50:00-04:00,173.5399932861328,174.5800018310547,172.6199951171875,173.8350067138672,4014676
2026-06-15 09:55:00-04:00,173.6300048828125,174.99000549316406,173.44000244140625,173.5500030517578,4437698
2026-06-15 10:00:00-04:00,174.0,174.41000366210938,172.72149658203125,173.6300048828125,3264507
2026-06-15 10:05:00-04:00,172.34500122070312,174.22999572753906,172.13999938964844,174.0,2856604
2026-06-15 10:10:00-04:00,174.4600067138672,174.6999969482422,172.1999969482422,172.2899932861328,4168389
2026-06-15 10:15:00-04:00,173.10989379882812,175.89999389648438,172.75999450683594,174.4250030517578,5972077
2026-06-15 10:20:00-04:00,171.33999633789062,173.74989318847656,170.75999450683594,173.11000061035156,3640479
2026-06-15 10:25:00-04:00,170.85000610351562,171.99000549316406,170.60000610351562,171.34750366210938,2682694
2026-06-15 10:30:00-04:00,169.7899932861328,171.25,169.1999969482422,170.8800048828125,3715098
2026-06-15 10:35:00-04:00,171.3800048828125,171.6999969482422,169.6699981689453,169.77000427246094,2145980
2026-06-15 10:40:00-04:00,172.9149932861328,173.0,171.30999755859375,171.42999267578125,1980909
2026-06-15 10:45:00-04:00,172.5,172.99000549316406,172.0,172.89999389648438,1814773
2026-06-15 10:50:00-04:00,173.22500610351562,173.4199981689453,172.41000366210938,172.50999450683594,1832727
2026-06-15 10:55:00-04:00,173.60000610351562,173.8000030517578,172.9499969482422,173.21490478515625,1473837
2026-06-15 11:00:00-04:00,173.9239959716797,174.0,173.3699951171875,173.58999633789062,1866885
2026-06-15 11:05:00-04:00,173.5500030517578,173.92999267578125,173.0,173.88999938964844,1605293
2026-06-15 11:10:00-04:00,173.8000030517578,173.97000122070312,173.14999389648438,173.5500030517578,1135192
2026-06-15 11:15:00-04:00,173.25999450683594,173.89999389648438,173.00999450683594,173.77999877929688,1488945
2026-06-15 11:20:00-04:00,173.67999267578125,173.67999267578125,172.52999877929688,173.25,1429969
2026-06-15 11:25:00-04:00,173.6616973876953,174.0800018310547,173.10000610351562,173.66000366210938,1680838
2026-06-15 11:30:00-04:00,173.92999267578125,174.0,173.27000427246094,173.64999389648438,1307468
2026-06-15 11:35:00-04:00,173.92579650878906,174.0399932861328,173.5800018310547,173.92999267578125,1479282
2026-06-15 11:40:00-04:00,174.5449981689453,174.64999389648438,173.7100067138672,173.8800048828125,2235269
2026-06-15 11:45:00-04:00,175.53939819335938,175.69000244140625,174.27999877929688,174.52999877929688,2904580
2026-06-15 11:50:00-04:00,178.14320373535156,178.4398956298828,174.8000030517578,175.53939819335938,4359113
2026-06-15 11:55:00-04:00,175.8000030517578,178.47999572753906,175.2100067138672,178.10499572753906,3128410
2026-06-15 12:00:00-04:00,175.27999877929688,175.88999938964844,173.75,175.8300018310547,2615793
2026-06-15 12:05:00-04:00,176.5399932861328,176.55999755859375,174.8000030517578,175.27000427246094,1750830
2026-06-15 12:10:00-04:00,177.13999938964844,177.25,175.55999755859375,176.55999755859375,2150607
2026-06-15 12:15:00-04:00,177.58999633789062,177.8800048828125,176.0,177.14999389648438,2149919
2026-06-15 12:20:00-04:00,177.6313934326172,177.99000549316406,176.32000732421875,177.55999755859375,1759161
2026-06-15 12:25:00-04:00,178.8800048828125,178.9499969482422,177.5,177.5800018310547,2374330
2026-06-15 12:30:00-04:00,178.68499755859375,179.0,178.13009643554688,178.8354949951172,1939771
2026-06-15 12:35:00-04:00,178.5800018310547,179.39999389648438,178.00999450683594,178.71510314941406,2017921
2026-06-15 12:40:00-04:00,178.38999938964844,179.42999267578125,178.0,178.59500122070312,1818690
2026-06-15 12:45:00-04:00,177.97500610351562,178.52999877929688,177.0,178.39999389648438,1695921
2026-06-15 12:50:00-04:00,178.80999755859375,178.89999389648438,177.72999572753906,178.0,1617146
2026-06-15 12:55:00-04:00,179.29989624023438,179.5,178.60000610351562,178.80999755859375,1887196
2026-06-15 13:00:00-04:00,180.6699981689453,181.02999877929688,179.0,179.27000427246094,3996020
2026-06-15 13:05:00-04:00,182.6219940185547,182.7100067138672,180.41000366210938,180.67999267578125,3246886
2026-06-15 13:10:00-04:00,181.6822967529297,184.44000244140625,181.3000030517578,182.63999938964844,3945479
2026-06-15 13:15:00-04:00,181.30999755859375,182.61000061035156,181.0,181.72999572753906,2230249
2026-06-15 13:20:00-04:00,181.69000244140625,182.1999969482422,180.57130432128906,181.35989379882812,2229086
2026-06-15 13:25:00-04:00,183.3350067138672,183.77000427246094,181.5399932861328,181.63999938964844,2297364
2026-06-15 13:30:00-04:00,183.86000061035156,183.9499969482422,182.7899932861328,183.32000732421875,1973857
2026-06-15 13:35:00-04:00,184.39999389648438,184.69000244140625,183.19000244140625,183.8699951171875,1950552
2026-06-15 13:40:00-04:00,184.72000122070312,184.8000030517578,183.8300018310547,184.39999389648438,1730582
2026-06-15 13:45:00-04:00,185.3000030517578,186.66000366210938,184.33999633789062,184.67999267578125,3270122
2026-06-15 13:50:00-04:00,185.8419952392578,186.89990234375,185.0,185.27000427246094,2707379
2026-06-15 13:55:00-04:00,188.40989685058594,188.49000549316406,185.5,185.84469604492188,2999104
2026-06-15 14:00:00-04:00,185.77000427246094,188.8000030517578,185.6999969482422,188.38499450683594,3396800
2026-06-15 14:05:00-04:00,183.875,185.84959411621094,182.30999755859375,185.75,3939631
2026-06-15 14:10:00-04:00,183.72000122070312,184.47999572753906,182.88999938964844,183.8699951171875,2030990
2026-06-15 14:15:00-04:00,184.75,185.38999938964844,183.1699981689453,183.73500061035156,1899544
2026-06-15 14:20:00-04:00,185.2899932861328,185.63999938964844,184.41000366210938,184.75,1603833
2026-06-15 14:25:00-04:00,186.10330200195312,186.42999267578125,184.7899932861328,185.2592010498047,1693862
2026-06-15 14:30:00-04:00,187.17999267578125,187.27999877929688,185.97999572753906,186.13499450683594,1840043
2026-06-15 14:35:00-04:00,185.89700317382812,187.64999389648438,185.61000061035156,187.1999053955078,1871029
2026-06-15 14:40:00-04:00,185.2100067138672,187.0,185.08999633789062,185.875,1685522
2026-06-15 14:45:00-04:00,187.0500030517578,187.8699951171875,185.1501007080078,185.20660400390625,1869681
2026-06-15 14:50:00-04:00,186.7899932861328,187.50999450683594,186.14999389648438,187.10499572753906,1418176
2026-06-15 14:55:00-04:00,187.33999633789062,187.39999389648438,186.2032012939453,186.7899932861328,1165813
2026-06-15 15:00:00-04:00,187.13999938964844,187.67999267578125,186.8800048828125,187.3699951171875,1419707
2026-06-15 15:05:00-04:00,185.80349731445312,187.86000061035156,185.3000030517578,187.14999389648438,2075259
2026-06-15 15:10:00-04:00,183.9199981689453,185.8699951171875,183.13999938964844,185.77499389648438,2320255
2026-06-15 15:15:00-04:00,183.3300018310547,184.4199981689453,182.5,183.9188995361328,2256099
2026-06-15 15:20:00-04:00,182.72000122070312,183.60000610351562,181.5399932861328,183.3300018310547,2299344
2026-06-15 15:25:00-04:00,183.39999389648438,183.5,181.64999389648438,182.77999877929688,2087113
2026-06-15 15:30:00-04:00,184.32000732421875,184.9600067138672,183.0500030517578,183.43499755859375,1872368
2026-06-15 15:35:00-04:00,184.25999450683594,184.8800048828125,182.3000030517578,184.27000427246094,2184544
2026-06-15 15:40:00-04:00,187.64999389648438,187.6999969482422,183.8249969482422,184.3249969482422,2964862
2026-06-15 15:45:00-04:00,189.10000610351562,189.2899932861328,187.34010314941406,187.64999389648438,3910161
2026-06-15 15:50:00-04:00,189.9803009033203,190.97999572753906,188.0,189.01010131835938,5564406
2026-06-15 15:55:00-04:00,192.43499755859375,192.9499969482422,189.75,189.82000732421875,7410291
2026-06-16 09:30:00-04:00,207.99989318847656,212.00999450683594,200.0,200.42030334472656,50694537
2026-06-16 09:35:00-04:00,207.91000366210938,210.0500030517578,206.47000122070312,207.92999267578125,8629322
2026-06-16 09:40:00-04:00,212.34500122070312,214.39999389648438,207.30999755859375,207.5399932861328,9204879
2026-06-16 09:45:00-04:00,216.22500610351562,218.35000610351562,209.66000366210938,212.36000061035156,9714518
2026-06-16 09:50:00-04:00,219.36500549316406,219.67999267578125,215.14999389648438,216.30999755859375,7386427
2026-06-16 09:55:00-04:00,219.0,220.02000427246094,216.8000030517578,219.4199981689453,8121583
2026-06-16 10:00:00-04:00,222.71820068359375,225.63999938964844,218.30999755859375,218.80999755859375,9738930
2026-06-16 10:05:00-04:00,219.60499572753906,222.92999267578125,216.00999450683594,222.66000366210938,9202446
2026-06-16 10:10:00-04:00,216.69000244140625,220.13999938964844,214.0,219.57000732421875,7253623
2026-06-16 10:15:00-04:00,214.11000061035156,218.0,212.5500030517578,216.78900146484375,5938401
2026-06-16 10:20:00-04:00,209.0,215.0,207.5,214.10000610351562,8771005
2026-06-16 10:25:00-04:00,209.58999633789062,212.69000244140625,208.44009399414062,208.99000549316406,5026794
2026-06-16 10:30:00-04:00,209.0030059814453,209.9499053955078,205.0,209.55999755859375,6094895
2026-06-16 10:35:00-04:00,209.8800048828125,209.89999389648438,204.10000610351562,208.89999389648438,5693152
2026-06-16 10:40:00-04:00,206.22000122070312,210.6300048828125,205.80999755859375,209.88999938964844,3914370
2026-06-16 10:45:00-04:00,209.5850067138672,209.85000610351562,205.38340759277344,206.22000122070312,3114107
2026-06-16 10:50:00-04:00,209.85000610351562,213.1199951171875,209.3300018310547,209.5850067138672,4583949
2026-06-16 10:55:00-04:00,207.7550048828125,210.82000732421875,207.0,209.82000732421875,3367947
2026-06-16 11:00:00-04:00,207.31500244140625,208.9499969482422,206.0500030517578,207.8699951171875,3063990
2026-06-16 11:05:00-04:00,210.17999267578125,210.44000244140625,206.3300018310547,207.19009399414062,2639233
2026-06-16 11:10:00-04:00,209.60000610351562,210.83999633789062,208.10000610351562,210.17999267578125,2685986
2026-06-16 11:15:00-04:00,209.60000610351562,211.32000732421875,208.4199981689453,209.60000610351562,2495724
2026-06-16 11:20:00-04:00,211.73500061035156,212.0,209.33999633789062,209.60000610351562,2229647
2026-06-16 11:25:00-04:00,211.1199951171875,213.0,210.19000244140625,211.73500061035156,2953123
2026-06-16 11:30:00-04:00,214.64999389648438,214.75999450683594,210.83999633789062,211.15499877929688,3140161
2026-06-16 11:35:00-04:00,210.90499877929688,214.75999450683594,210.6999969482422,214.66000366210938,2704952
2026-06-16 11:40:00-04:00,210.6300048828125,211.1999969482422,209.08999633789062,210.8800048828125,2418474
2026-06-16 11:45:00-04:00,209.99989318847656,210.69000244140625,207.30099487304688,210.52029418945312,2713587
2026-06-16 11:50:00-04:00,211.30999755859375,211.6999053955078,209.55999755859375,209.99000549316406,1731835
2026-06-16 11:55:00-04:00,211.11000061035156,211.97000122070312,210.75,211.30999755859375,1627754
2026-06-16 12:00:00-04:00,211.8498992919922,212.5,210.63999938964844,211.16000366210938,1935153
2026-06-16 12:05:00-04:00,212.49000549316406,213.9199981689453,211.74000549316406,212.0,2346686
2026-06-16 12:10:00-04:00,213.0399932861328,214.57000732421875,211.89999389648438,212.47000122070312,2199159
2026-06-16 12:15:00-04:00,214.8300018310547,214.99989318847656,213.04530334472656,213.072998046875,1903059
2026-06-16 12:20:00-04:00,216.7292938232422,217.30999755859375,214.1199951171875,214.8675994873047,4288618
2026-06-16 12:25:00-04:00,216.55929565429688,217.3800048828125,214.67999267578125,216.6446990966797,2745130
2026-06-16 12:30:00-04:00,214.8300018310547,216.5699005126953,213.6999969482422,216.5596923828125,2159482
2026-06-16 12:35:00-04:00,215.6699981689453,215.97999572753906,214.10000610351562,214.81680297851562,1656324
2026-06-16 12:40:00-04:00,215.9550018310547,217.27999877929688,215.39999389648438,215.6699981689453,2080279
2026-06-16 12:45:00-04:00,217.10000610351562,217.4600067138672,215.61000061035156,215.9550018310547,2637897
2026-06-16 12:50:00-04:00,216.28500366210938,217.4600067138672,216.1199951171875,217.14990234375,1980419
2026-06-16 12:55:00-04:00,217.1999969482422,217.24000549316406,216.17999267578125,216.2899932861328,1311286
2026-06-16 13:00:00-04:00,217.09730529785156,218.2100067138672,216.5,217.22999572753906,2335070
2026-06-16 13:05:00-04:00,214.98500061035156,217.47999572753906,214.64120483398438,217.15989685058594,2251513
2026-06-16 13:10:00-04:00,216.22000122070312,216.64999389648438,214.9199981689453,214.9600067138672,1184756
2026-06-16 13:15:00-04:00,216.61500549316406,216.89999389648438,215.6999969482422,216.17999267578125,1072999
2026-06-16 13:20:00-04:00,213.35079956054688,216.8699951171875,212.82000732421875,216.60000610351562,2556486
2026-06-16 13:25:00-04:00,214.66000366210938,214.87989807128906,212.7899932861328,213.27999877929688,1423674
2026-06-16 13:30:00-04:00,213.02999877929688,214.8300018310547,212.52999877929688,214.52000427246094,1325323
2026-06-16 13:35:00-04:00,211.8784942626953,213.6999969482422,211.39999389648438,213.02999877929688,1660789
2026-06-16 13:40:00-04:00,210.7801055908203,211.98989868164062,210.6300048828125,211.78500366210938,1511186
2026-06-16 13:45:00-04:00,212.84500122070312,213.38999938964844,210.7550048828125,210.78599548339844,1477393
2026-06-16 13:50:00-04:00,212.25689697265625,213.49000549316406,211.6103057861328,212.88800048828125,1250221
2026-06-16 13:55:00-04:00,211.7899932861328,212.6945037841797,211.08999633789062,212.1199951171875,1127341
2026-06-16 14:00:00-04:00,212.0,212.65989685058594,210.6999969482422,211.6199951171875,1528547
2026-06-16 14:05:00-04:00,213.16000366210938,213.5,212.0,212.07359313964844,1452324
2026-06-16 14:10:00-04:00,213.93600463867188,214.60000610351562,213.1199951171875,213.14999389648438,1511509
2026-06-16 14:15:00-04:00,214.52000427246094,214.8000030517578,213.21009826660156,213.95440673828125,1128748
2026-06-16 14:20:00-04:00,212.6199951171875,214.6699981689453,212.3000030517578,214.52499389648438,1197213
2026-06-16 14:25:00-04:00,212.9149932861328,213.4600067138672,212.33009338378906,212.64500427246094,1084018
2026-06-16 14:30:00-04:00,211.67630004882812,212.93499755859375,211.63450622558594,212.8699951171875,1105700
2026-06-16 14:35:00-04:00,209.67999267578125,211.8000030517578,208.9499969482422,211.63729858398438,2795658
2026-06-16 14:40:00-04:00,209.8000030517578,210.57000732421875,209.1699981689453,209.68499755859375,1452641
2026-06-16 14:45:00-04:00,208.8000030517578,210.0,208.4300994873047,209.89999389648438,1478706
2026-06-16 14:50:00-04:00,208.65499877929688,209.08999633789062,208.3000030517578,208.8249969482422,1277863
2026-06-16 14:55:00-04:00,208.61000061035156,209.75,207.7100067138672,208.64999389648438,2216052
2026-06-16 15:00:00-04:00,206.71499633789062,209.38999938964844,206.61000061035156,208.60499572753906,1864917
2026-06-16 15:05:00-04:00,205.2899932861328,207.67999267578125,205.2899932861328,206.72000122070312,2702736
2026-06-16 15:10:00-04:00,204.46180725097656,205.63999938964844,201.14999389648438,205.27000427246094,4744433
2026-06-16 15:15:00-04:00,201.69000244140625,204.6199951171875,200.8699951171875,204.49000549316406,3027569
2026-06-16 15:20:00-04:00,202.32000732421875,203.1699981689453,200.7100067138672,201.7100067138672,2308043
2026-06-16 15:25:00-04:00,204.0500030517578,204.5,201.91009521484375,202.3300018310547,2276495
2026-06-16 15:30:00-04:00,202.4250030517578,204.5800018310547,202.1999969482422,204.05999755859375,1998471
2026-06-16 15:35:00-04:00,200.38999938964844,202.80999755859375,199.47999572753906,202.4199981689453,7007587
2026-06-16 15:40:00-04:00,198.8300018310547,201.25,196.75999450683594,200.39999389648438,4685354
2026-06-16 15:45:00-04:00,196.87469482421875,198.85989379882812,195.76220703125,198.77000427246094,3638600
2026-06-16 15:50:00-04:00,195.66000366210938,198.84469604492188,195.1300048828125,196.9499969482422,4445999
2026-06-16 15:55:00-04:00,202.0,202.08999633789062,195.6199951171875,195.6199951171875,6167723
2026-06-17 09:30:00-04:00,208.05999755859375,213.79989624023438,207.5500030517578,209.8249969482422,23752788
2026-06-17 09:35:00-04:00,205.8249969482422,209.0,205.3000030517578,208.0800018310547,5081633
2026-06-17 09:40:00-04:00,205.84500122070312,208.0,204.35000610351562,205.60000610351562,4062121
2026-06-17 09:45:00-04:00,203.2050018310547,205.94000244140625,202.22000122070312,205.76499938964844,4154538
2026-06-17 09:50:00-04:00,203.39999389648438,204.88999938964844,202.22000122070312,203.25790405273438,3302053
2026-06-17 09:55:00-04:00,197.3000030517578,203.61000061035156,196.1999969482422,203.49000549316406,8889841
2026-06-17 10:00:00-04:00,193.9709930419922,198.3300018310547,193.61000061035156,197.24000549316406,6817493
2026-06-17 10:05:00-04:00,195.20989990234375,197.3800048828125,192.5,193.91000366210938,5757068
2026-06-17 10:10:00-04:00,197.3699951171875,197.99000549316406,193.1999969482422,195.10000610351562,4301791
2026-06-17 10:15:00-04:00,196.27499389648438,198.0,195.4499969482422,197.35000610351562,2794853
2026-06-17 10:20:00-04:00,199.42010498046875,199.70480346679688,196.30999755859375,196.30999755859375,3618398
2026-06-17 10:25:00-04:00,196.82009887695312,199.8699951171875,195.83999633789062,199.39999389648438,3193052
2026-06-17 10:30:00-04:00,195.66000366210938,197.89999389648438,195.02000427246094,196.70370483398438,2391088
2026-06-17 10:35:00-04:00,195.39999389648438,196.17999267578125,193.75,195.66000366210938,2959362
2026-06-17 10:40:00-04:00,193.8800048828125,196.52999877929688,193.8000030517578,195.42999267578125,2509382
2026-06-17 10:45:00-04:00,191.86000061035156,194.506103515625,190.50999450683594,193.8000030517578,4690536
2026-06-17 10:50:00-04:00,193.6999969482422,193.99000549316406,191.79849243164062,191.79849243164062,2652282
2026-06-17 10:55:00-04:00,193.59500122070312,193.81500244140625,192.3000030517578,193.8000030517578,1684044
2026-06-17 11:00:00-04:00,190.77499389648438,193.6999969482422,190.67999267578125,193.59500122070312,2218198
2026-06-17 11:05:00-04:00,189.88999938964844,191.47999572753906,188.610107421875,190.7899932861328,4972107
2026-06-17 11:10:00-04:00,190.0,190.17999267578125,187.00999450683594,189.89010620117188,4394842
2026-06-17 11:15:00-04:00,190.5989990234375,191.4199981689453,189.5301055908203,190.0,2633639
2026-06-17 11:20:00-04:00,191.08999633789062,191.5,189.19000244140625,190.6300048828125,2661803
2026-06-17 11:25:00-04:00,190.42999267578125,191.32989501953125,188.7449951171875,190.9250030517578,2218899
2026-06-17 11:30:00-04:00,193.20620727539062,193.97999572753906,190.33999633789062,190.41000366210938,2930835
2026-06-17 11:35:00-04:00,194.50999450683594,194.61000061035156,191.77000427246094,193.14999389648438,2013044
2026-06-17 11:40:00-04:00,193.77000427246094,194.99000549316406,193.3000030517578,194.5,2567982
2026-06-17 11:45:00-04:00,194.14999389648438,194.36000061035156,192.6199951171875,193.75830078125,1596195
2026-06-17 11:50:00-04:00,194.47999572753906,194.77999877929688,193.66000366210938,194.11099243164062,1457118
2026-06-17 11:55:00-04:00,195.66000366210938,196.0,193.77000427246094,194.47999572753906,2487824
2026-06-17 12:00:00-04:00,195.24000549316406,196.0,194.20010375976562,195.625,1569943
2026-06-17 12:05:00-04:00,196.22000122070312,196.8000030517578,194.75010681152344,195.24000549316406,1526241
2026-06-17 12:10:00-04:00,196.57000732421875,196.85000610351562,194.3000946044922,196.22000122070312,1665162
2026-06-17 12:15:00-04:00,197.1649932861328,197.74989318847656,196.13999938964844,196.60000610351562,1682329
2026-06-17 12:20:00-04:00,196.9250030517578,197.69000244140625,196.5800018310547,197.24000549316406,1307845
2026-06-17 12:25:00-04:00,196.6999969482422,197.75,195.26690673828125,196.9250030517578,1398292
2026-06-17 12:30:00-04:00,194.27999877929688,197.33999633789062,193.101806640625,196.65499877929688,1803545
2026-06-17 12:35:00-04:00,195.8101043701172,196.35000610351562,194.07000732421875,194.13780212402344,1126111
2026-06-17 12:40:00-04:00,196.9759063720703,197.11000061035156,195.27000427246094,195.88499450683594,2401957
2026-06-17 12:45:00-04:00,196.5500030517578,197.1199951171875,196.0399932861328,197.10000610351562,889769
2026-06-17 12:50:00-04:00,195.4199981689453,196.89999389648438,195.00999450683594,196.5500030517578,876510
2026-06-17 12:55:00-04:00,195.0749969482422,195.60000610351562,194.3000030517578,195.49000549316406,835132
2026-06-17 13:00:00-04:00,195.40499877929688,195.89999389648438,194.5800018310547,194.92999267578125,880593
2026-06-17 13:05:00-04:00,196.69009399414062,196.97999572753906,195.17999267578125,195.40499877929688,871766
2026-06-17 13:10:00-04:00,196.75999450683594,197.25,195.83999633789062,196.783203125,899644
2026-06-17 13:15:00-04:00,198.54400634765625,198.7100067138672,196.5500030517578,196.7899932861328,1476470
2026-06-17 13:20:00-04:00,198.78199768066406,198.99000549316406,197.75,198.4550018310547,1386965
2026-06-17 13:25:00-04:00,198.41000366210938,198.92999267578125,197.88999938964844,198.87989807128906,1240297
2026-06-17 13:30:00-04:00,198.7720947265625,199.5,198.32000732421875,198.47000122070312,1286428
2026-06-17 13:35:00-04:00,199.31500244140625,199.60000610351562,198.11000061035156,198.72120666503906,1095066
2026-06-17 13:40:00-04:00,198.44500732421875,199.6999969482422,198.0,199.27000427246094,981514
2026-06-17 13:45:00-04:00,199.3249969482422,199.60000610351562,198.27999877929688,198.4425048828125,877747
2026-06-17 13:50:00-04:00,199.3300018310547,199.64999389648438,198.60000610351562,199.3000030517578,1103439
2026-06-17 13:55:00-04:00,197.61000061035156,199.42990112304688,196.51010131835938,199.42840576171875,1292169
2026-06-17 14:00:00-04:00,194.06500244140625,197.82000732421875,194.0,197.5850067138672,2053848
2026-06-17 14:05:00-04:00,196.9105987548828,197.3000030517578,193.7899932861328,194.0399932861328,1764951
2026-06-17 14:10:00-04:00,197.52999877929688,197.69000244140625,196.4199981689453,196.97999572753906,1255649
2026-06-17 14:15:00-04:00,197.94500732421875,198.58999633789062,197.52000427246094,197.59500122070312,1182541
2026-06-17 14:20:00-04:00,196.197998046875,197.98989868164062,196.0500030517578,197.97999572753906,1030196
2026-06-17 14:25:00-04:00,196.94000244140625,197.38999938964844,196.0399932861328,196.4199981689453,891967
2026-06-17 14:30:00-04:00,197.77000427246094,198.86279296875,196.72999572753906,196.94000244140625,1036417
2026-06-17 14:35:00-04:00,199.23500061035156,199.4499969482422,197.6199951171875,197.84500122070312,1094341
2026-06-17 14:40:00-04:00,199.80999755859375,200.0800018310547,198.77999877929688,199.33999633789062,2141172
2026-06-17 14:45:00-04:00,199.39999389648438,200.02999877929688,199.0,199.78500366210938,1420334
2026-06-17 14:50:00-04:00,198.94500732421875,199.36000061035156,198.41000366210938,199.36000061035156,874224
2026-06-17 14:55:00-04:00,197.55499267578125,199.04989624023438,196.72000122070312,198.94500732421875,1241848
2026-06-17 15:00:00-04:00,198.16990661621094,198.5800018310547,197.41000366210938,197.55999755859375,817263
2026-06-17 15:05:00-04:00,197.21969604492188,198.65989685058594,197.00999450683594,198.1699981689453,798162
2026-06-17 15:10:00-04:00,197.8000030517578,198.4499969482422,197.0,197.125,876897
2026-06-17 15:15:00-04:00,197.35000610351562,198.5,197.05999755859375,197.7949981689453,796528
2026-06-17 15:20:00-04:00,196.5050048828125,197.8699951171875,196.1999969482422,197.33999633789062,1061286
2026-06-17 15:25:00-04:00,195.50999450683594,197.66000366210938,195.5,196.5050048828125,1163107
2026-06-17 15:30:00-04:00,194.25999450683594,196.3000030517578,194.00010681152344,195.5,1652562
2026-06-17 15:35:00-04:00,192.61000061035156,195.25999450683594,192.3000030517578,194.27000427246094,3790134
2026-06-17 15:40:00-04:00,191.77000427246094,193.60000610351562,191.1199951171875,192.7082977294922,1872496
2026-06-17 15:45:00-04:00,193.60000610351562,194.4394073486328,191.3000030517578,191.8498992919922,2103818
2026-06-17 15:50:00-04:00,191.90499877929688,193.5500030517578,191.0399932861328,193.5399932861328,2486433
2026-06-17 15:55:00-04:00,192.1999969482422,192.6300048828125,190.0,192.01499938964844,4052102
2026-06-18 09:30:00-04:00,182.1999969482422,188.40499877929688,182.10000610351562,188.40499877929688,22133119
2026-06-18 09:35:00-04:00,179.41000366210938,182.30999755859375,177.5399932861328,182.14999389648438,10416572
2026-06-18 09:40:00-04:00,179.35000610351562,180.99000549316406,178.09710693359375,179.36590576171875,5955087
2026-06-18 09:45:00-04:00,181.46499633789062,181.63999938964844,178.89999389648438,179.3699951171875,3423243
2026-06-18 09:50:00-04:00,180.33999633789062,182.82000732421875,180.0399932861328,181.46499633789062,3270420
2026-06-18 09:55:00-04:00,177.74000549316406,180.97999572753906,176.60000610351562,180.33999633789062,4939919
2026-06-18 10:00:00-04:00,179.0800018310547,180.2010040283203,177.22999572753906,177.75,2965565
2026-06-18 10:05:00-04:00,180.1300048828125,181.4199981689453,178.97999572753906,179.0800018310547,2272858
2026-06-18 10:10:00-04:00,181.56500244140625,182.10000610351562,180.0800018310547,180.10000610351562,2094741
2026-06-18 10:15:00-04:00,183.44000244140625,183.5,181.1199951171875,181.6300048828125,2100379
2026-06-18 10:20:00-04:00,182.30999755859375,183.49000549316406,181.6199951171875,183.47999572753906,1870118
2026-06-18 10:25:00-04:00,180.0850067138672,182.80999755859375,179.61000061035156,182.375,2491897
2026-06-18 10:30:00-04:00,180.5500030517578,180.97999572753906,179.75,180.16000366210938,1768135
2026-06-18 10:35:00-04:00,179.27830505371094,181.09500122070312,179.19000244140625,180.50999450683594,2088280
2026-06-18 10:40:00-04:00,178.8101043701172,179.9499969482422,178.17999267578125,179.2899932861328,2354610
2026-06-18 10:45:00-04:00,179.73989868164062,179.7886962890625,178.07000732421875,178.94000244140625,1910382
2026-06-18 10:50:00-04:00,180.13499450683594,180.3300018310547,179.1199951171875,179.74000549316406,1692094
2026-06-18 10:55:00-04:00,179.55999755859375,180.88999938964844,179.1999969482422,180.1699981689453,1357300
2026-06-18 11:00:00-04:00,179.2100067138672,179.8090057373047,179.02000427246094,179.48500061035156,1171479
2026-06-18 11:05:00-04:00,179.139892578125,180.30999755859375,178.54200744628906,179.3000030517578,1494077
2026-06-18 11:10:00-04:00,179.8800048828125,180.25999450683594,178.7722930908203,179.07000732421875,1259357
2026-06-18 11:15:00-04:00,178.91250610351562,180.6479949951172,178.8000030517578,179.85000610351562,1465726
2026-06-18 11:20:00-04:00,177.625,179.11000061035156,177.5399932861328,178.93499755859375,2232399
2026-06-18 11:25:00-04:00,176.64999389648438,177.97000122070312,176.61000061035156,177.64999389648438,2321243
2026-06-18 11:30:00-04:00,176.0,176.75999450683594,175.35000610351562,176.64999389648438,3066915
2026-06-18 11:35:00-04:00,175.5998992919922,177.1199951171875,175.5399932861328,176.0,1826185
2026-06-18 11:40:00-04:00,176.07000732421875,176.9199981689453,175.5500030517578,175.57009887695312,1620375
2026-06-18 11:45:00-04:00,175.92999267578125,176.52999877929688,175.25999450683594,176.0500030517578,1920889
2026-06-18 11:50:00-04:00,177.4149932861328,177.6199951171875,175.88009643554688,175.92999267578125,3477789
2026-06-18 11:55:00-04:00,176.14999389648438,177.85000610351562,175.91000366210938,177.38999938964844,2211998
2026-06-18 12:00:00-04:00,174.9499969482422,176.8300018310547,174.44000244140625,176.1999053955078,3900641
2026-06-18 12:05:00-04:00,172.94000244140625,175.05999755859375,172.69009399414062,174.91329956054688,3768774
2026-06-18 12:10:00-04:00,173.97000122070312,173.97000122070312,172.6300048828125,172.92999267578125,2719802
2026-06-18 12:15:00-04:00,175.33999633789062,175.38999938964844,173.860107421875,173.96820068359375,1990056
2026-06-18 12:20:00-04:00,173.44000244140625,175.50999450683594,173.32090759277344,175.33999633789062,1757077
2026-06-18 12:25:00-04:00,173.10000610351562,174.14500427246094,172.27000427246094,173.4250030517578,2615084
2026-06-18 12:30:00-04:00,172.2635040283203,173.99000549316406,172.18499755859375,173.13999938964844,2269885
2026-06-18 12:35:00-04:00,172.7364044189453,173.53819274902344,172.11000061035156,172.26499938964844,2022561
2026-06-18 12:40:00-04:00,173.77499389648438,173.89999389648438,172.7071075439453,172.74000549316406,1860535
2026-06-18 12:45:00-04:00,174.20989990234375,175.1999969482422,173.1300048828125,173.77499389648438,2430160
2026-06-18 12:50:00-04:00,174.79119873046875,175.5,174.11000061035156,174.14010620117188,1406307
2026-06-18 12:55:00-04:00,175.56509399414062,175.89999389648438,174.12010192871094,174.85000610351562,1602955
2026-06-18 13:00:00-04:00,177.25,177.389892578125,175.49929809570312,175.5924072265625,1907794
2026-06-18 13:05:00-04:00,176.58999633789062,177.80999755859375,176.0850067138672,177.29989624023438,1647949
2026-06-18 13:10:00-04:00,177.77499389648438,177.86000061035156,176.2899932861328,176.6699981689453,1631788
2026-06-18 13:15:00-04:00,178.90499877929688,179.0,177.50010681152344,177.8000030517578,1848120
2026-06-18 13:20:00-04:00,177.8300018310547,179.3000030517578,177.50100708007812,178.9199981689453,1960260
2026-06-18 13:25:00-04:00,178.44590759277344,178.60000610351562,177.0,177.88999938964844,1228137
2026-06-18 13:30:00-04:00,178.01910400390625,179.16000366210938,177.63999938964844,178.47999572753906,1223656
2026-06-18 13:35:00-04:00,178.8699951171875,179.00999450683594,177.1999969482422,178.0500030517578,3138243
2026-06-18 13:40:00-04:00,179.52999877929688,179.75999450683594,178.80999755859375,178.86500549316406,2632357
2026-06-18 13:45:00-04:00,179.68499755859375,179.8699951171875,179.22000122070312,179.5050048828125,2104799
2026-06-18 13:50:00-04:00,179.85000610351562,180.6999969482422,179.1999969482422,179.64999389648438,1815383
2026-06-18 13:55:00-04:00,179.85000610351562,180.83999633789062,179.5399932861328,179.7899932861328,1461240
2026-06-18 14:00:00-04:00,179.08999633789062,179.9499053955078,178.5749053955078,179.85499572753906,1300732
2026-06-18 14:05:00-04:00,180.60989379882812,180.75999450683594,178.0850067138672,179.0800018310547,1718510
2026-06-18 14:10:00-04:00,180.1699981689453,180.61000061035156,179.3699951171875,180.61000061035156,1272580
2026-06-18 14:15:00-04:00,180.13999938964844,180.5998992919922,179.8000030517578,180.15020751953125,1159866
2026-06-18 14:20:00-04:00,179.91099548339844,180.5500030517578,179.76499938964844,180.15330505371094,1463469
2026-06-18 14:25:00-04:00,180.03500366210938,180.17999267578125,179.45010375976562,179.91000366210938,1084861
2026-06-18 14:30:00-04:00,178.9600067138672,180.22999572753906,178.71009826660156,180.05999755859375,1460339
2026-06-18 14:35:00-04:00,180.02000427246094,180.25,178.74009704589844,178.97000122070312,1392156
2026-06-18 14:40:00-04:00,179.58009338378906,180.22999572753906,179.1999969482422,180.0200958251953,1044346
2026-06-18 14:45:00-04:00,180.10000610351562,180.49000549316406,179.5749969482422,179.60499572753906,1157521
2026-06-18 14:50:00-04:00,179.76499938964844,180.39999389648438,179.42999267578125,180.10009765625,1197442
2026-06-18 14:55:00-04:00,178.75999450683594,180.4499969482422,178.36000061035156,179.75999450683594,1187401
2026-06-18 15:00:00-04:00,178.7949981689453,179.3350067138672,178.5399932861328,178.75999450683594,817053
2026-06-18 15:05:00-04:00,180.0399932861328,180.17999267578125,178.72000122070312,178.75,922198
2026-06-18 15:10:00-04:00,179.75999450683594,180.06500244140625,179.30999755859375,180.03500366210938,666151
2026-06-18 15:15:00-04:00,179.85110473632812,179.94000244140625,179.41000366210938,179.76499938964844,686560
2026-06-18 15:20:00-04:00,180.33999633789062,180.39999389648438,179.60000610351562,179.86500549316406,857916
2026-06-18 15:25:00-04:00,182.35000610351562,182.5,180.32000732421875,180.3800048828125,2721901
2026-06-18 15:30:00-04:00,183.860107421875,183.8800048828125,181.92999267578125,182.35000610351562,3699978
2026-06-18 15:35:00-04:00,187.1199951171875,187.30999755859375,183.82000732421875,183.8699951171875,3979552
2026-06-18 15:40:00-04:00,188.38999938964844,188.5,186.1999969482422,187.1199951171875,4363845
2026-06-18 15:45:00-04:00,187.05499267578125,188.99989318847656,185.1199951171875,188.38999938964844,5024983
2026-06-18 15:50:00-04:00,186.3000946044922,190.0,186.3000030517578,187.02999877929688,5838091
2026-06-18 15:55:00-04:00,184.97000122070312,186.80999755859375,184.00999450683594,186.7100067138672,7496180
2026-06-22 09:30:00-04:00,173.6199951171875,176.6479949951172,173.2100067138672,176.04200744628906,12828845
2026-06-22 09:35:00-04:00,172.639892578125,174.40499877929688,172.11000061035156,173.64990234375,3666393
2026-06-22 09:40:00-04:00,171.99000549316406,172.6999053955078,170.82000732421875,172.61000061035156,3952382
2026-06-22 09:45:00-04:00,170.47000122070312,172.10000610351562,170.25999450683594,171.99000549316406,3071702
2026-06-22 09:50:00-04:00,171.0,171.0,169.5800018310547,170.49020385742188,4427332
2026-06-22 09:55:00-04:00,171.9600067138672,172.0,170.3726043701172,170.9949951171875,2382616
2026-06-22 10:00:00-04:00,170.9499969482422,171.99000549316406,170.39999389648438,171.9600067138672,1973747
2026-06-22 10:05:00-04:00,170.91000366210938,171.11000061035156,170.14999389648438,170.96400451660156,1485212
2026-06-22 10:10:00-04:00,168.91000366210938,171.27000427246094,168.88999938964844,170.8800048828125,3142980
2026-06-22 10:15:00-04:00,168.59779357910156,170.0,168.3000030517578,168.89500427246094,2549763
2026-06-22 10:20:00-04:00,167.40499877929688,169.19000244140625,167.39999389648438,168.60000610351562,3271114
2026-06-22 10:25:00-04:00,166.72500610351562,167.41000366210938,166.27999877929688,167.40989685058594,3127107
2026-06-22 10:30:00-04:00,166.2373046875,166.97470092773438,165.64999389648438,166.72830200195312,2772111
2026-06-22 10:35:00-04:00,167.4499969482422,167.48899841308594,166.1800994873047,166.1800994873047,2241236
2026-06-22 10:40:00-04:00,166.0500030517578,168.2449951171875,166.00999450683594,167.4499969482422,2129469
2026-06-22 10:45:00-04:00,165.7899932861328,166.11000061035156,165.39999389648438,166.05499267578125,2546436
2026-06-22 10:50:00-04:00,165.24459838867188,166.0,165.1199951171875,165.7949981689453,1740478
2026-06-22 10:55:00-04:00,167.6999053955078,167.74000549316406,165.1999969482422,165.23989868164062,2134788
2026-06-22 11:00:00-04:00,168.49000549316406,169.5,167.5500030517578,167.6999969482422,2490223
2026-06-22 11:05:00-04:00,167.49009704589844,168.5,167.32009887695312,168.47999572753906,1401343
2026-06-22 11:10:00-04:00,168.13999938964844,168.25,167.3000030517578,167.4949951171875,1853608
2026-06-22 11:15:00-04:00,168.57000732421875,168.75,166.97000122070312,168.1378936767578,1310516
2026-06-22 11:20:00-04:00,168.6945037841797,169.5128936767578,168.41000366210938,168.5570068359375,1264803
2026-06-22 11:25:00-04:00,169.13999938964844,169.44000244140625,168.4550018310547,168.64500427246094,957320
2026-06-22 11:30:00-04:00,168.00999450683594,169.49000549316406,168.0,169.13999938964844,1357862
2026-06-22 11:35:00-04:00,167.0850067138672,168.10000610351562,167.02999877929688,168.00999450683594,1057835
2026-06-22 11:40:00-04:00,166.6112060546875,167.5,166.5500946044922,167.0850067138672,1072308
2026-06-22 11:45:00-04:00,167.389892578125,167.8699951171875,166.5500946044922,166.60499572753906,831697
2026-06-22 11:50:00-04:00,167.85000610351562,167.94000244140625,167.0,167.4149932861328,763348
2026-06-22 11:55:00-04:00,166.7449951171875,168.14999389648438,166.66000366210938,167.89999389648438,924691
2026-06-22 12:00:00-04:00,165.8699951171875,166.9600067138672,165.8000030517578,166.76499938964844,1629867
2026-06-22 12:05:00-04:00,165.55990600585938,166.07000732421875,165.5,165.8699951171875,1217712
2026-06-22 12:10:00-04:00,165.83999633789062,165.9499969482422,165.4001007080078,165.55099487304688,914911
2026-06-22 12:15:00-04:00,165.59500122070312,165.91000366210938,165.5,165.8000030517578,862793
2026-06-22 12:20:00-04:00,165.1925048828125,165.69000244140625,165.14999389648438,165.58999633789062,1139112
2026-06-22 12:25:00-04:00,165.00999450683594,165.1999969482422,165.0,165.18499755859375,1812971
2026-06-22 12:30:00-04:00,165.86500549316406,166.0,165.00010681152344,165.0050048828125,1210948
2026-06-22 12:35:00-04:00,165.625,166.3000030517578,165.5200958251953,165.8699951171875,1237771
2026-06-22 12:40:00-04:00,165.77999877929688,165.9409942626953,165.42999267578125,165.625,625874
2026-06-22 12:45:00-04:00,165.7100067138672,165.85000610351562,165.33999633789062,165.79299926757812,1032704
2026-06-22 12:50:00-04:00,166.11990356445312,166.4499053955078,165.42999267578125,165.75,913968
2026-06-22 12:55:00-04:00,165.66000366210938,166.3000030517578,165.64999389648438,166.11500549316406,606504
2026-06-22 13:00:00-04:00,165.53500366210938,165.91990661621094,165.44000244140625,165.67999267578125,579394
2026-06-22 13:05:00-04:00,165.14999389648438,165.61900329589844,165.02000427246094,165.53829956054688,777450
2026-06-22 13:10:00-04:00,165.01499938964844,165.3800048828125,165.00999450683594,165.16000366210938,614535
2026-06-22 13:15:00-04:00,165.4499969482422,165.60000610351562,165.00999450683594,165.01499938964844,781392
2026-06-22 13:20:00-04:00,165.10499572753906,165.58999633789062,165.0,165.4705047607422,1399453
2026-06-22 13:25:00-04:00,165.0688018798828,165.2899932861328,165.00999450683594,165.10960388183594,697742
2026-06-22 13:30:00-04:00,165.11500549316406,165.38999938964844,165.0,165.06100463867188,985877
2026-06-22 13:35:00-04:00,165.10499572753906,165.25,165.00999450683594,165.1125030517578,673710
2026-06-22 13:40:00-04:00,165.34100341796875,165.5800018310547,165.05999755859375,165.10499572753906,697932
2026-06-22 13:45:00-04:00,165.21499633789062,165.64999389648438,165.1009063720703,165.4075927734375,715856
2026-06-22 13:50:00-04:00,166.4600067138672,166.69000244140625,165.15249633789062,165.22000122070312,1103307
2026-06-22 13:55:00-04:00,166.33970642089844,166.6999969482422,166.25999450683594,166.4499969482422,768770
2026-06-22 14:00:00-04:00,165.39010620117188,166.57400512695312,165.3000030517578,166.3350067138672,897675
2026-06-22 14:05:00-04:00,165.7801055908203,165.8000030517578,165.25,165.38999938964844,667163
2026-06-22 14:10:00-04:00,165.10899353027344,165.88999938964844,165.02000427246094,165.78500366210938,931538
2026-06-22 14:15:00-04:00,165.6096954345703,165.6300048828125,165.10000610351562,165.10499572753906,691722
2026-06-22 14:20:00-04:00,166.20010375976562,166.36000061035156,165.58009338378906,165.60000610351562,866315
2026-06-22 14:25:00-04:00,165.6699981689453,166.3800048828125,165.6125030517578,166.2050018310547,767891
2026-06-22 14:30:00-04:00,165.49000549316406,165.8000030517578,165.35000610351562,165.6750030517578,671644
2026-06-22 14:35:00-04:00,165.1009979248047,165.48939514160156,165.10000610351562,165.47999572753906,548427
2026-06-22 14:40:00-04:00,165.0749969482422,165.24000549316406,165.02999877929688,165.11000061035156,1059844
2026-06-22 14:45:00-04:00,165.08999633789062,165.3000030517578,165.00999450683594,165.0749969482422,838596
2026-06-22 14:50:00-04:00,162.22500610351562,165.1699981689453,162.22000122070312,165.08999633789062,3882063
2026-06-22 14:55:00-04:00,161.51939392089844,162.67999267578125,161.4499969482422,162.22500610351562,2528237
2026-06-22 15:00:00-04:00,161.17010498046875,162.0,161.110107421875,161.52000427246094,1787048
2026-06-22 15:05:00-04:00,160.40550231933594,161.2198944091797,160.39999389648438,161.16000366210938,2266701
2026-06-22 15:10:00-04:00,160.25779724121094,160.64999389648438,160.16000366210938,160.40499877929688,2147955
2026-06-22 15:15:00-04:00,160.01100158691406,160.25779724121094,160.0,160.25100708007812,3067601
2026-06-22 15:20:00-04:00,158.75,160.08999633789062,158.30999755859375,160.01980590820312,5268813
2026-06-22 15:25:00-04:00,158.75999450683594,159.32000732421875,158.0500030517578,158.77499389648438,3269143
2026-06-22 15:30:00-04:00,157.44000244140625,159.22000122070312,157.42010498046875,158.76010131835938,3211228
2026-06-22 15:35:00-04:00,155.739501953125,157.47999572753906,155.5,157.42999267578125,4918584
2026-06-22 15:40:00-04:00,155.80499267578125,156.86000061035156,155.3699951171875,155.5,3981397
2026-06-22 15:45:00-04:00,155.85000610351562,155.8623046875,154.3300018310547,155.8000030517578,5925586
2026-06-22 15:50:00-04:00,155.73300170898438,156.50999450683594,154.0,155.83999633789062,4581716
2026-06-22 15:55:00-04:00,154.58999633789062,155.8000030517578,154.2100067138672,155.74000549316406,5148067
2026-06-23 09:30:00-04:00,152.66510009765625,152.91990661621094,149.0,150.46499633789062,29346960
2026-06-23 09:35:00-04:00,149.33990478515625,154.13999938964844,149.2899932861328,152.6699981689453,5227762
2026-06-23 09:40:00-04:00,148.85400390625,149.51800537109375,147.11000061035156,149.2899932861328,5772409
2026-06-23 09:45:00-04:00,152.54010009765625,153.19000244140625,148.63999938964844,148.8800048828125,4277828
2026-06-23 09:50:00-04:00,153.35499572753906,153.88999938964844,151.62130737304688,152.58990478515625,3213434
2026-06-23 09:55:00-04:00,155.74000549316406,156.5,151.0,153.4199981689453,4086294
2026-06-23 10:00:00-04:00,158.47500610351562,158.8699951171875,155.44000244140625,155.74000549316406,4332167
2026-06-23 10:05:00-04:00,156.6999969482422,158.5,156.27000427246094,158.5,2949162
2026-06-23 10:10:00-04:00,157.4600067138672,157.8699951171875,155.5,156.74000549316406,2294512
2026-06-23 10:15:00-04:00,155.4134979248047,158.1199951171875,155.1199951171875,157.4510040283203,2425669
2026-06-23 10:20:00-04:00,155.47999572753906,155.80999755859375,154.1199951171875,155.42050170898438,2359434
2026-06-23 10:25:00-04:00,155.80499267578125,156.69000244140625,155.08999633789062,155.5,1647555
2026-06-23 10:30:00-04:00,158.2906036376953,158.45989990234375,155.75,155.8778076171875,1868747
2026-06-23 10:35:00-04:00,158.41000366210938,159.3000030517578,157.30999755859375,158.3000030517578,2469079
2026-06-23 10:40:00-04:00,156.77810668945312,158.6898956298828,156.66000366210938,158.4698944091797,1695871
2026-06-23 10:45:00-04:00,156.53500366210938,157.27879333496094,155.63009643554688,156.6800994873047,1561152
2026-06-23 10:50:00-04:00,156.92950439453125,157.8699951171875,156.41250610351562,156.53500366210938,1077356
2026-06-23 10:55:00-04:00,158.41000366210938,158.49989318847656,156.6999969482422,156.8699951171875,2525708
2026-06-23 11:00:00-04:00,159.10499572753906,159.49000549316406,158.08999633789062,158.3800048828125,1913927
2026-06-23 11:05:00-04:00,159.7086944580078,159.83999633789062,158.30999755859375,159.10499572753906,1731576
2026-06-23 11:10:00-04:00,159.0399932861328,159.86000061035156,158.5500030517578,159.66000366210938,1313250
2026-06-23 11:15:00-04:00,157.8249969482422,159.4499969482422,157.8000030517578,159.02999877929688,581240
2026-06-23 11:20:00-04:00,159.56500244140625,159.6699981689453,157.77999877929688,157.8249969482422,1484240
2026-06-23 11:25:00-04:00,158.35000610351562,159.66909790039062,158.1511993408203,159.5500030517578,1122579
2026-06-23 11:30:00-04:00,157.89500427246094,158.33999633789062,157.3000030517578,158.33999633789062,1250938
2026-06-23 11:35:00-04:00,156.9499969482422,158.0,156.8000946044922,157.89500427246094,1064280
2026-06-23 11:40:00-04:00,158.46249389648438,158.5,156.89999389648438,156.9499969482422,3474938
2026-06-23 11:45:00-04:00,158.3699951171875,158.97999572753906,157.92999267578125,158.4600067138672,901495
2026-06-23 11:50:00-04:00,159.77999877929688,159.8000030517578,158.2949981689453,158.3791046142578,1176039
2026-06-23 11:55:00-04:00,161.22000122070312,161.4600067138672,159.4001007080078,159.76499938964844,2266290
2026-06-23 12:00:00-04:00,162.36000061035156,162.3800048828125,161.01010131835938,161.22500610351562,1732086
2026-06-23 12:05:00-04:00,163.16990661621094,163.67999267578125,162.1699981689453,162.36819458007812,2553651
2026-06-23 12:10:00-04:00,162.71009826660156,163.77000427246094,160.11000061035156,163.1300048828125,1738839
2026-06-23 12:15:00-04:00,162.7100067138672,163.32000732421875,162.42999267578125,162.73500061035156,1820595
2026-06-23 12:20:00-04:00,163.75,163.87989807128906,161.6999969482422,162.7100067138672,1655468
2026-06-23 12:25:00-04:00,163.60989379882812,164.13999938964844,163.4300994873047,163.74000549316406,1594949
2026-06-23 12:30:00-04:00,162.74000549316406,165.5,162.3675994873047,163.61000061035156,3465546
2026-06-23 12:35:00-04:00,162.0399932861328,163.19000244140625,161.50999450683594,162.74000549316406,1409893
2026-06-23 12:40:00-04:00,162.80499267578125,163.10000610351562,161.8524932861328,162.0399932861328,845485
2026-06-23 12:45:00-04:00,162.41000366210938,162.97999572753906,161.74000549316406,162.8000030517578,814170
2026-06-23 12:50:00-04:00,162.8699951171875,163.16000366210938,162.0399932861328,162.35499572753906,723054
2026-06-23 12:55:00-04:00,163.2592010498047,163.43150329589844,162.86000061035156,162.9199981689453,880743
2026-06-23 13:00:00-04:00,163.9250030517578,164.02000427246094,163.22999572753906,163.22999572753906,1050594
2026-06-23 13:05:00-04:00,164.3585968017578,164.38999938964844,163.4499969482422,163.92999267578125,1067798
2026-06-23 13:10:00-04:00,164.27999877929688,164.52999877929688,163.7899932861328,164.35000610351562,938253
2026-06-23 13:15:00-04:00,164.30999755859375,164.69960021972656,164.07000732421875,164.3000030517578,812298
2026-06-23 13:20:00-04:00,163.94000244140625,164.67999267578125,163.52999877929688,164.3300018310547,847741
2026-06-23 13:25:00-04:00,163.81500244140625,164.3000030517578,163.3000030517578,163.92999267578125,818629
2026-06-23 13:30:00-04:00,163.22000122070312,163.85000610351562,162.82980346679688,163.81500244140625,717403
2026-06-23 13:35:00-04:00,162.55499267578125,163.75,162.50999450683594,163.22000122070312,769878
2026-06-23 13:40:00-04:00,161.86990356445312,162.98849487304688,161.8000030517578,162.52000427246094,907839
2026-06-23 13:45:00-04:00,161.08999633789062,162.4499969482422,161.00999450683594,161.84500122070312,906678
2026-06-23 13:50:00-04:00,160.52499389648438,161.85000610351562,160.51010131835938,161.07000732421875,912223
2026-06-23 13:55:00-04:00,161.11500549316406,161.35000610351562,160.44000244140625,160.57000732421875,819598
2026-06-23 14:00:00-04:00,161.53590393066406,161.72999572753906,161.05999755859375,161.11000061035156,713917
2026-06-23 14:05:00-04:00,161.89999389648438,162.3800048828125,161.50010681152344,161.55499267578125,859327
2026-06-23 14:10:00-04:00,160.00010681152344,162.0,160.0,161.89999389648438,830194
2026-06-23 14:15:00-04:00,160.0800018310547,160.31500244140625,159.42520141601562,160.0,1266152
2026-06-23 14:20:00-04:00,160.30079650878906,160.64999389648438,159.69000244140625,160.0749969482422,755115
2026-06-23 14:25:00-04:00,160.32009887695312,160.6699981689453,160.16009521484375,160.26499938964844,479888
2026-06-23 14:30:00-04:00,160.1300048828125,160.5399932861328,159.8699951171875,160.3000030517578,603678
2026-06-23 14:35:00-04:00,160.4949951171875,160.74000549316406,159.89999389648438,160.11000061035156,574580
2026-06-23 14:40:00-04:00,159.6125030517578,160.52999877929688,159.5800018310547,160.4989013671875,731187
2026-06-23 14:45:00-04:00,159.25,159.61500549316406,158.33999633789062,159.61500549316406,1119405
2026-06-23 14:50:00-04:00,158.7899932861328,159.57000732421875,158.3000946044922,159.25999450683594,767697
2026-06-23 14:55:00-04:00,158.74249267578125,158.9698944091797,158.16119384765625,158.82000732421875,826264
2026-06-23 15:00:00-04:00,158.3699951171875,158.968994140625,158.25999450683594,158.7449951171875,708307
2026-06-23 15:05:00-04:00,157.6699981689453,158.8000030517578,157.57000732421875,158.36000061035156,957615
2026-06-23 15:10:00-04:00,158.17999267578125,158.33999633789062,157.42999267578125,157.6699981689453,791735
2026-06-23 15:15:00-04:00,157.90499877929688,158.3300018310547,157.3000030517578,158.16729736328125,769930
2026-06-23 15:20:00-04:00,158.33999633789062,158.8699951171875,157.62060546875,157.89999389648438,904162
2026-06-23 15:25:00-04:00,159.0850067138672,159.33999633789062,158.3000030517578,158.32000732421875,902886
2026-06-23 15:30:00-04:00,158.97999572753906,159.3000030517578,158.14999389648438,159.10000610351562,911637
2026-06-23 15:35:00-04:00,159.52999877929688,159.64999389648438,158.75120544433594,158.9550018310547,901856
2026-06-23 15:40:00-04:00,158.22999572753906,160.05999755859375,158.22999572753906,159.56930541992188,1050279
2026-06-23 15:45:00-04:00,158.99000549316406,158.99000549316406,158.22000122070312,158.22500610351562,863298
2026-06-23 15:50:00-04:00,158.90499877929688,159.1300048828125,158.45010375976562,158.9149932861328,1258438
2026-06-23 15:55:00-04:00,156.05999755859375,159.0800018310547,156.02499389648438,158.90499877929688,3275943
2026-06-24 09:30:00-04:00,154.74000549316406,156.17999267578125,153.5800018310547,154.19540405273438,8054946
2026-06-24 09:35:00-04:00,152.381103515625,155.35000610351562,152.13999938964844,154.74029541015625,1943446
2026-06-24 09:40:00-04:00,151.47000122070312,152.88999938964844,150.72000122070312,152.3800048828125,2353737
2026-06-24 09:45:00-04:00,153.3800048828125,153.6999053955078,151.3000030517578,151.48500061035156,1594647
2026-06-24 09:50:00-04:00,154.75990295410156,155.0,153.22999572753906,153.3800048828125,1512048
2026-06-24 09:55:00-04:00,154.14810180664062,154.8300018310547,152.61000061035156,154.77999877929688,1158195
2026-06-24 10:00:00-04:00,156.8800048828125,157.22000122070312,153.4499969482422,154.125,2093830
2026-06-24 10:05:00-04:00,157.47000122070312,157.58999633789062,155.72999572753906,156.8000030517578,1417301
2026-06-24 10:10:00-04:00,155.94500732421875,157.5500030517578,154.77999877929688,157.47500610351562,1262411
2026-06-24 10:15:00-04:00,155.9600067138672,156.1999969482422,154.94000244140625,155.89999389648438,845447
2026-06-24 10:20:00-04:00,157.7100067138672,157.89999389648438,155.22999572753906,155.97000122070312,1301286
2026-06-24 10:25:00-04:00,158.25,158.47000122070312,157.0,157.73989868164062,1192995
2026-06-24 10:30:00-04:00,158.78500366210938,158.99000549316406,157.36000061035156,158.1999969482422,1187515
2026-06-24 10:35:00-04:00,156.85000610351562,158.99000549316406,156.74000549316406,158.7725067138672,1048287
2026-06-24 10:40:00-04:00,157.55999755859375,157.72999572753906,156.35000610351562,156.8990020751953,740338
2026-06-24 10:45:00-04:00,156.3800048828125,157.89999389648438,156.2100067138672,157.4499969482422,726392
2026-06-24 10:50:00-04:00,156.58999633789062,157.35000610351562,156.3101043701172,156.34500122070312,562316
2026-06-24 10:55:00-04:00,157.16639709472656,157.5,156.13999938964844,156.5399932861328,670736
2026-06-24 11:00:00-04:00,158.03250122070312,158.27999877929688,156.91000366210938,157.1999969482422,757497
2026-06-24 11:05:00-04:00,158.0,158.2799072265625,157.53500366210938,158.1999969482422,533056
2026-06-24 11:10:00-04:00,158.28500366210938,158.5673065185547,157.7100067138672,157.98500061035156,617237
2026-06-24 11:15:00-04:00,158.86000061035156,159.57000732421875,158.00999450683594,158.31500244140625,1008948
2026-06-24 11:20:00-04:00,157.94749450683594,159.41000366210938,157.88999938964844,158.80999755859375,932782
2026-06-24 11:25:00-04:00,158.15879821777344,158.39999389648438,157.66000366210938,157.9199981689453,665535
2026-06-24 11:30:00-04:00,158.1699981689453,158.48500061035156,158.0,158.16000366210938,417892
2026-06-24 11:35:00-04:00,159.139892578125,159.39999389648438,158.08810424804688,158.18499755859375,703416
2026-06-24 11:40:00-04:00,159.25,159.38999938964844,158.8699951171875,159.10000610351562,528312
2026-06-24 11:45:00-04:00,159.35000610351562,159.5,158.69000244140625,159.3000030517578,565873
2026-06-24 11:50:00-04:00,159.1199951171875,159.85989379882812,158.8800048828125,159.38999938964844,851661
2026-06-24 11:55:00-04:00,158.63999938964844,159.60000610351562,158.60000610351562,159.06500244140625,578127
2026-06-24 12:00:00-04:00,157.55999755859375,159.0800018310547,157.5,158.65390014648438,867219
2026-06-24 12:05:00-04:00,157.88250732421875,158.16000366210938,157.14999389648438,157.60000610351562,561715
2026-06-24 12:10:00-04:00,158.49000549316406,158.65989685058594,157.69000244140625,157.94000244140625,665348
2026-06-24 12:15:00-04:00,158.33999633789062,158.6999969482422,158.05999755859375,158.52000427246094,433509
2026-06-24 12:20:00-04:00,158.52999877929688,158.8800048828125,158.13330078125,158.36790466308594,419187
2026-06-24 12:25:00-04:00,158.74119567871094,159.0,158.1300048828125,158.61000061035156,376119
2026-06-24 12:30:00-04:00,157.66000366210938,158.83999633789062,157.55999755859375,158.83999633789062,534110
2026-06-24 12:35:00-04:00,156.48379516601562,157.89999389648438,156.25,157.67999267578125,851780
2026-06-24 12:40:00-04:00,156.08999633789062,156.85000610351562,155.5,156.49000549316406,933053
2026-06-24 12:45:00-04:00,155.77999877929688,156.4499969482422,155.33009338378906,156.0749969482422,1229762
2026-06-24 12:50:00-04:00,155.93499755859375,156.38999938964844,155.61500549316406,155.8260040283203,507152
2026-06-24 12:55:00-04:00,156.05999755859375,156.25,155.3448944091797,155.93499755859375,540473
2026-06-24 13:00:00-04:00,156.35499572753906,156.41000366210938,155.83999633789062,156.08999633789062,366116
2026-06-24 13:05:00-04:00,155.73989868164062,156.4199981689453,155.10000610351562,156.35499572753906,672398
2026-06-24 13:10:00-04:00,155.4499969482422,156.24000549316406,155.35000610351562,155.6999969482422,395942
2026-06-24 13:15:00-04:00,155.24000549316406,155.8498992919922,155.03050231933594,155.38999938964844,472841
2026-06-24 13:20:00-04:00,155.50999450683594,155.77999877929688,155.00999450683594,155.3000030517578,546182
2026-06-24 13:25:00-04:00,155.3300018310547,155.77999877929688,155.10000610351562,155.5,391320
2026-06-24 13:30:00-04:00,154.97000122070312,155.64999389648438,154.41000366210938,155.2899932861328,845605
2026-06-24 13:35:00-04:00,155.69000244140625,155.8000030517578,154.8300018310547,155.02999877929688,485996
2026-06-24 13:40:00-04:00,155.1999053955078,155.94000244140625,154.86000061035156,155.6708984375,709304
2026-06-24 13:45:00-04:00,155.22250366210938,155.8000030517578,154.75999450683594,155.1999969482422,503573
2026-06-24 13:50:00-04:00,155.58999633789062,155.74000549316406,154.94000244140625,155.22999572753906,383248
2026-06-24 13:55:00-04:00,154.6300048828125,155.82000732421875,154.22999572753906,155.5399932861328,476639
2026-06-24 14:00:00-04:00,155.1999969482422,155.58670043945312,154.60000610351562,154.63999938964844,434665
2026-06-24 14:05:00-04:00,155.12989807128906,155.42999267578125,154.80999755859375,155.19000244140625,322793
2026-06-24 14:10:00-04:00,155.5955047607422,155.77000427246094,154.90089416503906,155.09500122070312,369221
2026-06-24 14:15:00-04:00,157.08999633789062,157.19000244140625,155.60609436035156,155.60609436035156,815993
2026-06-24 14:20:00-04:00,157.10000610351562,157.23989868164062,156.6999969482422,157.05999755859375,407797
2026-06-24 14:25:00-04:00,157.2100067138672,157.4398956298828,156.91000366210938,157.0399932861328,545000
2026-06-24 14:30:00-04:00,156.86990356445312,158.0399932861328,156.8300018310547,157.25,605892
2026-06-24 14:35:00-04:00,156.4550018310547,157.0,156.16000366210938,156.8699951171875,433601
2026-06-24 14:40:00-04:00,157.1300048828125,157.139892578125,156.1199951171875,156.4882049560547,383008
2026-06-24 14:45:00-04:00,155.4600067138672,157.5,155.27999877929688,157.07000732421875,513969
2026-06-24 14:50:00-04:00,155.47000122070312,156.08999633789062,155.19000244140625,155.47999572753906,670712
2026-06-24 14:55:00-04:00,155.47000122070312,155.8699951171875,155.13999938964844,155.50999450683594,552727
2026-06-24 15:00:00-04:00,156.02999877929688,156.22999572753906,155.14999389648438,155.6300048828125,500377
2026-06-24 15:05:00-04:00,156.74000549316406,157.04969787597656,155.60000610351562,156.12210083007812,569985
2026-06-24 15:10:00-04:00,157.52000427246094,157.64999389648438,156.35000610351562,156.72000122070312,1049566
2026-06-24 15:15:00-04:00,158.3000030517578,158.4199981689453,157.3300018310547,157.52000427246094,1109371
2026-06-24 15:20:00-04:00,157.88999938964844,158.5,156.87010192871094,158.25999450683594,976250
2026-06-24 15:25:00-04:00,156.69000244140625,158.07859802246094,156.01010131835938,157.9600067138672,781357
2026-06-24 15:30:00-04:00,156.4600067138672,157.58999633789062,156.0,156.69000244140625,541562
2026-06-24 15:35:00-04:00,156.36500549316406,156.85000610351562,156.10000610351562,156.33999633789062,444707
2026-06-24 15:40:00-04:00,155.27999877929688,156.468994140625,155.25,156.39999389648438,692758
2026-06-24 15:45:00-04:00,155.73989868164062,156.00999450683594,155.11000061035156,155.27999877929688,673515
2026-06-24 15:50:00-04:00,154.38999938964844,155.77999877929688,154.26010131835938,155.72999572753906,1456513
2026-06-24 15:55:00-04:00,154.4199981689453,156.24989318847656,154.0,154.38999938964844,2880885
2026-06-25 09:30:00-04:00,156.78500366210938,160.64999389648438,156.11000061035156,157.72300720214844,7104735
2026-06-25 09:35:00-04:00,156.16000366210938,159.3699951171875,156.16000366210938,156.6699981689453,1706168
2026-06-25 09:40:00-04:00,154.8000030517578,156.39990234375,154.4199981689453,156.17999267578125,1679026
2026-06-25 09:45:00-04:00,155.0,155.63999938964844,153.38999938964844,154.82000732421875,1532079
2026-06-25 09:50:00-04:00,153.42250061035156,155.5,153.20010375976562,154.96499633789062,1098287
2026-06-25 09:55:00-04:00,150.75,153.88999938964844,150.66000366210938,153.4149932861328,2115279
2026-06-25 10:00:00-04:00,152.4199981689453,152.8800048828125,150.74000549316406,150.74000549316406,1378577
2026-06-25 10:05:00-04:00,153.0500030517578,154.33999633789062,152.39999389648438,152.4149932861328,1321548
2026-06-25 10:10:00-04:00,151.52499389648438,153.6999969482422,150.8800048828125,153.03500366210938,1467703
2026-06-25 10:15:00-04:00,151.15499877929688,152.10989379882812,150.05999755859375,151.5,1600788
2026-06-25 10:20:00-04:00,152.29469299316406,152.94000244140625,151.0749969482422,151.15499877929688,1015862
2026-06-25 10:25:00-04:00,152.13999938964844,152.99000549316406,151.5399932861328,152.25,698488
2026-06-25 10:30:00-04:00,153.2100067138672,153.2899932861328,152.00999450683594,152.2321014404297,784531
2026-06-25 10:35:00-04:00,153.47500610351562,153.74989318847656,152.59010314941406,153.22000122070312,659121
2026-06-25 10:40:00-04:00,152.82899475097656,153.75,152.22000122070312,153.5,511749
2026-06-25 10:45:00-04:00,153.19000244140625,153.25,152.22500610351562,152.8300018310547,435918
2026-06-25 10:50:00-04:00,153.80499267578125,153.97999572753906,153.02000427246094,153.19000244140625,516414
2026-06-25 10:55:00-04:00,153.0500030517578,153.89999389648438,152.94000244140625,153.8000030517578,480940
2026-06-25 11:00:00-04:00,153.85000610351562,153.92999267578125,152.9600067138672,153.10000610351562,412315
2026-06-25 11:05:00-04:00,153.1199951171875,154.27999877929688,152.9600067138672,153.85000610351562,535334
2026-06-25 11:10:00-04:00,151.4199981689453,153.24989318847656,151.11000061035156,153.127197265625,842829
2026-06-25 11:15:00-04:00,152.50999450683594,152.6199951171875,151.11000061035156,151.3699951171875,595092
2026-06-25 11:20:00-04:00,153.0399932861328,153.3300018310547,152.02000427246094,152.47999572753906,507844
2026-06-25 11:25:00-04:00,152.5800018310547,153.2899932861328,152.24000549316406,153.00999450683594,425010
2026-06-25 11:30:00-04:00,152.06500244140625,153.02999877929688,152.00999450683594,152.6999969482422,342296
2026-06-25 11:35:00-04:00,152.02999877929688,152.47999572753906,151.89999389648438,152.06500244140625,398625
2026-06-25 11:40:00-04:00,151.89999389648438,152.33999633789062,151.6614990234375,152.0050048828125,455835
2026-06-25 11:45:00-04:00,151.9600067138672,152.63999938964844,151.8300018310547,151.89999389648438,405181
2026-06-25 11:50:00-04:00,152.6699981689453,152.720703125,151.89010620117188,152.02999877929688,369048
2026-06-25 11:55:00-04:00,152.08999633789062,152.79800415039062,152.04010009765625,152.61700439453125,369702
2026-06-25 12:00:00-04:00,151.83700561523438,152.49000549316406,151.4499969482422,152.19000244140625,635911
2026-06-25 12:05:00-04:00,151.80990600585938,152.0800018310547,151.25,151.8300018310547,533514
2026-06-25 12:10:00-04:00,152.125,152.22999572753906,151.58999633789062,151.72000122070312,554774
2026-06-25 12:15:00-04:00,151.75999450683594,152.47999572753906,151.6999969482422,152.125,492365
2026-06-25 12:20:00-04:00,150.97000122070312,152.19000244140625,150.86000061035156,151.75999450683594,794837
2026-06-25 12:25:00-04:00,151.0800018310547,151.52000427246094,150.9499969482422,151.0543975830078,455023
2026-06-25 12:30:00-04:00,150.57000732421875,151.17999267578125,150.27499389648438,151.0675048828125,988361
2026-06-25 12:35:00-04:00,151.3249969482422,151.4600067138672,150.4499969482422,150.6199951171875,716127
2026-06-25 12:40:00-04:00,151.05999755859375,151.43040466308594,150.97999572753906,151.2899932861328,344882
2026-06-25 12:45:00-04:00,151.35499572753906,151.47999572753906,150.5500030517578,151.05999755859375,462265
2026-06-25 12:50:00-04:00,151.57000732421875,151.85989379882812,151.16000366210938,151.35499572753906,482283
2026-06-25 12:55:00-04:00,151.63499450683594,151.7899932861328,151.36000061035156,151.5500030517578,347863
2026-06-25 13:00:00-04:00,151.63999938964844,151.88999938964844,151.4600067138672,151.6300048828125,325400
2026-06-25 13:05:00-04:00,151.33309936523438,151.6699981689453,150.89999389648438,151.63499450683594,403635
2026-06-25 13:10:00-04:00,151.92999267578125,152.52999877929688,151.16000366210938,151.33999633789062,576472
2026-06-25 13:15:00-04:00,151.1649932861328,152.5500030517578,151.11000061035156,151.92999267578125,443174
2026-06-25 13:20:00-04:00,151.4199981689453,151.4600067138672,150.86000061035156,151.1699981689453,441175
2026-06-25 13:25:00-04:00,151.39999389648438,151.75,151.25010681152344,151.38009643554688,304092
2026-06-25 13:30:00-04:00,151.7899932861328,152.0,151.4199981689453,151.4199981689453,288742
2026-06-25 13:35:00-04:00,151.67999267578125,151.97909545898438,151.57000732421875,151.77999877929688,257965
2026-06-25 13:40:00-04:00,151.3699951171875,151.89999389648438,151.3300018310547,151.72999572753906,287846
2026-06-25 13:45:00-04:00,150.83999633789062,151.39999389648438,150.72000122070312,151.38999938964844,449554
2026-06-25 13:50:00-04:00,151.7100067138672,151.7100067138672,150.69000244140625,150.8625030517578,489720
2026-06-25 13:55:00-04:00,152.0500030517578,152.1999969482422,151.6199951171875,151.6649932861328,453358
2026-06-25 14:00:00-04:00,152.08999633789062,152.52000427246094,151.82000732421875,152.01060485839844,457929
2026-06-25 14:05:00-04:00,152.6999969482422,152.9199981689453,152.0,152.0800018310547,437147
2026-06-25 14:10:00-04:00,152.56790161132812,152.8699951171875,152.24000549316406,152.7239990234375,346156
2026-06-25 14:15:00-04:00,153.08309936523438,153.39999389648438,152.3699951171875,152.57000732421875,433512
2026-06-25 14:20:00-04:00,152.83999633789062,153.3000030517578,152.55999755859375,153.0500030517578,330492
2026-06-25 14:25:00-04:00,153.35989379882812,153.48989868164062,152.8300018310547,152.8300018310547,336233
2026-06-25 14:30:00-04:00,152.5,153.3699951171875,152.4600067138672,153.33999633789062,364824
2026-06-25 14:35:00-04:00,152.8990020751953,153.0500030517578,152.22999572753906,152.50999450683594,347836
2026-06-25 14:40:00-04:00,153.1197052001953,153.52999877929688,152.88999938964844,152.88999938964844,456057
2026-06-25 14:45:00-04:00,153.09100341796875,153.16990661621094,152.58999633789062,153.13499450683594,337414
2026-06-25 14:50:00-04:00,153.2100067138672,153.50999450683594,153.07000732421875,153.10000610351562,353132
2026-06-25 14:55:00-04:00,153.33999633789062,153.4398956298828,152.97999572753906,153.2100067138672,318598
2026-06-25 15:00:00-04:00,152.85890197753906,153.36000061035156,152.60000610351562,153.32000732421875,338647
2026-06-25 15:05:00-04:00,153.1649932861328,153.25,152.82000732421875,152.85000610351562,385951
2026-06-25 15:10:00-04:00,152.9199981689453,153.32000732421875,152.5,153.13009643554688,472986
2026-06-25 15:15:00-04:00,152.89230346679688,153.52999877929688,152.7100067138672,152.9499969482422,539816
2026-06-25 15:20:00-04:00,152.8300018310547,153.0500030517578,152.33999633789062,152.9398956298828,526742
2026-06-25 15:25:00-04:00,152.46499633789062,152.94000244140625,152.3300018310547,152.86000061035156,408584
2026-06-25 15:30:00-04:00,151.99000549316406,152.77000427246094,151.5,152.4499969482422,780643
2026-06-25 15:35:00-04:00,151.9199981689453,152.25,151.6699981689453,151.99000549316406,563274
2026-06-25 15:40:00-04:00,152.8800048828125,152.99000549316406,151.9199981689453,151.9199981689453,603089
2026-06-25 15:45:00-04:00,152.82000732421875,153.10000610351562,152.5800018310547,152.86000061035156,616633
2026-06-25 15:50:00-04:00,152.60000610351562,153.35069274902344,152.55999755859375,152.83999633789062,1120594
2026-06-25 15:55:00-04:00,153.00999450683594,153.0399932861328,152.4199981689453,152.6300048828125,2675699
2026-06-26 09:30:00-04:00,150.91000366210938,151.27999877929688,148.50999450683594,150.6199951171875,8055815
2026-06-26 09:35:00-04:00,151.8000030517578,152.13999938964844,150.0,151.0,1487675
2026-06-26 09:40:00-04:00,151.13999938964844,152.66940307617188,151.09100341796875,151.72999572753906,1263513
2026-06-26 09:45:00-04:00,150.75999450683594,151.27999877929688,150.38999938964844,151.13499450683594,867584
2026-06-26 09:50:00-04:00,149.5500030517578,151.39999389648438,149.10000610351562,150.76499938964844,1434720
2026-06-26 09:55:00-04:00,151.6699981689453,151.85000610351562,149.05999755859375,149.60000610351562,1172801
2026-06-26 10:00:00-04:00,151.78289794921875,152.20989990234375,151.3000030517578,151.6699981689453,904400
2026-06-26 10:05:00-04:00,152.19500732421875,152.4199981689453,151.5,151.76010131835938,652732
2026-06-26 10:10:00-04:00,152.83999633789062,153.49989318847656,151.6999969482422,152.19500732421875,1033728
2026-06-26 10:15:00-04:00,153.22999572753906,153.64999389648438,152.52999877929688,152.83999633789062,916929
2026-06-26 10:20:00-04:00,152.8699951171875,153.60000610351562,152.3300018310547,153.3000030517578,830254
2026-06-26 10:25:00-04:00,152.52999877929688,153.0800018310547,152.07000732421875,152.8350067138672,714896
2026-06-26 10:30:00-04:00,152.27999877929688,152.69000244140625,151.6300048828125,152.5,646175
2026-06-26 10:35:00-04:00,151.49000549316406,152.3699951171875,151.30999755859375,152.27000427246094,556507
2026-06-26 10:40:00-04:00,151.33399963378906,152.10000610351562,151.19009399414062,151.49000549316406,508937
2026-06-26 10:45:00-04:00,152.08999633789062,152.1999969482422,151.3699951171875,151.46499633789062,403048
2026-06-26 10:50:00-04:00,151.63999938964844,152.6300048828125,151.27000427246094,152.1103973388672,494876
2026-06-26 10:55:00-04:00,152.2949981689453,152.3800048828125,151.5800018310547,151.66639709472656,456794
2026-06-26 11:00:00-04:00,152.94000244140625,152.96929931640625,152.13999938964844,152.3000030517578,648723
2026-06-26 11:05:00-04:00,153.16000366210938,153.38999938964844,152.41009521484375,152.94000244140625,662070
2026-06-26 11:10:00-04:00,153.1999969482422,153.75999450683594,152.8800048828125,153.17239379882812,765015
2026-06-26 11:15:00-04:00,154.37989807128906,154.49989318847656,152.83999633789062,153.19000244140625,904424
2026-06-26 11:20:00-04:00,154.9499969482422,155.0,154.35699462890625,154.35699462890625,1186476
2026-06-26 11:25:00-04:00,156.40499877929688,156.47000122070312,154.7899932861328,154.9499969482422,1511980
2026-06-26 11:30:00-04:00,155.6304931640625,156.66000366210938,155.00999450683594,156.35000610351562,890967
2026-06-26 11:35:00-04:00,156.3699951171875,156.75,155.60000610351562,155.65859985351562,784340
2026-06-26 11:40:00-04:00,156.57000732421875,156.60000610351562,156.00999450683594,156.39500427246094,646088
2026-06-26 11:45:00-04:00,155.95010375976562,156.57000732421875,155.80999755859375,156.57000732421875,584795
2026-06-26 11:50:00-04:00,155.82000732421875,156.85000610351562,155.39500427246094,156.0399932861328,795607
2026-06-26 11:55:00-04:00,156.1300048828125,156.7799072265625,155.7899932861328,155.85000610351562,517116
2026-06-26 12:00:00-04:00,156.625,156.72000122070312,155.9499969482422,156.14999389648438,498501
2026-06-26 12:05:00-04:00,156.0500030517578,156.8000030517578,156.02999877929688,156.61000061035156,488861
2026-06-26 12:10:00-04:00,155.83999633789062,156.15499877929688,155.47999572753906,156.0500030517578,562903
2026-06-26 12:15:00-04:00,156.75999450683594,156.92999267578125,155.77000427246094,155.8489990234375,628599
2026-06-26 12:20:00-04:00,157.02000427246094,157.42999267578125,156.0500946044922,156.80999755859375,836136
2026-06-26 12:25:00-04:00,157.4199981689453,157.5,157.00999450683594,157.06500244140625,543434
2026-06-26 12:30:00-04:00,158.27000427246094,158.3300018310547,157.39999389648438,157.4499969482422,1006338
2026-06-26 12:35:00-04:00,157.60000610351562,158.39999389648438,157.52000427246094,158.27000427246094,481202
2026-06-26 12:40:00-04:00,156.85499572753906,157.64999389648438,156.82000732421875,157.61500549316406,604562
2026-06-26 12:45:00-04:00,156.8300018310547,157.0500030517578,156.39999389648438,156.85499572753906,579407
2026-06-26 12:50:00-04:00,157.49000549316406,157.57000732421875,156.72000122070312,156.8249969482422,633336
2026-06-26 12:55:00-04:00,157.33999633789062,157.697998046875,157.09500122070312,157.49000549316406,578063
2026-06-26 13:00:00-04:00,157.8000030517578,157.99000549316406,156.91000366210938,157.32000732421875,517161
2026-06-26 13:05:00-04:00,157.75,157.89999389648438,157.30999755859375,157.80999755859375,362907
2026-06-26 13:10:00-04:00,157.4499969482422,157.8300018310547,157.10000610351562,157.72000122070312,364487
2026-06-26 13:15:00-04:00,157.0,157.6999969482422,156.97999572753906,157.44000244140625,401114
2026-06-26 13:20:00-04:00,156.8000030517578,157.07220458984375,156.3000030517578,157.07220458984375,658476
2026-06-26 13:25:00-04:00,156.16000366210938,156.74000549316406,155.6999969482422,156.74000549316406,592230
2026-06-26 13:30:00-04:00,155.33999633789062,156.60000610351562,155.25,156.14999389648438,1708124
2026-06-26 13:35:00-04:00,155.36500549316406,155.8000030517578,154.86000061035156,155.33999633789062,649516
2026-06-26 13:40:00-04:00,155.4499969482422,155.51499938964844,154.64999389648438,155.35000610351562,590865
2026-06-26 13:45:00-04:00,155.4499969482422,155.60000610351562,155.32000732421875,155.47999572753906,383679
2026-06-26 13:50:00-04:00,155.5749969482422,155.75,155.27000427246094,155.47999572753906,461764
2026-06-26 13:55:00-04:00,155.3800048828125,155.5998992919922,154.8699951171875,155.5749969482422,444959
2026-06-26 14:00:00-04:00,155.10499572753906,155.55999755859375,155.09500122070312,155.34500122070312,313866
2026-06-26 14:05:00-04:00,155.14999389648438,155.33999633789062,154.75,155.0800018310547,386401
2026-06-26 14:10:00-04:00,154.3000030517578,155.1300048828125,154.1199951171875,155.10000610351562,400627
2026-06-26 14:15:00-04:00,153.9499969482422,154.3699951171875,153.8000030517578,154.3000030517578,547439
2026-06-26 14:20:00-04:00,153.17999267578125,154.08999633789062,153.07000732421875,153.94500732421875,678318
2026-06-26 14:25:00-04:00,152.77000427246094,153.47999572753906,152.25999450683594,153.1300048828125,789655
2026-06-26 14:30:00-04:00,153.0,153.07000732421875,152.47000122070312,152.77000427246094,673958
2026-06-26 14:35:00-04:00,152.1999969482422,153.10000610351562,152.14999389648438,153.0,504666
2026-06-26 14:40:00-04:00,152.39999389648438,152.65499877929688,152.02000427246094,152.22000122070312,423986
2026-06-26 14:45:00-04:00,151.4835968017578,152.4499053955078,151.36000061035156,152.41000366210938,729186
2026-06-26 14:50:00-04:00,151.52699279785156,151.5399932861328,150.3800048828125,151.49000549316406,1209060
2026-06-26 14:55:00-04:00,152.86500549316406,153.06500244140625,151.5,151.539306640625,1312139
2026-06-26 15:00:00-04:00,151.97500610351562,152.86000061035156,151.9499969482422,152.82000732421875,939313
2026-06-26 15:05:00-04:00,151.61500549316406,152.42999267578125,151.37100219726562,151.97500610351562,1099647
2026-06-26 15:10:00-04:00,152.39999389648438,152.4434051513672,151.5500030517578,151.61000061035156,643111
2026-06-26 15:15:00-04:00,152.19000244140625,152.4199981689453,151.7899932861328,152.39999389648438,804146
2026-06-26 15:20:00-04:00,151.6699981689453,152.32000732421875,151.52000427246094,152.2100067138672,642888
2026-06-26 15:25:00-04:00,151.6999969482422,152.24000549316406,151.60000610351562,151.6699981689453,657847
2026-06-26 15:30:00-04:00,152.1999053955078,152.2100067138672,151.25,151.71499633789062,774647
2026-06-26 15:35:00-04:00,152.3300018310547,152.6999969482422,152.14999389648438,152.1750030517578,787322
2026-06-26 15:40:00-04:00,152.49000549316406,152.5998992919922,151.8800048828125,152.32000732421875,751345
2026-06-26 15:45:00-04:00,153.6999969482422,153.97999572753906,152.4600067138672,152.5,1324628
2026-06-26 15:50:00-04:00,153.97999572753906,155.77000427246094,153.7050018310547,153.7050018310547,3674446
2026-06-26 15:55:00-04:00,152.6699981689453,153.94500732421875,151.5500030517578,153.9250030517578,3938968
2026-06-29 09:30:00-04:00,158.3300018310547,159.8800048828125,157.6999969482422,158.5,6763822
2026-06-29 09:35:00-04:00,157.52999877929688,159.44000244140625,156.97999572753906,158.30499267578125,2117259
2026-06-29 09:40:00-04:00,157.83990478515625,159.08999633789062,157.25999450683594,157.38999938964844,1383652
2026-06-29 09:45:00-04:00,156.1999053955078,158.6300048828125,155.8000030517578,157.75,1497191
2026-06-29 09:50:00-04:00,157.110107421875,157.33990478515625,155.49000549316406,156.1999969482422,1233798
2026-06-29 09:55:00-04:00,155.3300018310547,157.27000427246094,154.8179931640625,157.13999938964844,1457381
2026-06-29 10:00:00-04:00,154.49929809570312,155.89999389648438,154.27000427246094,155.30999755859375,1103804
2026-06-29 10:05:00-04:00,154.19000244140625,154.5,153.1300048828125,154.4949951171875,1105600
2026-06-29 10:10:00-04:00,151.94500732421875,154.47000122070312,151.75,154.1699981689453,1675847
2026-06-29 10:15:00-04:00,152.5050048828125,153.0,151.735595703125,151.91000366210938,1186681
2026-06-29 10:20:00-04:00,152.08999633789062,152.77999877929688,151.80999755859375,152.52499389648438,1198946
2026-06-29 10:25:00-04:00,153.82000732421875,153.82000732421875,151.97999572753906,152.12570190429688,865599
2026-06-29 10:30:00-04:00,153.75,154.26429748535156,153.1999969482422,153.83090209960938,1013320
2026-06-29 10:35:00-04:00,154.19000244140625,154.59779357910156,153.32000732421875,153.63999938964844,713130
2026-06-29 10:40:00-04:00,153.9499969482422,154.70799255371094,153.5500030517578,154.26010131835938,544378
2026-06-29 10:45:00-04:00,154.77999877929688,155.0,153.52200317382812,153.9199981689453,576444
2026-06-29 10:50:00-04:00,155.73989868164062,155.8300018310547,154.76080322265625,154.76080322265625,809029
2026-06-29 10:55:00-04:00,155.360107421875,155.87989807128906,155.1699981689453,155.64500427246094,600921
2026-06-29 11:00:00-04:00,155.5500030517578,155.85000610351562,155.16000366210938,155.39999389648438,440286
2026-06-29 11:05:00-04:00,155.2917938232422,155.77000427246094,154.8300018310547,155.58999633789062,478450
2026-06-29 11:10:00-04:00,155.0800018310547,155.47000122070312,154.7729949951172,155.3300018310547,470001
2026-06-29 11:15:00-04:00,155.18699645996094,155.7100067138672,154.96009826660156,155.0850067138672,435911
2026-06-29 11:20:00-04:00,155.75999450683594,156.25,155.0,155.1699981689453,807609
2026-06-29 11:25:00-04:00,156.7899932861328,157.0,155.6699981689453,155.77000427246094,874809
2026-06-29 11:30:00-04:00,156.7550048828125,157.0,156.55999755859375,156.8000030517578,379182
2026-06-29 11:35:00-04:00,156.9550018310547,157.2899932861328,156.33999633789062,156.74000549316406,555359
2026-06-29 11:40:00-04:00,156.36000061035156,157.0399932861328,156.02999877929688,156.9600067138672,410903
2026-06-29 11:45:00-04:00,155.86500549316406,156.44000244140625,155.7301025390625,156.36000061035156,339849
2026-06-29 11:50:00-04:00,157.11070251464844,157.1300048828125,155.8782958984375,155.8782958984375,449246
2026-06-29 11:55:00-04:00,156.8426055908203,157.13890075683594,156.52499389648438,157.11000061035156,347097
2026-06-29 12:00:00-04:00,157.3000030517578,157.52000427246094,156.66000366210938,156.80999755859375,656344
2026-06-29 12:05:00-04:00,157.36000061035156,157.52000427246094,156.89999389648438,157.3000030517578,654049
2026-06-29 12:10:00-04:00,156.96119689941406,158.02999877929688,156.72059631347656,157.36000061035156,868262
2026-06-29 12:15:00-04:00,156.89999389648438,157.17999267578125,156.610107421875,156.97000122070312,398208
2026-06-29 12:20:00-04:00,157.05999755859375,157.27000427246094,156.63999938964844,156.83999633789062,434412
2026-06-29 12:25:00-04:00,156.60499572753906,157.15989685058594,156.32000732421875,157.0500030517578,436911
2026-06-29 12:30:00-04:00,156.36000061035156,156.6999969482422,156.0500030517578,156.63999938964844,428420
2026-06-29 12:35:00-04:00,157.06500244140625,157.1300048828125,156.1999969482422,156.33999633789062,402077
2026-06-29 12:40:00-04:00,157.38999938964844,157.5,156.6300048828125,157.05999755859375,478198
2026-06-29 12:45:00-04:00,156.82980346679688,157.3699951171875,156.62010192871094,157.30499267578125,505483
2026-06-29 12:50:00-04:00,157.03500366210938,157.10000610351562,156.46499633789062,156.8300018310547,584090
2026-06-29 12:55:00-04:00,157.2899932861328,157.49000549316406,156.69000244140625,157.03500366210938,626087
2026-06-29 13:00:00-04:00,157.27000427246094,157.75999450683594,157.0,157.25999450683594,644121
2026-06-29 13:05:00-04:00,158.85499572753906,158.85499572753906,157.2220001220703,157.27999877929688,929881
2026-06-29 13:10:00-04:00,159.75540161132812,160.38999938964844,158.8000030517578,158.86000061035156,2121454
2026-06-29 13:15:00-04:00,159.14999389648438,159.77999877929688,158.50010681152344,159.77999877929688,697735
2026-06-29 13:20:00-04:00,158.4799041748047,159.55999755859375,158.10000610351562,159.2135009765625,603528
2026-06-29 13:25:00-04:00,158.89999389648438,158.89999389648438,158.1699981689453,158.4499969482422,439039
2026-06-29 13:30:00-04:00,158.9250030517578,159.4499969482422,158.63999938964844,158.89999389648438,467246
2026-06-29 13:35:00-04:00,158.93499755859375,159.24989318847656,158.48500061035156,158.9250030517578,496590
2026-06-29 13:40:00-04:00,159.69000244140625,159.6999969482422,158.89999389648438,158.89999389648438,516350
2026-06-29 13:45:00-04:00,159.6699981689453,159.9600067138672,159.27000427246094,159.6699981689453,538924
2026-06-29 13:50:00-04:00,159.80499267578125,160.10000610351562,159.47000122070312,159.67999267578125,740519
2026-06-29 13:55:00-04:00,159.96499633789062,160.47999572753906,159.61000061035156,159.8300018310547,860890
2026-06-29 14:00:00-04:00,159.9600067138672,160.16000366210938,159.77999877929688,159.96499633789062,520314
2026-06-29 14:05:00-04:00,159.83999633789062,160.1300048828125,159.5,159.9499969482422,530097
2026-06-29 14:10:00-04:00,160.8083953857422,161.1999969482422,159.77000427246094,159.83999633789062,970904
2026-06-29 14:15:00-04:00,160.0841064453125,160.8800048828125,160.07000732421875,160.77139282226562,620091
2026-06-29 14:20:00-04:00,160.30499267578125,160.51499938964844,159.80569458007812,160.11000061035156,454780
2026-06-29 14:25:00-04:00,160.02000427246094,160.42999267578125,159.8300018310547,160.30499267578125,753580
2026-06-29 14:30:00-04:00,160.76499938964844,160.8000030517578,159.9550018310547,159.9949951171875,525268
2026-06-29 14:35:00-04:00,161.39999389648438,161.57000732421875,160.76499938964844,160.77999877929688,759627
2026-06-29 14:40:00-04:00,161.52999877929688,161.73989868164062,160.92999267578125,161.38999938964844,619463
2026-06-29 14:45:00-04:00,162.1999969482422,162.1999969482422,161.42999267578125,161.52999877929688,698735
2026-06-29 14:50:00-04:00,163.1199951171875,163.19000244140625,162.1300048828125,162.22500610351562,1064089
2026-06-29 14:55:00-04:00,162.8350067138672,163.16000366210938,162.30999755859375,163.1199951171875,805220
2026-06-29 15:00:00-04:00,162.58999633789062,163.25,162.1999969482422,162.8350067138672,889243
2026-06-29 15:05:00-04:00,163.25,163.75,162.52999877929688,162.60000610351562,1066625
2026-06-29 15:10:00-04:00,163.8491973876953,164.22999572753906,163.00999450683594,163.21499633789062,988328
2026-06-29 15:15:00-04:00,164.63999938964844,164.69000244140625,163.50999450683594,163.7949981689453,858924
2026-06-29 15:20:00-04:00,164.83999633789062,165.4499969482422,164.35000610351562,164.64999389648438,1574885
2026-06-29 15:25:00-04:00,164.1699981689453,164.96499633789062,163.80999755859375,164.8699951171875,1057393
2026-06-29 15:30:00-04:00,164.00999450683594,164.29989624023438,163.58999633789062,164.19500732421875,788786
2026-06-29 15:35:00-04:00,164.83399963378906,164.89999389648438,163.8101043701172,164.0399932861328,904150
2026-06-29 15:40:00-04:00,164.75999450683594,165.25750732421875,164.67999267578125,164.8632049560547,1146757
2026-06-29 15:45:00-04:00,165.55499267578125,165.77000427246094,164.52999877929688,164.75999450683594,1134040
2026-06-29 15:50:00-04:00,165.05999755859375,166.1699981689453,164.77000427246094,165.5800018310547,1848798
2026-06-29 15:55:00-04:00,164.0,165.64999389648438,163.83999633789062,165.0500030517578,2576868
2026-06-30 09:30:00-04:00,164.7852020263672,166.0,162.5500030517578,163.14100646972656,5751547
2026-06-30 09:35:00-04:00,162.5399932861328,165.4759979248047,162.14999389648438,164.6999969482422,1336676
2026-06-30 09:40:00-04:00,162.23989868164062,162.89999389648438,161.63999938964844,162.52000427246094,866785
2026-06-30 09:45:00-04:00,162.44000244140625,163.0,161.82000732421875,162.2100067138672,816337
2026-06-30 09:50:00-04:00,163.9499969482422,164.47000122070312,162.4499969482422,162.47000122070312,1025909
2026-06-30 09:55:00-04:00,165.44009399414062,165.64999389648438,163.6300048828125,163.89500427246094,1096294
2026-06-30 10:00:00-04:00,164.97999572753906,165.8300018310547,163.89999389648438,165.46499633789062,1014791
2026-06-30 10:05:00-04:00,163.0,165.38999938964844,162.5,165.0,1394868
2026-06-30 10:10:00-04:00,164.01499938964844,164.33999633789062,162.44000244140625,162.91009521484375,1108803
2026-06-30 10:15:00-04:00,164.9550018310547,165.47000122070312,163.25,163.92999267578125,1462306
2026-06-30 10:20:00-04:00,165.32000732421875,165.5,163.25,164.89999389648438,1329241
2026-06-30 10:25:00-04:00,166.625,166.92999267578125,165.25,165.3000030517578,1659081
2026-06-30 10:30:00-04:00,166.9600067138672,167.39999389648438,165.25,166.6300048828125,1238633
2026-06-30 10:35:00-04:00,166.91000366210938,167.8300018310547,166.24000549316406,166.9199981689453,1199798
2026-06-30 10:40:00-04:00,167.66000366210938,167.73500061035156,166.5,166.94000244140625,970711
2026-06-30 10:45:00-04:00,166.57000732421875,167.92999267578125,166.4600067138672,167.66000366210938,975443
2026-06-30 10:50:00-04:00,167.61000061035156,168.52000427246094,166.5,166.56100463867188,1118780
2026-06-30 10:55:00-04:00,168.5399932861328,168.91000366210938,167.30999755859375,167.57000732421875,940484
2026-06-30 11:00:00-04:00,168.56129455566406,169.88999938964844,168.32000732421875,168.55999755859375,1554907
2026-06-30 11:05:00-04:00,169.52389526367188,170.32000732421875,168.57000732421875,168.6269989013672,1522464
2026-06-30 11:10:00-04:00,170.77499389648438,171.44000244140625,169.17999267578125,169.55499267578125,1564306
2026-06-30 11:15:00-04:00,171.94630432128906,171.9499969482422,169.89999389648438,170.75,1330742
2026-06-30 11:20:00-04:00,172.25999450683594,172.25999450683594,171.02000427246094,171.9499969482422,1403658
2026-06-30 11:25:00-04:00,171.25999450683594,172.39999389648438,170.85000610351562,172.25,1277216
2026-06-30 11:30:00-04:00,171.25,171.389892578125,170.4687957763672,171.22999572753906,1029528
2026-06-30 11:35:00-04:00,170.72999572753906,171.2899932861328,170.1300048828125,171.25,759734
2026-06-30 11:40:00-04:00,169.51019287109375,170.73500061035156,169.30999755859375,170.73500061035156,972727
2026-06-30 11:45:00-04:00,169.8300018310547,170.5800018310547,169.4499969482422,169.58999633789062,914256
2026-06-30 11:50:00-04:00,169.6999969482422,170.1199951171875,169.1999969482422,169.8249969482422,628280
2026-06-30 11:55:00-04:00,169.3350067138672,170.58999633789062,169.17999267578125,169.72000122070312,781263
2026-06-30 12:00:00-04:00,171.0072021484375,171.32000732421875,169.2899932861328,169.33999633789062,790312
2026-06-30 12:05:00-04:00,170.75,171.6199951171875,170.610107421875,170.98500061035156,661232
2026-06-30 12:10:00-04:00,169.6999969482422,171.10000610351562,169.32000732421875,170.77499389648438,720230
2026-06-30 12:15:00-04:00,169.84579467773438,170.41000366210938,169.4199981689453,169.75,830311
2026-06-30 12:20:00-04:00,169.75,170.24989318847656,169.5399932861328,169.86000061035156,691149
2026-06-30 12:25:00-04:00,170.04010009765625,170.3699951171875,169.75,169.77000427246094,529574
2026-06-30 12:30:00-04:00,171.0299072265625,171.08999633789062,169.97000122070312,170.07000732421875,635521
2026-06-30 12:35:00-04:00,170.55499267578125,171.5093994140625,170.4499969482422,171.07000732421875,942466
2026-06-30 12:40:00-04:00,170.94000244140625,171.0,170.5399932861328,170.5399932861328,357002
2026-06-30 12:45:00-04:00,170.9949951171875,171.25,170.77000427246094,170.97000122070312,1240009
2026-06-30 12:50:00-04:00,170.67999267578125,171.0583038330078,170.27999877929688,171.02499389648438,540424
2026-06-30 12:55:00-04:00,170.08999633789062,170.67999267578125,169.91000366210938,170.67999267578125,529852
2026-06-30 13:00:00-04:00,169.21499633789062,170.10499572753906,169.02000427246094,170.08999633789062,759999
2026-06-30 13:05:00-04:00,168.23080444335938,169.23280334472656,168.17999267578125,169.21499633789062,912809
2026-06-30 13:10:00-04:00,169.0,169.35000610351562,168.16000366210938,168.21499633789062,485171
2026-06-30 13:15:00-04:00,170.0,170.27000427246094,168.9490966796875,169.0,555026
2026-06-30 13:20:00-04:00,170.10000610351562,170.75999450683594,170.0,170.0,634361
2026-06-30 13:25:00-04:00,169.92999267578125,170.19000244140625,169.5,170.05999755859375,495355
2026-06-30 13:30:00-04:00,169.71499633789062,170.14999389648438,169.50999450683594,169.9250030517578,951747
2026-06-30 13:35:00-04:00,169.9600067138672,170.32000732421875,169.44000244140625,169.6999969482422,689803
2026-06-30 13:40:00-04:00,170.2899932861328,170.44000244140625,169.87660217285156,169.99000549316406,477873
2026-06-30 13:45:00-04:00,169.99000549316406,170.33999633789062,169.72999572753906,170.32000732421875,534476
2026-06-30 13:50:00-04:00,170.3699951171875,170.3800048828125,169.6300048828125,170.00999450683594,939686
2026-06-30 13:55:00-04:00,170.74000549316406,170.85000610351562,170.25999450683594,170.36000061035156,451172
2026-06-30 14:00:00-04:00,170.4600067138672,171.22970581054688,170.2808074951172,170.74000549316406,663585
2026-06-30 14:05:00-04:00,169.7550048828125,170.5399932861328,169.4600067138672,170.470703125,515665
2026-06-30 14:10:00-04:00,169.64500427246094,169.9499969482422,169.42999267578125,169.7550048828125,519759
2026-06-30 14:15:00-04:00,169.72999572753906,170.0800018310547,169.47000122070312,169.64500427246094,1909977
2026-06-30 14:20:00-04:00,169.47000122070312,169.97999572753906,169.3502960205078,169.72999572753906,404344
2026-06-30 14:25:00-04:00,169.0,169.5500030517578,168.77999877929688,169.51499938964844,502747
2026-06-30 14:30:00-04:00,169.63999938964844,169.67970275878906,168.8699951171875,168.9967041015625,452541
2026-06-30 14:35:00-04:00,169.9499969482422,169.9499969482422,169.34010314941406,169.63999938964844,438103
2026-06-30 14:40:00-04:00,169.7301025390625,169.9499969482422,169.39999389648438,169.91000366210938,453365
2026-06-30 14:45:00-04:00,169.72500610351562,170.0500030517578,169.52000427246094,169.77000427246094,447489
2026-06-30 14:50:00-04:00,169.9149932861328,170.11000061035156,169.7550048828125,169.77999877929688,439267
2026-06-30 14:55:00-04:00,170.05499267578125,170.39999389648438,169.66009521484375,169.9149932861328,623764
2026-06-30 15:00:00-04:00,169.5449981689453,170.10000610351562,169.44000244140625,170.0800018310547,622631
2026-06-30 15:05:00-04:00,169.97999572753906,170.27999877929688,169.36000061035156,169.5500030517578,542068
2026-06-30 15:10:00-04:00,170.78500366210938,170.83999633789062,169.7100067138672,169.9600067138672,734797
2026-06-30 15:15:00-04:00,171.1199951171875,171.69000244140625,170.5800018310547,170.77999877929688,941333
2026-06-30 15:20:00-04:00,171.0800018310547,171.30999755859375,170.85000610351562,171.11000061035156,832898
2026-06-30 15:25:00-04:00,171.23500061035156,171.27999877929688,170.5500030517578,171.06500244140625,816120
2026-06-30 15:30:00-04:00,170.75,171.4593963623047,170.52000427246094,171.25,495621
2026-06-30 15:35:00-04:00,170.55499267578125,170.9499969482422,170.00999450683594,170.75,795771
2026-06-30 15:40:00-04:00,170.52569580078125,170.8000030517578,170.11000061035156,170.58999633789062,804068
2026-06-30 15:45:00-04:00,171.69000244140625,171.73989868164062,170.50010681152344,170.55999755859375,732659
2026-06-30 15:50:00-04:00,170.35000610351562,171.7050018310547,170.13999938964844,171.69000244140625,1081168
2026-06-30 15:55:00-04:00,170.71949768066406,171.24000549316406,170.30999755859375,170.35000610351562,2453397
2026-07-01 09:30:00-04:00,167.289306640625,171.74000549316406,167.13999938964844,171.56500244140625,8828844
2026-07-01 09:35:00-04:00,165.02999877929688,167.6427001953125,164.86000061035156,167.30999755859375,2187753
2026-07-01 09:40:00-04:00,163.89999389648438,165.5399932861328,163.5200958251953,165.0,2157868
2026-07-01 09:45:00-04:00,165.0500030517578,165.24000549316406,163.6199951171875,163.8000030517578,1666840
2026-07-01 09:50:00-04:00,163.5800018310547,165.22000122070312,162.58999633789062,165.07000732421875,1993965
2026-07-01 09:55:00-04:00,162.7050018310547,163.9781036376953,162.49899291992188,163.6199951171875,1283814
2026-07-01 10:00:00-04:00,162.2899932861328,163.33999633789062,160.74000549316406,162.74000549316406,2610811
2026-07-01 10:05:00-04:00,162.97999572753906,163.14999389648438,161.7100067138672,162.2899932861328,1251415
2026-07-01 10:10:00-04:00,161.22500610351562,163.10000610351562,161.11000061035156,162.92999267578125,1692369
2026-07-01 10:15:00-04:00,162.35000610351562,162.52000427246094,160.86000061035156,161.22999572753906,1184794
2026-07-01 10:20:00-04:00,163.22000122070312,163.5,162.02999877929688,162.38229370117188,1923107
2026-07-01 10:25:00-04:00,162.0399932861328,163.4499969482422,161.89999389648438,163.1999969482422,865392
2026-07-01 10:30:00-04:00,159.05999755859375,162.14999389648438,158.5,162.0500030517578,3045668
2026-07-01 10:35:00-04:00,160.5800018310547,160.63999938964844,158.7100067138672,159.0749969482422,1362333
2026-07-01 10:40:00-04:00,160.24000549316406,160.768798828125,159.9600067138672,160.6300048828125,1098235
2026-07-01 10:45:00-04:00,160.4149932861328,160.47000122070312,159.360107421875,160.27000427246094,1098661
2026-07-01 10:50:00-04:00,160.52000427246094,160.97999572753906,160.1199951171875,160.4499969482422,971287
2026-07-01 10:55:00-04:00,159.83990478515625,160.625,159.16000366210938,160.55999755859375,959811
2026-07-01 11:00:00-04:00,160.75,161.02000427246094,159.74000549316406,159.7949981689453,838848
2026-07-01 11:05:00-04:00,159.44000244140625,161.25,159.10000610351562,160.75999450683594,1175350
2026-07-01 11:10:00-04:00,160.9600067138672,161.0,159.1999969482422,159.4250030517578,978484
2026-07-01 11:15:00-04:00,160.72999572753906,161.5050048828125,160.32000732421875,160.97999572753906,1142152
2026-07-01 11:20:00-04:00,161.3300018310547,161.86000061035156,160.68499755859375,160.73500061035156,1124118
2026-07-01 11:25:00-04:00,160.99989318847656,161.8800048828125,160.50999450683594,161.30999755859375,1042597
2026-07-01 11:30:00-04:00,159.92999267578125,161.02999877929688,159.7200927734375,161.0,1152520
2026-07-01 11:35:00-04:00,159.82000732421875,160.25999450683594,159.69000244140625,159.9199981689453,842940
2026-07-01 11:40:00-04:00,160.0399932861328,160.1699981689453,159.27499389648438,159.83999633789062,1329234
2026-07-01 11:45:00-04:00,158.88999938964844,160.08999633789062,158.63999938964844,160.0399932861328,1147419
2026-07-01 11:50:00-04:00,158.53500366210938,159.05999755859375,157.75,158.9199981689453,1797472
2026-07-01 11:55:00-04:00,158.7100067138672,158.85000610351562,158.13999938964844,158.53500366210938,1557301
2026-07-01 12:00:00-04:00,158.23500061035156,159.10000610351562,158.16000366210938,158.7100067138672,775110
2026-07-01 12:05:00-04:00,158.77999877929688,159.0,158.1699981689453,158.23500061035156,711373
2026-07-01 12:10:00-04:00,158.7050018310547,159.4600067138672,158.58999633789062,158.89999389648438,795881
2026-07-01 12:15:00-04:00,159.23500061035156,159.42999267578125,158.4300994873047,158.7050018310547,1028637
2026-07-01 12:20:00-04:00,159.11000061035156,159.64999389648438,158.8699951171875,159.23500061035156,813805
2026-07-01 12:25:00-04:00,159.80999755859375,160.39999389648438,158.39999389648438,159.09500122070312,875123
2026-07-01 12:30:00-04:00,160.1199951171875,160.5,159.63999938964844,159.76499938964844,687559
2026-07-01 12:35:00-04:00,159.9232940673828,160.39999389648438,159.72999572753906,160.1199951171875,604435
2026-07-01 12:40:00-04:00,159.86000061035156,160.2675018310547,159.75999450683594,159.9499969482422,702333
2026-07-01 12:45:00-04:00,160.1649932861328,160.4499969482422,159.65499877929688,159.8699951171875,1895963
2026-07-01 12:50:00-04:00,160.6999969482422,160.86000061035156,160.16000366210938,160.1649932861328,743568
2026-07-01 12:55:00-04:00,159.97500610351562,160.86000061035156,159.77000427246094,160.6999969482422,639040
2026-07-01 13:00:00-04:00,159.97999572753906,160.38999938964844,159.55999755859375,159.97950744628906,595715
2026-07-01 13:05:00-04:00,159.90499877929688,160.02499389648438,159.36000061035156,159.97999572753906,966958
2026-07-01 13:10:00-04:00,160.48500061035156,160.50999450683594,159.5800018310547,159.893798828125,16242
2026-07-01 13:15:00-04:00,161.33999633789062,161.3699951171875,160.48500061035156,160.49000549316406,706622
2026-07-01 13:20:00-04:00,162.55999755859375,162.6999969482422,161.2100067138672,161.33999633789062,932550
2026-07-01 13:25:00-04:00,162.19200134277344,162.6999969482422,161.82000732421875,162.55999755859375,1823872
2026-07-01 13:30:00-04:00,162.1699981689453,162.72000122070312,162.08999633789062,162.19000244140625,659073
2026-07-01 13:35:00-04:00,161.72999572753906,162.26499938964844,161.1699981689453,162.1300048828125,582803
2026-07-01 13:40:00-04:00,161.77999877929688,161.8990020751953,161.24000549316406,161.75999450683594,465902
2026-07-01 13:45:00-04:00,161.2550048828125,162.3000030517578,161.1699981689453,161.77999877929688,549177
2026-07-01 13:50:00-04:00,162.41000366210938,162.489501953125,161.22999572753906,161.33999633789062,798419
2026-07-01 13:55:00-04:00,162.33999633789062,163.13999938964844,162.0,162.41000366210938,931768
2026-07-01 14:00:00-04:00,162.8000030517578,163.44000244140625,162.00999450683594,162.35000610351562,1026324
2026-07-01 14:05:00-04:00,161.52499389648438,163.14999389648438,161.2100067138672,162.79119873046875,872887
2026-07-01 14:10:00-04:00,160.57000732421875,161.57839965820312,160.4405975341797,161.5,795107
2026-07-01 14:15:00-04:00,159.5850067138672,160.5800018310547,159.5500030517578,160.5800018310547,970687
2026-07-01 14:20:00-04:00,158.9149932861328,159.75,158.6199951171875,159.5850067138672,1003437
2026-07-01 14:25:00-04:00,158.78990173339844,159.02000427246094,157.4199981689453,158.9149932861328,1998976
2026-07-01 14:30:00-04:00,158.7104034423828,158.85000610351562,157.83999633789062,158.74000549316406,1267695
2026-07-01 14:35:00-04:00,158.5399932861328,159.00999450683594,158.11500549316406,158.73500061035156,642000
2026-07-01 14:40:00-04:00,158.2100067138672,158.74000549316406,157.63999938964844,158.5500030517578,1353292
2026-07-01 14:45:00-04:00,157.05999755859375,158.2899932861328,156.7899932861328,158.23989868164062,1220127
2026-07-01 14:50:00-04:00,156.91000366210938,157.31500244140625,156.41000366210938,157.07000732421875,881661
2026-07-01 14:55:00-04:00,157.75759887695312,157.8800048828125,156.91000366210938,156.91000366210938,1247197
2026-07-01 15:00:00-04:00,158.13499450683594,158.14999389648438,157.5601043701172,157.7550048828125,666552
2026-07-01 15:05:00-04:00,157.9250030517578,158.38999938964844,157.60000610351562,158.14999389648438,1529173
2026-07-01 15:10:00-04:00,158.35000610351562,158.39999389648438,157.52999877929688,157.9199981689453,707823
2026-07-01 15:15:00-04:00,157.9550018310547,158.42979431152344,157.85000610351562,158.33999633789062,632491
2026-07-01 15:20:00-04:00,157.30999755859375,158.1199951171875,157.1750030517578,157.9550018310547,799800
2026-07-01 15:25:00-04:00,158.23500061035156,158.69000244140625,157.17999267578125,157.3000030517578,664979
2026-07-01 15:30:00-04:00,157.625,158.8800048828125,157.57000732421875,158.22000122070312,717109
2026-07-01 15:35:00-04:00,157.47000122070312,158.08999633789062,156.94000244140625,157.6300048828125,948850
2026-07-01 15:40:00-04:00,157.0399932861328,157.66000366210938,156.7100067138672,157.48989868164062,844424
2026-07-01 15:45:00-04:00,156.8000030517578,157.10000610351562,156.42010498046875,157.07000732421875,1418823
2026-07-01 15:50:00-04:00,157.57249450683594,157.66000366210938,156.16000366210938,156.7949981689453,1640209
2026-07-01 15:55:00-04:00,157.72999572753906,157.72999572753906,157.05999755859375,157.55999755859375,3094733
2026-07-02 09:30:00-04:00,158.44000244140625,159.73500061035156,157.2899932861328,159.72500610351562,4260887
2026-07-02 09:35:00-04:00,156.9600067138672,159.0500030517578,156.82000732421875,158.4250030517578,1156701
2026-07-02 09:40:00-04:00,158.0,159.25,156.91000366210938,157.0,922598
2026-07-02 09:45:00-04:00,159.99000549316406,160.30999755859375,157.0399932861328,158.0,1535787
2026-07-02 09:50:00-04:00,159.72000122070312,161.1300048828125,159.5800018310547,160.00999450683594,1319258
2026-07-02 09:55:00-04:00,160.5749969482422,160.88999938964844,159.36000061035156,159.72500610351562,854576
2026-07-02 10:00:00-04:00,160.28030395507812,160.74989318847656,159.88999938964844,160.58999633789062,487824
2026-07-02 10:05:00-04:00,159.24000549316406,160.99000549316406,158.80999755859375,160.30499267578125,818575
2026-07-02 10:10:00-04:00,159.52999877929688,160.48989868164062,158.82000732421875,159.3000030517578,513481
2026-07-02 10:15:00-04:00,159.4600067138672,160.44000244140625,159.15750122070312,159.55999755859375,431424
2026-07-02 10:20:00-04:00,159.26100158691406,159.75,158.8000030517578,159.4600067138672,477826
2026-07-02 10:25:00-04:00,158.69850158691406,159.389892578125,158.33009338378906,159.30999755859375,549251
2026-07-02 10:30:00-04:00,158.6699981689453,159.02499389648438,158.2899932861328,158.7050018310547,616171
2026-07-02 10:35:00-04:00,158.85000610351562,159.5,158.3699951171875,158.63999938964844,757665
2026-07-02 10:40:00-04:00,157.83999633789062,158.9622039794922,157.36000061035156,158.88499450683594,821556
2026-07-02 10:45:00-04:00,158.24000549316406,158.39999389648438,157.22000122070312,157.85000610351562,814585
2026-07-02 10:50:00-04:00,159.0800018310547,159.38999938964844,158.14999389648438,158.25,714126
2026-07-02 10:55:00-04:00,159.82000732421875,159.8800048828125,159.05999755859375,159.0800018310547,715864
2026-07-02 11:00:00-04:00,158.67999267578125,159.89999389648438,158.6300048828125,159.86000061035156,637894
2026-07-02 11:05:00-04:00,158.27000427246094,158.8990936279297,157.8300018310547,158.67999267578125,697530
2026-07-02 11:10:00-04:00,158.5850067138672,159.25990295410156,157.89999389648438,158.25999450683594,660324
2026-07-02 11:15:00-04:00,158.06500244140625,158.7100067138672,157.57000732421875,158.5500030517578,603632
2026-07-02 11:20:00-04:00,158.49000549316406,158.75250244140625,157.6699981689453,158.06500244140625,557786
2026-07-02 11:25:00-04:00,158.0500030517578,158.55999755859375,157.77999877929688,158.42999267578125,552143
2026-07-02 11:30:00-04:00,158.0800018310547,158.47999572753906,157.9199981689453,158.10000610351562,419632
2026-07-02 11:35:00-04:00,158.77279663085938,158.89999389648438,158.02999877929688,158.0800018310547,456291
2026-07-02 11:40:00-04:00,158.39999389648438,159.0500030517578,158.3300018310547,158.74000549316406,369572
2026-07-02 11:45:00-04:00,158.41000366210938,159.0399932861328,158.3300018310547,158.3300018310547,369377
2026-07-02 11:50:00-04:00,158.8800048828125,158.88999938964844,158.22999572753906,158.35000610351562,439088
2026-07-02 11:55:00-04:00,159.0500030517578,159.3300018310547,158.722900390625,158.88999938964844,457768
2026-07-02 12:00:00-04:00,158.01499938964844,159.1300048828125,157.9199981689453,159.0500030517578,405067
2026-07-02 12:05:00-04:00,157.69000244140625,158.2989959716797,157.5,158.05999755859375,490743
2026-07-02 12:10:00-04:00,158.25,158.4600067138672,157.52000427246094,157.6999969482422,602176
2026-07-02 12:15:00-04:00,157.72000122070312,158.25999450683594,157.3300018310547,158.22500610351562,400712
2026-07-02 12:20:00-04:00,156.94500732421875,157.83999633789062,156.89999389648438,157.72000122070312,567056
2026-07-02 12:25:00-04:00,156.5,157.4499969482422,156.3699951171875,156.94000244140625,498967
2026-07-02 12:30:00-04:00,156.07000732421875,156.58999633789062,155.8800048828125,156.52999877929688,714700
2026-07-02 12:35:00-04:00,156.4600067138672,156.52999877929688,156.02999877929688,156.07000732421875,839024
2026-07-02 12:40:00-04:00,157.61000061035156,157.8282012939453,156.39999389648438,156.39999389648438,528186
2026-07-02 12:45:00-04:00,157.83009338378906,158.05999755859375,157.27000427246094,157.61000061035156,422688
2026-07-02 12:50:00-04:00,157.3249969482422,157.91000366210938,157.25,157.86000061035156,341667
2026-07-02 12:55:00-04:00,157.69000244140625,157.8524932861328,157.0500030517578,157.3249969482422,554202
2026-07-02 13:00:00-04:00,157.38999938964844,157.75999450683594,157.0106964111328,157.66000366210938,467540
2026-07-02 13:05:00-04:00,157.375,158.10000610351562,157.1999969482422,157.41000366210938,542474
2026-07-02 13:10:00-04:00,156.9499969482422,157.55999755859375,156.91000366210938,157.36000061035156,499899
2026-07-02 13:15:00-04:00,156.8300018310547,157.27999877929688,156.69000244140625,156.92999267578125,516791
2026-07-02 13:20:00-04:00,156.72000122070312,157.36000061035156,156.63999938964844,156.8350067138672,372874
2026-07-02 13:25:00-04:00,156.77499389648438,156.84609985351562,156.55999755859375,156.72000122070312,392165
2026-07-02 13:30:00-04:00,156.4499969482422,156.97000122070312,156.42999267578125,156.77000427246094,415457
2026-07-02 13:35:00-04:00,156.19000244140625,156.50999450683594,156.07009887695312,156.4250030517578,461175
2026-07-02 13:40:00-04:00,157.49000549316406,157.5,155.91000366210938,156.19500732421875,537979
2026-07-02 13:45:00-04:00,157.10000610351562,157.47000122070312,156.85000610351562,157.47000122070312,485140
2026-07-02 13:50:00-04:00,157.6999969482422,157.7689971923828,157.07000732421875,157.10000610351562,521789
2026-07-02 13:55:00-04:00,157.3300018310547,157.8800048828125,156.80999755859375,157.6405029296875,652062
2026-07-02 14:00:00-04:00,158.08999633789062,158.3000030517578,157.1199951171875,157.30499267578125,723756
2026-07-02 14:05:00-04:00,158.9949951171875,159.1699981689453,158.0749969482422,158.0850067138672,732791
2026-07-02 14:10:00-04:00,158.47999572753906,159.38999938964844,158.4199981689453,158.9949951171875,596820
2026-07-02 14:15:00-04:00,158.11500549316406,158.75,158.11000061035156,158.47999572753906,487787
2026-07-02 14:20:00-04:00,158.94000244140625,158.9499969482422,158.1199951171875,158.1199951171875,361091
2026-07-02 14:25:00-04:00,158.88999938964844,159.2100067138672,158.72999572753906,158.91000366210938,483066
2026-07-02 14:30:00-04:00,158.9375,159.28500366210938,158.77000427246094,158.89999389648438,336482
2026-07-02 14:35:00-04:00,159.0200958251953,159.09820556640625,158.63999938964844,158.93499755859375,335074
2026-07-02 14:40:00-04:00,159.05999755859375,159.52999877929688,158.8300018310547,159.02000427246094,458111
2026-07-02 14:45:00-04:00,159.4250030517578,159.54849243164062,158.72999572753906,159.0399932861328,581484
2026-07-02 14:50:00-04:00,158.4600067138672,159.4600067138672,158.24000549316406,159.4250030517578,587065
2026-07-02 14:55:00-04:00,158.89999389648438,159.05999755859375,158.3000030517578,158.42999267578125,414074
2026-07-02 15:00:00-04:00,158.3000030517578,158.97000122070312,158.25,158.89999389648438,383886
2026-07-02 15:05:00-04:00,158.5749969482422,158.6999053955078,158.14999389648438,158.3000030517578,372438
2026-07-02 15:10:00-04:00,158.8800048828125,159.0800018310547,158.4199981689453,158.61000061035156,458854
2026-07-02 15:15:00-04:00,158.82000732421875,159.10000610351562,158.59010314941406,158.9324951171875,516251
2026-07-02 15:20:00-04:00,158.90499877929688,158.9499969482422,158.27999877929688,158.83999633789062,390344
2026-07-02 15:25:00-04:00,159.72000122070312,160.00999450683594,158.7899932861328,158.89999389648438,1210707
2026-07-02 15:30:00-04:00,160.5800018310547,160.89999389648438,159.6999969482422,159.6999969482422,1135976
2026-07-02 15:35:00-04:00,160.6300048828125,161.4499969482422,160.22999572753906,160.61990356445312,1089404
2026-07-02 15:40:00-04:00,161.10130310058594,161.5,160.0200958251953,160.55999755859375,1165626
2026-07-02 15:45:00-04:00,161.22999572753906,161.44000244140625,161.0850067138672,161.11000061035156,854031
2026-07-02 15:50:00-04:00,160.8300018310547,161.89999389648438,160.6699981689453,161.24000549316406,1220227
2026-07-02 15:55:00-04:00,161.86000061035156,162.16000366210938,160.80999755859375,160.80999755859375,2086248
2026-07-06 09:30:00-04:00,166.31500244140625,167.89500427246094,165.05099487304688,165.9499969482422,6680420
2026-07-06 09:35:00-04:00,164.3249969482422,166.4058074951172,163.6999969482422,166.31500244140625,1476529
2026-07-06 09:40:00-04:00,166.0749969482422,166.389892578125,164.13999938964844,164.3249969482422,1339381
2026-07-06 09:45:00-04:00,166.69009399414062,167.26499938964844,165.32000732421875,166.00999450683594,1487764
2026-07-06 09:50:00-04:00,165.99960327148438,167.00999450683594,165.5,166.69000244140625,888899
2026-07-06 09:55:00-04:00,164.6999969482422,166.0399932861328,164.5,166.0,965329
2026-07-06 10:00:00-04:00,164.9600067138672,165.52999877929688,164.32000732421875,164.75,727685
2026-07-06 10:05:00-04:00,165.2801055908203,165.80999755859375,164.71499633789062,165.02000427246094,809188
2026-07-06 10:10:00-04:00,163.20989990234375,165.3800048828125,163.16929626464844,165.27999877929688,1020051
2026-07-06 10:15:00-04:00,163.80499267578125,164.17999267578125,163.1300048828125,163.17999267578125,769880
2026-07-06 10:20:00-04:00,164.0,164.3000030517578,163.5500030517578,163.80499267578125,603986
2026-07-06 10:25:00-04:00,162.94000244140625,164.42999267578125,162.5,164.05499267578125,1156118
2026-07-06 10:30:00-04:00,162.96499633789062,163.57000732421875,162.82000732421875,162.92999267578125,690827
2026-07-06 10:35:00-04:00,162.5467071533203,163.10000610351562,162.22999572753906,162.91000366210938,715701
2026-07-06 10:40:00-04:00,162.77999877929688,163.08999633789062,161.63999938964844,162.5500030517578,1021595
2026-07-06 10:45:00-04:00,161.4199981689453,162.77999877929688,161.25,162.77999877929688,850245
2026-07-06 10:50:00-04:00,161.1199951171875,161.4600067138672,159.75,161.42999267578125,1588464
2026-07-06 10:55:00-04:00,161.8699951171875,162.37989807128906,161.07000732421875,161.11000061035156,891257
2026-07-06 11:00:00-04:00,161.1199951171875,162.5,160.97999572753906,161.97999572753906,983496
2026-07-06 11:05:00-04:00,161.7100067138672,161.86000061035156,160.8000030517578,161.13999938964844,498659
2026-07-06 11:10:00-04:00,161.29879760742188,161.97000122070312,161.05050659179688,161.67999267578125,430191
2026-07-06 11:15:00-04:00,160.08999633789062,161.32000732421875,159.38009643554688,161.32000732421875,1098250
2026-07-06 11:20:00-04:00,160.1199951171875,160.33999633789062,159.5500030517578,160.08999633789062,610002
2026-07-06 11:25:00-04:00,160.10000610351562,160.27000427246094,159.80259704589844,160.1649932861328,485921
2026-07-06 11:30:00-04:00,160.77000427246094,161.0,159.96499633789062,160.08180236816406,613980
2026-07-06 11:35:00-04:00,160.66000366210938,161.08999633789062,160.1199951171875,160.77499389648438,514278
2026-07-06 11:40:00-04:00,160.4788055419922,160.9550018310547,160.35000610351562,160.66000366210938,471590
2026-07-06 11:45:00-04:00,160.42999267578125,160.61000061035156,160.2100067138672,160.4499969482422,360517
2026-07-06 11:50:00-04:00,160.36000061035156,160.83999633789062,160.0800018310547,160.4550018310547,428552
2026-07-06 11:55:00-04:00,160.7550048828125,161.15989685058594,160.34500122070312,160.34500122070312,476182
2026-07-06 12:00:00-04:00,161.1300048828125,161.17999267578125,160.52000427246094,160.7799072265625,414121
2026-07-06 12:05:00-04:00,161.56500244140625,162.0,160.86000061035156,161.13999938964844,701547
2026-07-06 12:10:00-04:00,161.0,161.6999969482422,161.0,161.57000732421875,332213
2026-07-06 12:15:00-04:00,161.55499267578125,161.6699981689453,160.8800048828125,160.99000549316406,390332
2026-07-06 12:20:00-04:00,161.16000366210938,161.8000030517578,161.1199951171875,161.57989501953125,294224
2026-07-06 12:25:00-04:00,161.71499633789062,161.75999450683594,160.75999450683594,161.13690185546875,555854
2026-07-06 12:30:00-04:00,162.1269989013672,162.17999267578125,161.5399932861328,161.72000122070312,540444
2026-07-06 12:35:00-04:00,162.2949981689453,162.5,161.75999450683594,162.12559509277344,648134
2026-07-06 12:40:00-04:00,162.33999633789062,162.60000610351562,162.0500030517578,162.2899932861328,395220
2026-07-06 12:45:00-04:00,161.97900390625,162.4199981689453,161.75,162.3300018310547,399427
2026-07-06 12:50:00-04:00,162.27000427246094,162.49000549316406,161.9600067138672,161.99000549316406,560472
2026-07-06 12:55:00-04:00,161.8300018310547,162.38999938964844,161.72000122070312,162.27499389648438,360046
2026-07-06 13:00:00-04:00,161.0500030517578,162.1999969482422,160.94000244140625,161.88999938964844,948526
2026-07-06 13:05:00-04:00,161.1699981689453,161.38999938964844,160.6300048828125,161.0,410222
2026-07-06 13:10:00-04:00,161.25,161.27999877929688,160.64999389648438,161.10000610351562,349007
2026-07-06 13:15:00-04:00,160.88999938964844,161.3699951171875,160.75999450683594,161.27499389648438,378038
2026-07-06 13:20:00-04:00,160.6829071044922,160.9698944091797,160.4340057373047,160.88999938964844,463177
2026-07-06 13:25:00-04:00,160.50990295410156,160.8000030517578,160.39999389648438,160.6750030517578,325527
2026-07-06 13:30:00-04:00,160.1739959716797,160.56500244140625,159.92999267578125,160.49000549316406,654891
2026-07-06 13:35:00-04:00,159.2100067138672,160.22000122070312,159.1199951171875,160.1699981689453,709886
2026-07-06 13:40:00-04:00,157.51499938964844,159.27000427246094,157.13999938964844,159.2100067138672,2126692
2026-07-06 13:45:00-04:00,156.16510009765625,158.25,156.1199951171875,157.4810028076172,1510090
2026-07-06 13:50:00-04:00,155.94500732421875,156.3300018310547,155.5500030517578,156.1300048828125,1815141
2026-07-06 13:55:00-04:00,155.73939514160156,156.07000732421875,155.25999450683594,155.96499633789062,1152404
2026-07-06 14:00:00-04:00,156.83999633789062,156.97999572753906,155.1699981689453,155.72000122070312,1279108
2026-07-06 14:05:00-04:00,157.43499755859375,157.49000549316406,155.6699981689453,156.86500549316406,960164
2026-07-06 14:10:00-04:00,156.9250030517578,157.5699005126953,156.5,157.4199981689453,650045
2026-07-06 14:15:00-04:00,157.21499633789062,157.8865966796875,156.86000061035156,156.9250030517578,619831
2026-07-06 14:20:00-04:00,156.83999633789062,157.3000030517578,156.75999450683594,157.21499633789062,769672
2026-07-06 14:25:00-04:00,156.51499938964844,156.94000244140625,156.27029418945312,156.8874969482422,651095
2026-07-06 14:30:00-04:00,156.2819061279297,156.52999877929688,156.25999450683594,156.39999389648438,382351
2026-07-06 14:35:00-04:00,156.3350067138672,156.5800018310547,156.17999267578125,156.3300018310547,387538
2026-07-06 14:40:00-04:00,156.2624053955078,156.60000610351562,156.18499755859375,156.33999633789062,408095
2026-07-06 14:45:00-04:00,155.89999389648438,156.39999389648438,155.8800048828125,156.27999877929688,786674
2026-07-06 14:50:00-04:00,155.88999938964844,156.25999450683594,155.72999572753906,155.91000366210938,952788
2026-07-06 14:55:00-04:00,155.94000244140625,156.22999572753906,155.7899932861328,155.88999938964844,600343
2026-07-06 15:00:00-04:00,155.63040161132812,156.25,155.52000427246094,155.9199981689453,568837
2026-07-06 15:05:00-04:00,156.38499450683594,156.4499969482422,155.64500427246094,155.64500427246094,543378
2026-07-06 15:10:00-04:00,156.60000610351562,156.6999969482422,156.1999969482422,156.39999389648438,759973
2026-07-06 15:15:00-04:00,156.61000061035156,157.08999633789062,156.25,156.5800018310547,922462
2026-07-06 15:20:00-04:00,156.1699981689453,156.8000030517578,156.0749969482422,156.61000061035156,822080
2026-07-06 15:25:00-04:00,155.75,156.3699951171875,155.66000366210938,156.19500732421875,822823
2026-07-06 15:30:00-04:00,155.21499633789062,155.9199981689453,155.0399932861328,155.75999450683594,1188618
2026-07-06 15:35:00-04:00,156.3000030517578,156.3800048828125,155.22000122070312,155.22000122070312,874419
2026-07-06 15:40:00-04:00,157.25999450683594,157.60000610351562,156.30999755859375,156.3179931640625,1525369
2026-07-06 15:45:00-04:00,158.0,158.0,156.97999572753906,157.22999572753906,2371504
2026-07-06 15:50:00-04:00,159.69000244140625,160.3800048828125,157.9510040283203,157.9510040283203,5470903
2026-07-06 15:55:00-04:00,160.75,160.89999389648438,159.58900451660156,159.74000549316406,7849605
2026-07-07 09:30:00-04:00,157.0,159.29989624023438,156.61000061035156,158.9199981689453,7529421
2026-07-07 09:35:00-04:00,154.5749969482422,157.27549743652344,154.1699981689453,157.0,3326468
2026-07-07 09:40:00-04:00,155.8300018310547,155.9499969482422,154.24000549316406,154.5500030517578,1866031
2026-07-07 09:45:00-04:00,154.7949981689453,155.8800048828125,154.5,155.79750061035156,1466069
2026-07-07 09:50:00-04:00,153.2949981689453,155.10000610351562,153.1020050048828,154.77999877929688,2004880
2026-07-07 09:55:00-04:00,153.0850067138672,153.30999755859375,152.0399932861328,153.2899932861328,1917278
2026-07-07 10:00:00-04:00,152.97000122070312,153.9199981689453,152.4199981689453,153.13999938964844,1353292
2026-07-07 10:05:00-04:00,152.6199951171875,153.08990478515625,152.1999969482422,152.9951934814453,1161394
2026-07-07 10:10:00-04:00,151.13999938964844,152.61000061035156,150.8000030517578,152.55499267578125,2377054
2026-07-07 10:15:00-04:00,151.52000427246094,152.0800018310547,150.85000610351562,151.125,1375569
2026-07-07 10:20:00-04:00,150.7899932861328,151.8000030517578,150.75,151.55999755859375,1068574
2026-07-07 10:25:00-04:00,151.90499877929688,152.0,150.5500030517578,150.80999755859375,1243211
2026-07-07 10:30:00-04:00,151.83999633789062,152.27000427246094,151.3000030517578,151.88999938964844,902033
2026-07-07 10:35:00-04:00,151.2899932861328,152.0,150.86880493164062,151.83999633789062,1229294
2026-07-07 10:40:00-04:00,150.92999267578125,151.4499969482422,150.75999450683594,151.30999755859375,956683
2026-07-07 10:45:00-04:00,150.72999572753906,151.3699951171875,150.2899932861328,150.91000366210938,1143184
2026-07-07 10:50:00-04:00,150.91000366210938,151.1199951171875,150.1199951171875,150.63999938964844,1236975
2026-07-07 10:55:00-04:00,151.52499389648438,151.6999969482422,150.52999877929688,150.89999389648438,1185517
2026-07-07 11:00:00-04:00,151.47500610351562,151.63999938964844,151.0,151.5,592852
2026-07-07 11:05:00-04:00,151.88999938964844,152.1999969482422,151.1300048828125,151.48800659179688,760172
2026-07-07 11:10:00-04:00,151.60000610351562,151.9499969482422,151.27000427246094,151.89999389648438,512288
2026-07-07 11:15:00-04:00,151.4499969482422,151.89999389648438,151.22000122070312,151.61000061035156,529104
2026-07-07 11:20:00-04:00,151.6300048828125,151.97000122070312,151.22000122070312,151.39999389648438,508113
2026-07-07 11:25:00-04:00,151.57530212402344,151.9698944091797,151.3300018310547,151.625,631852
2026-07-07 11:30:00-04:00,151.33419799804688,151.72999572753906,150.7899932861328,151.60000610351562,633459
2026-07-07 11:35:00-04:00,150.71499633789062,151.8699951171875,150.63999938964844,151.40499877929688,518972
2026-07-07 11:40:00-04:00,151.42999267578125,151.58999633789062,150.360107421875,150.71499633789062,548606
2026-07-07 11:45:00-04:00,151.1999969482422,151.8699951171875,151.17999267578125,151.3800048828125,505494
2026-07-07 11:50:00-04:00,151.7449951171875,152.1999969482422,151.15499877929688,151.15499877929688,604384
2026-07-07 11:55:00-04:00,150.85000610351562,151.8000030517578,150.8300018310547,151.72000122070312,629783
2026-07-07 12:00:00-04:00,150.8350067138672,151.39999389648438,150.42050170898438,150.85000610351562,813022
2026-07-07 12:05:00-04:00,151.01499938964844,151.19000244140625,150.48080444335938,150.8350067138672,913634
2026-07-07 12:10:00-04:00,152.01499938964844,152.14999389648438,150.9600067138672,151.0399932861328,704964
2026-07-07 12:15:00-04:00,152.02999877929688,152.3699951171875,151.82000732421875,152.0399932861328,608076
2026-07-07 12:20:00-04:00,152.41000366210938,152.99989318847656,152.0,152.03900146484375,815849
2026-07-07 12:25:00-04:00,152.58999633789062,152.85000610351562,152.2899932861328,152.3800048828125,472246
2026-07-07 12:30:00-04:00,152.5399932861328,153.0800018310547,152.14010620117188,152.55999755859375,697207
2026-07-07 12:35:00-04:00,152.25999450683594,152.64999389648438,151.91000366210938,152.5399932861328,457885
2026-07-07 12:40:00-04:00,151.98019409179688,152.29969787597656,151.92010498046875,152.16000366210938,299430
2026-07-07 12:45:00-04:00,152.67999267578125,152.80999755859375,151.9199981689453,151.98500061035156,397526
2026-07-07 12:50:00-04:00,152.25,152.85000610351562,152.11000061035156,152.61309814453125,444953
2026-07-07 12:55:00-04:00,152.00999450683594,152.27000427246094,151.3249969482422,152.22000122070312,628242
2026-07-07 13:00:00-04:00,152.0,152.1199951171875,151.64500427246094,152.0,358656
2026-07-07 13:05:00-04:00,152.25079345703125,152.4199981689453,151.97000122070312,152.0,349116
2026-07-07 13:10:00-04:00,152.0,152.3800048828125,151.8699951171875,152.2899932861328,345715
2026-07-07 13:15:00-04:00,151.71499633789062,152.06500244140625,151.39999389648438,151.97000122070312,384337
2026-07-07 13:20:00-04:00,151.72000122070312,152.33999633789062,151.60000610351562,151.6999969482422,337110
2026-07-07 13:25:00-04:00,151.9949951171875,152.10000610351562,151.610107421875,151.6999969482422,365301
2026-07-07 13:30:00-04:00,151.9499969482422,152.16000366210938,151.7100067138672,152.02999877929688,213754
2026-07-07 13:35:00-04:00,152.10000610351562,152.21949768066406,151.85000610351562,151.91639709472656,218948
2026-07-07 13:40:00-04:00,152.1999969482422,152.3000030517578,152.0399932861328,152.1300048828125,246337
2026-07-07 13:45:00-04:00,151.875,152.3000030517578,151.8000030517578,152.23899841308594,281602
2026-07-07 13:50:00-04:00,151.99000549316406,152.14999389648438,151.80999755859375,151.85000610351562,232156
2026-07-07 13:55:00-04:00,152.11000061035156,152.22999572753906,151.8800048828125,151.99000549316406,223621
2026-07-07 14:00:00-04:00,152.2050018310547,152.52999877929688,152.09019470214844,152.1199951171875,333598
2026-07-07 14:05:00-04:00,151.875,152.45970153808594,151.77000427246094,152.2050018310547,562926
2026-07-07 14:10:00-04:00,151.8249969482422,152.13999938964844,151.60000610351562,151.875,287775
2026-07-07 14:15:00-04:00,152.0,152.1300048828125,151.66000366210938,151.80999755859375,291147
2026-07-07 14:20:00-04:00,152.1199951171875,152.33999633789062,151.77999877929688,151.9403076171875,296127
2026-07-07 14:25:00-04:00,152.11000061035156,152.22999572753906,151.8800048828125,152.1199951171875,284403
2026-07-07 14:30:00-04:00,151.7899932861328,152.17999267578125,151.74000549316406,152.1199951171875,305784
2026-07-07 14:35:00-04:00,151.28500366210938,151.86000061035156,151.25,151.83999633789062,458318
2026-07-07 14:40:00-04:00,151.50999450683594,151.52999877929688,151.08999633789062,151.27000427246094,383269
2026-07-07 14:45:00-04:00,151.31500244140625,151.61990356445312,151.14999389648438,151.52999877929688,286998
2026-07-07 14:50:00-04:00,151.08999633789062,151.32000732421875,150.75,151.30479431152344,879133
2026-07-07 14:55:00-04:00,150.89999389648438,151.1699981689453,150.80029296875,151.0,1690426
2026-07-07 15:00:00-04:00,150.49749755859375,150.9600067138672,150.4199981689453,150.92999267578125,588199
2026-07-07 15:05:00-04:00,150.36000061035156,150.5500030517578,150.07000732421875,150.47000122070312,1139250
2026-07-07 15:10:00-04:00,150.30499267578125,150.52000427246094,150.24000549316406,150.3791046142578,559082
2026-07-07 15:15:00-04:00,150.64999389648438,150.74000549316406,150.1199951171875,150.30499267578125,774749
2026-07-07 15:20:00-04:00,150.78500366210938,150.8800048828125,150.39999389648438,150.67999267578125,875324
2026-07-07 15:25:00-04:00,150.4199981689453,150.83990478515625,150.35000610351562,150.75999450683594,503245
2026-07-07 15:30:00-04:00,150.5800018310547,150.80999755859375,150.3800048828125,150.4199981689453,526776
2026-07-07 15:35:00-04:00,150.49000549316406,150.72000122070312,150.3300018310547,150.5850067138672,594750
2026-07-07 15:40:00-04:00,150.32000732421875,150.52999877929688,150.1300048828125,150.47999572753906,1174902
2026-07-07 15:45:00-04:00,150.52499389648438,150.69000244140625,150.3000030517578,150.3000030517578,668871
2026-07-07 15:50:00-04:00,149.47999572753906,150.63999938964844,149.3000030517578,150.5399932861328,3982583
2026-07-07 15:55:00-04:00,149.57000732421875,149.7899932861328,148.86000061035156,149.42999267578125,3984102
2026-07-08 09:30:00-04:00,151.69000244140625,152.92990112304688,150.8000030517578,152.5500030517578,5909966
2026-07-08 09:35:00-04:00,152.01499938964844,152.6199951171875,151.0,151.67999267578125,1087505
2026-07-08 09:40:00-04:00,151.77499389648438,152.41990661621094,151.42999267578125,152.0240936279297,936760
2026-07-08 09:45:00-04:00,148.97999572753906,152.02999877929688,148.54100036621094,151.77499389648438,2564745
2026-07-08 09:50:00-04:00,149.52999877929688,149.88999938964844,148.75,149.00999450683594,1192917
2026-07-08 09:55:00-04:00,151.14920043945312,151.58999633789062,149.11000061035156,149.5800018310547,1180361
2026-07-08 10:00:00-04:00,151.25,151.9499969482422,151.10000610351562,151.2550048828125,802602
2026-07-08 10:05:00-04:00,150.60000610351562,151.3498992919922,150.0500030517578,151.13299560546875,615529
2026-07-08 10:10:00-04:00,150.91000366210938,151.24969482421875,150.13009643554688,150.5800018310547,697774
2026-07-08 10:15:00-04:00,150.96499633789062,151.44000244140625,150.39999389648438,150.97850036621094,687837
2026-07-08 10:20:00-04:00,150.97000122070312,151.5,150.51780700683594,150.96499633789062,600763
2026-07-08 10:25:00-04:00,151.0500030517578,151.5,150.6300048828125,150.91000366210938,405800
2026-07-08 10:30:00-04:00,151.0,151.16990661621094,150.10000610351562,151.0,485523
2026-07-08 10:35:00-04:00,150.26499938964844,151.02999877929688,150.22000122070312,150.9947967529297,309280
2026-07-08 10:40:00-04:00,150.4199981689453,150.7899932861328,150.14999389648438,150.27760314941406,356665
2026-07-08 10:45:00-04:00,149.9799041748047,150.5,149.6999969482422,150.42999267578125,718279
2026-07-08 10:50:00-04:00,150.2899932861328,150.6300048828125,149.67999267578125,149.97999572753906,509569
2026-07-08 10:55:00-04:00,149.69000244140625,150.30499267578125,149.35000610351562,150.2899932861328,461395
2026-07-08 11:00:00-04:00,149.75,150.0,149.3000030517578,149.72999572753906,383428
2026-07-08 11:05:00-04:00,149.87579345703125,150.1300048828125,149.61000061035156,149.7899932861328,339799
2026-07-08 11:10:00-04:00,149.69500732421875,150.16000366210938,149.5800018310547,149.8800048828125,356676
2026-07-08 11:15:00-04:00,149.83999633789062,149.99000549316406,149.360107421875,149.69000244140625,406566
2026-07-08 11:20:00-04:00,149.7100067138672,150.0,149.39999389648438,149.80999755859375,427051
2026-07-08 11:25:00-04:00,149.5,149.89999389648438,149.44000244140625,149.6999969482422,333842
2026-07-08 11:30:00-04:00,149.8000030517578,150.07000732421875,149.3300018310547,149.50999450683594,386780
2026-07-08 11:35:00-04:00,149.97999572753906,150.5500030517578,149.77499389648438,149.94000244140625,460849
2026-07-08 11:40:00-04:00,148.44500732421875,150.14999389648438,148.22000122070312,149.97000122070312,1091260
2026-07-08 11:45:00-04:00,147.3800048828125,148.77999877929688,147.3000030517578,148.42999267578125,1671877
2026-07-08 11:50:00-04:00,147.8000030517578,147.82000732421875,147.14999389648438,147.360107421875,780122
2026-07-08 11:55:00-04:00,147.44500732421875,148.33999633789062,147.25,147.8300018310547,732799
2026-07-08 12:00:00-04:00,148.0500030517578,148.4600067138672,147.3101043701172,147.44000244140625,480107
2026-07-08 12:05:00-04:00,148.64999389648438,148.77999877929688,148.05499267578125,148.05499267578125,375370
2026-07-08 12:10:00-04:00,149.07640075683594,149.13999938964844,148.60000610351562,148.60000610351562,346008
2026-07-08 12:15:00-04:00,149.42999267578125,149.47999572753906,148.89999389648438,149.0800018310547,405076
2026-07-08 12:20:00-04:00,149.45989990234375,150.1699981689453,149.3000030517578,149.4499969482422,525627
2026-07-08 12:25:00-04:00,149.4499969482422,149.69500732421875,149.22999572753906,149.44000244140625,304662
2026-07-08 12:30:00-04:00,149.54660034179688,149.63999938964844,149.1199951171875,149.39999389648438,266806
2026-07-08 12:35:00-04:00,149.53500366210938,149.75999450683594,149.0500030517578,149.5500030517578,219834
2026-07-08 12:40:00-04:00,149.85000610351562,149.97000122070312,149.4199981689453,149.5800018310547,287276
2026-07-08 12:45:00-04:00,149.77000427246094,150.0399932861328,149.5500030517578,149.85000610351562,693214
2026-07-08 12:50:00-04:00,149.6999969482422,150.02999877929688,149.56500244140625,149.85000610351562,315339
2026-07-08 12:55:00-04:00,149.3699951171875,149.86000061035156,149.1999969482422,149.7050018310547,352737
2026-07-08 13:00:00-04:00,148.92190551757812,149.36990356445312,148.69000244140625,149.3300018310547,354546
2026-07-08 13:05:00-04:00,148.5800018310547,149.0500030517578,148.5500030517578,148.94500732421875,282789
2026-07-08 13:10:00-04:00,148.47039794921875,148.72000122070312,148.35000610351562,148.5800018310547,397818
2026-07-08 13:15:00-04:00,148.82000732421875,148.99000549316406,148.47000122070312,148.47000122070312,1304007
2026-07-08 13:20:00-04:00,149.06820678710938,149.08999633789062,148.6699981689453,148.8249969482422,257088
2026-07-08 13:25:00-04:00,148.8800048828125,149.13699340820312,148.5,149.07000732421875,236531
2026-07-08 13:30:00-04:00,148.6699981689453,148.84910583496094,148.52000427246094,148.8300018310547,228387
2026-07-08 13:35:00-04:00,148.61000061035156,148.75990295410156,148.47999572753906,148.66000366210938,217295
2026-07-08 13:40:00-04:00,148.22999572753906,148.6999969482422,148.10000610351562,148.6199951171875,325272
2026-07-08 13:45:00-04:00,147.8350067138672,148.27000427246094,147.77000427246094,148.27000427246094,527294
2026-07-08 13:50:00-04:00,147.75,147.91000366210938,147.52999877929688,147.85000610351562,517033
2026-07-08 13:55:00-04:00,146.22000122070312,147.8300018310547,145.64999389648438,147.75999450683594,2456667
2026-07-08 14:00:00-04:00,146.84500122070312,146.89999389648438,146.00999450683594,146.13009643554688,844931
2026-07-08 14:05:00-04:00,146.83970642089844,146.8800048828125,146.3000030517578,146.84500122070312,512172
2026-07-08 14:10:00-04:00,146.6793975830078,146.85000610351562,146.3300018310547,146.85000610351562,413119
2026-07-08 14:15:00-04:00,146.64999389648438,146.82000732421875,146.33999633789062,146.69979858398438,421873
2026-07-08 14:20:00-04:00,146.15069580078125,146.6699981689453,145.82000732421875,146.6699981689453,683988
2026-07-08 14:25:00-04:00,145.80999755859375,146.24000549316406,145.51229858398438,146.22999572753906,678133
2026-07-08 14:30:00-04:00,145.53990173339844,146.16000366210938,145.5,145.8199005126953,641164
2026-07-08 14:35:00-04:00,145.36000061035156,145.72999572753906,145.30999755859375,145.52499389648438,1167549
2026-07-08 14:40:00-04:00,145.63429260253906,145.66000366210938,145.32000732421875,145.360107421875,456933
2026-07-08 14:45:00-04:00,145.57969665527344,145.67999267578125,145.22000122070312,145.63999938964844,569850
2026-07-08 14:50:00-04:00,145.39999389648438,145.64999389648438,145.3800048828125,145.5749969482422,465545
2026-07-08 14:55:00-04:00,145.61000061035156,145.6300048828125,145.1999969482422,145.38999938964844,508848
2026-07-08 15:00:00-04:00,145.6999969482422,145.91000366210938,145.39999389648438,145.61000061035156,485552
2026-07-08 15:05:00-04:00,145.64999389648438,145.8800048828125,145.58999633789062,145.6999969482422,395016
2026-07-08 15:10:00-04:00,145.39999389648438,146.19000244140625,145.25999450683594,145.66000366210938,572201
2026-07-08 15:15:00-04:00,145.47999572753906,145.90440368652344,145.22999572753906,145.37010192871094,498232
2026-07-08 15:20:00-04:00,145.72999572753906,145.8000030517578,145.42999267578125,145.5050048828125,519424
2026-07-08 15:25:00-04:00,145.9398956298828,146.0,145.64999389648438,145.73500061035156,446660
2026-07-08 15:30:00-04:00,145.6300048828125,146.298095703125,145.4250030517578,145.94000244140625,646168
2026-07-08 15:35:00-04:00,145.52999877929688,145.64999389648438,145.42999267578125,145.64990234375,532874
2026-07-08 15:40:00-04:00,145.26060485839844,145.64999389648438,145.25999450683594,145.51499938964844,546849
2026-07-08 15:45:00-04:00,145.4250030517578,145.5500030517578,145.25999450683594,145.2949981689453,544296
2026-07-08 15:50:00-04:00,146.9600067138672,146.99000549316406,145.4250030517578,145.44000244140625,1342758
2026-07-08 15:55:00-04:00,148.36000061035156,148.44000244140625,146.97999572753906,146.97999572753906,3506035
2026-07-09 09:30:00-04:00,149.75,151.36000061035156,149.2100067138672,150.5,4979665
2026-07-09 09:35:00-04:00,149.6300048828125,150.36000061035156,149.32009887695312,149.6699981689453,1092857
2026-07-09 09:40:00-04:00,150.52999877929688,150.85000610351562,149.39999389648438,149.6343994140625,1070940
2026-07-09 09:45:00-04:00,148.8000030517578,150.67999267578125,148.5500030517578,150.5500030517578,1004100
2026-07-09 09:50:00-04:00,150.0,150.09300231933594,148.375,148.77999877929688,827500
2026-07-09 09:55:00-04:00,150.41700744628906,150.97000122070312,149.8065948486328,150.0594940185547,1055099
2026-07-09 10:00:00-04:00,150.69000244140625,151.0,150.16009521484375,150.4290008544922,634922
2026-07-09 10:05:00-04:00,150.535400390625,151.58999633789062,150.3000030517578,150.61000061035156,801704
2026-07-09 10:10:00-04:00,149.99000549316406,150.5,149.1999969482422,150.5,870439
2026-07-09 10:15:00-04:00,148.8300018310547,149.97999572753906,148.55999755859375,149.9499969482422,614662
2026-07-09 10:20:00-04:00,148.3000030517578,148.92990112304688,147.58999633789062,148.8350067138672,1149250
2026-07-09 10:25:00-04:00,149.05999755859375,149.17999267578125,148.0800018310547,148.3000030517578,588743
2026-07-09 10:30:00-04:00,148.55999755859375,149.16000366210938,148.05999755859375,149.0800018310547,539799
2026-07-09 10:35:00-04:00,148.88999938964844,149.16000366210938,148.52999877929688,148.58999633789062,342972
2026-07-09 10:40:00-04:00,148.60000610351562,149.2093963623047,148.60000610351562,148.85000610351562,402564
2026-07-09 10:45:00-04:00,148.8791961669922,149.1999969482422,148.61000061035156,148.61000061035156,337491
2026-07-09 10:50:00-04:00,149.29510498046875,149.3300018310547,148.30999755859375,148.85000610351562,464238
2026-07-09 10:55:00-04:00,149.64840698242188,149.70989990234375,149.12010192871094,149.3000030517578,387339
2026-07-09 11:00:00-04:00,149.69000244140625,149.94000244140625,149.32000732421875,149.64999389648438,315330
2026-07-09 11:05:00-04:00,150.39999389648438,151.02000427246094,149.6199951171875,149.72230529785156,783613
2026-07-09 11:10:00-04:00,149.875,150.89999389648438,149.78500366210938,150.39500427246094,494884
2026-07-09 11:15:00-04:00,150.07000732421875,150.33999633789062,149.8300018310547,149.87249755859375,320876
2026-07-09 11:20:00-04:00,150.41000366210938,150.52000427246094,149.97000122070312,150.06500244140625,331864
2026-07-09 11:25:00-04:00,150.52999877929688,150.75,150.35000610351562,150.41000366210938,349296
2026-07-09 11:30:00-04:00,149.9949951171875,150.6300048828125,149.96009826660156,150.55999755859375,357716
2026-07-09 11:35:00-04:00,150.38999938964844,150.50999450683594,149.9499969482422,150.00999450683594,235372
2026-07-09 11:40:00-04:00,150.0500030517578,150.6300048828125,149.9499969482422,150.38999938964844,364163
2026-07-09 11:45:00-04:00,150.25799560546875,150.49000549316406,150.0500030517578,150.0500030517578,173737
2026-07-09 11:50:00-04:00,150.33999633789062,150.5399932861328,150.16000366210938,150.27000427246094,311794
2026-07-09 11:55:00-04:00,150.86000061035156,151.17999267578125,150.30999755859375,150.32000732421875,547870
2026-07-09 12:00:00-04:00,150.4499969482422,150.92990112304688,149.92999267578125,150.875,506941
2026-07-09 12:05:00-04:00,150.95370483398438,151.14999389648438,150.0399932861328,150.4199981689453,439151
2026-07-09 12:10:00-04:00,150.75,151.50999450683594,150.58999633789062,150.94009399414062,577637
2026-07-09 12:15:00-04:00,150.2509002685547,150.8000030517578,150.05999755859375,150.6999969482422,277715
2026-07-09 12:20:00-04:00,149.6750030517578,151.10000610351562,149.58999633789062,150.2696075439453,758196
2026-07-09 12:25:00-04:00,149.88999938964844,149.92999267578125,149.2100067138672,149.6750030517578,716219
2026-07-09 12:30:00-04:00,150.24000549316406,150.30999755859375,149.80999755859375,149.92999267578125,284288
2026-07-09 12:35:00-04:00,150.40130615234375,150.4600067138672,149.80999755859375,150.25999450683594,230044
2026-07-09 12:40:00-04:00,150.57000732421875,150.69000244140625,150.25,150.4499969482422,223756
2026-07-09 12:45:00-04:00,150.72999572753906,150.8000030517578,150.39999389648438,150.58999633789062,318400
2026-07-09 12:50:00-04:00,151.19000244140625,151.27000427246094,150.67999267578125,150.72000122070312,366565
2026-07-09 12:55:00-04:00,150.52999877929688,151.2198944091797,150.52000427246094,151.19000244140625,260000
2026-07-09 13:00:00-04:00,150.90159606933594,150.9600067138672,150.52000427246094,150.52000427246094,140075
2026-07-09 13:05:00-04:00,150.8800048828125,150.9600067138672,150.60000610351562,150.8699951171875,123159
2026-07-09 13:10:00-04:00,151.3800048828125,151.9199981689453,150.85000610351562,150.8800048828125,699431
2026-07-09 13:15:00-04:00,152.22000122070312,152.35000610351562,150.91000366210938,151.39169311523438,917735
2026-07-09 13:20:00-04:00,152.125,152.3000030517578,151.8809051513672,152.22000122070312,438997
2026-07-09 13:25:00-04:00,152.47000122070312,152.52000427246094,151.9199981689453,152.14930725097656,401921
2026-07-09 13:30:00-04:00,152.5,152.7899932861328,152.27000427246094,152.47999572753906,539861
2026-07-09 13:35:00-04:00,152.13999938964844,152.60000610351562,152.08999633789062,152.5,252843
2026-07-09 13:40:00-04:00,152.3300018310547,152.5,151.99000549316406,152.16000366210938,261913
2026-07-09 13:45:00-04:00,152.5,152.75,152.22999572753906,152.32000732421875,278587
2026-07-09 13:50:00-04:00,152.6342010498047,152.7899932861328,152.27999877929688,152.42999267578125,221019
2026-07-09 13:55:00-04:00,152.3699951171875,152.6699981689453,152.16200256347656,152.64500427246094,196574
2026-07-09 14:00:00-04:00,152.61500549316406,152.76109313964844,152.19000244140625,152.3699951171875,264031
2026-07-09 14:05:00-04:00,152.6522979736328,152.91000366210938,152.5399932861328,152.58999633789062,329980
2026-07-09 14:10:00-04:00,152.91929626464844,153.4398956298828,152.4429931640625,152.6699981689453,598202
2026-07-09 14:15:00-04:00,153.35009765625,153.49000549316406,152.86000061035156,152.881103515625,327017
2026-07-09 14:20:00-04:00,153.00999450683594,153.47000122070312,152.90199279785156,153.42999267578125,260873
2026-07-09 14:25:00-04:00,152.63499450683594,153.02999877929688,152.50999450683594,153.0,376389
2026-07-09 14:30:00-04:00,152.88999938964844,153.02000427246094,152.63499450683594,152.63499450683594,192300
2026-07-09 14:35:00-04:00,152.94659423828125,153.24000549316406,152.83999633789062,152.85000610351562,232460
2026-07-09 14:40:00-04:00,153.22500610351562,153.3800048828125,152.92010498046875,152.92010498046875,229495
2026-07-09 14:45:00-04:00,153.1999969482422,153.5,153.0,153.22500610351562,270469
2026-07-09 14:50:00-04:00,152.78269958496094,153.2799072265625,152.69000244140625,153.24000549316406,265187
2026-07-09 14:55:00-04:00,153.07000732421875,153.1999969482422,152.6999969482422,152.80999755859375,267798
2026-07-09 15:00:00-04:00,153.3300018310547,153.3800048828125,152.32000732421875,153.0792999267578,450829
2026-07-09 15:05:00-04:00,152.80999755859375,153.47000122070312,152.60000610351562,153.36000061035156,405347
2026-07-09 15:10:00-04:00,153.22500610351562,153.39999389648438,152.6699981689453,152.8249969482422,265734
2026-07-09 15:15:00-04:00,152.99000549316406,153.47000122070312,152.72779846191406,153.24000549316406,397277
2026-07-09 15:20:00-04:00,152.80499267578125,153.19000244140625,152.75,153.05999755859375,421076
2026-07-09 15:25:00-04:00,152.7899932861328,153.10000610351562,152.67999267578125,152.85000610351562,264122
2026-07-09 15:30:00-04:00,152.14999389648438,152.8300018310547,152.0399932861328,152.7899932861328,461596
2026-07-09 15:35:00-04:00,152.08999633789062,152.25,151.75,152.14999389648438,391204
2026-07-09 15:40:00-04:00,151.89999389648438,152.3300018310547,151.85159301757812,152.08999633789062,274981
2026-07-09 15:45:00-04:00,151.3907928466797,152.17999267578125,151.3800048828125,151.89500427246094,476897
2026-07-09 15:50:00-04:00,150.5850067138672,152.0,149.92999267578125,151.39999389648438,1344032
2026-07-09 15:55:00-04:00,152.1199951171875,152.24000549316406,150.5850067138672,150.5850067138672,2210348
2026-07-10 09:30:00-04:00,149.61500549316406,150.30999755859375,148.8000030517578,150.125,4261326
2026-07-10 09:35:00-04:00,149.1199951171875,150.57000732421875,148.64999389648438,149.61000061035156,1290744
2026-07-10 09:40:00-04:00,149.14999389648438,149.4600067138672,148.89999389648438,149.2100067138672,456667
2026-07-10 09:45:00-04:00,149.5,149.668701171875,148.88999938964844,149.25999450683594,476641
2026-07-10 09:50:00-04:00,148.60000610351562,149.6999969482422,148.52999877929688,149.5399932861328,555442
2026-07-10 09:55:00-04:00,148.1999053955078,148.69000244140625,147.88999938964844,148.55999755859375,1342248
2026-07-10 10:00:00-04:00,147.73500061035156,148.27999877929688,147.5800018310547,148.14999389648438,857922
2026-07-10 10:05:00-04:00,148.69859313964844,148.74000549316406,147.72999572753906,147.77000427246094,907487
2026-07-10 10:10:00-04:00,148.11500549316406,148.6300048828125,147.9499969482422,148.55990600585938,443525
2026-07-10 10:15:00-04:00,147.7100067138672,148.39999389648438,147.6699981689453,148.09500122070312,615050
2026-07-10 10:20:00-04:00,147.67990112304688,147.75,147.0500030517578,147.72500610351562,967262
2026-07-10 10:25:00-04:00,147.835205078125,147.97999572753906,147.3424072265625,147.65499877929688,429777
2026-07-10 10:30:00-04:00,147.69219970703125,148.3000030517578,146.74000549316406,147.84500122070312,1059241
2026-07-10 10:35:00-04:00,148.1649932861328,148.2100067138672,147.5,147.63999938964844,413220
2026-07-10 10:40:00-04:00,147.93499755859375,148.3800048828125,147.6199951171875,148.1649932861328,400146
2026-07-10 10:45:00-04:00,148.11000061035156,148.1990966796875,147.8000030517578,147.93499755859375,276505
2026-07-10 10:50:00-04:00,147.7899932861328,148.08999633789062,147.57000732421875,148.08999633789062,317982
2026-07-10 10:55:00-04:00,147.92999267578125,147.99000549316406,147.38999938964844,147.82000732421875,453368
2026-07-10 11:00:00-04:00,147.85009765625,148.0399932861328,147.5399932861328,147.92999267578125,433765
2026-07-10 11:05:00-04:00,148.22500610351562,148.3300018310547,147.75,147.88499450683594,542659
2026-07-10 11:10:00-04:00,147.9320068359375,148.3800048828125,147.8000030517578,148.22500610351562,310572
2026-07-10 11:15:00-04:00,148.3350067138672,148.5800018310547,147.9199981689453,147.9199981689453,316330
2026-07-10 11:20:00-04:00,148.9199981689453,148.9600067138672,148.2899932861328,148.35000610351562,470158
2026-07-10 11:25:00-04:00,149.49000549316406,149.74989318847656,148.85000610351562,148.9250030517578,900189
2026-07-10 11:30:00-04:00,149.1300048828125,149.58999633789062,148.89999389648438,149.52999877929688,397324
2026-07-10 11:35:00-04:00,148.66000366210938,149.1300048828125,148.52999877929688,149.1300048828125,262927
2026-07-10 11:40:00-04:00,148.17039489746094,148.88999938964844,147.77000427246094,148.60000610351562,496784
2026-07-10 11:45:00-04:00,148.4105987548828,148.5500030517578,148.0500030517578,148.08999633789062,307192
2026-07-10 11:50:00-04:00,148.46499633789062,148.52000427246094,148.17999267578125,148.41000366210938,261239
2026-07-10 11:55:00-04:00,148.77499389648438,148.89999389648438,148.43499755859375,148.46499633789062,807217
2026-07-10 12:00:00-04:00,148.64010620117188,149.11000061035156,148.64010620117188,148.82000732421875,328664
2026-07-10 12:05:00-04:00,148.9199981689453,149.0,148.42999267578125,148.6750030517578,276140
2026-07-10 12:10:00-04:00,147.85499572753906,149.10000610351562,147.52000427246094,148.9250030517578,1026672
2026-07-10 12:15:00-04:00,148.2899932861328,148.35000610351562,147.80999755859375,147.87379455566406,342903
2026-07-10 12:20:00-04:00,148.49000549316406,148.6699981689453,148.2050018310547,148.3498992919922,291944
2026-07-10 12:25:00-04:00,148.42999267578125,148.60000610351562,148.19000244140625,148.48500061035156,233270
2026-07-10 12:30:00-04:00,148.38499450683594,148.57989501953125,148.33999633789062,148.44000244140625,174548
2026-07-10 12:35:00-04:00,148.69960021972656,148.7198028564453,148.3300018310547,148.38499450683594,167797
2026-07-10 12:40:00-04:00,148.5800018310547,148.75,148.4199981689453,148.72000122070312,584020
2026-07-10 12:45:00-04:00,148.8000030517578,148.80999755859375,148.5301055908203,148.5800018310547,181780
2026-07-10 12:50:00-04:00,148.5500030517578,148.89999389648438,148.49000549316406,148.80999755859375,192611
2026-07-10 12:55:00-04:00,148.77999877929688,148.8000030517578,148.33999633789062,148.5500030517578,187281
2026-07-10 13:00:00-04:00,148.69009399414062,148.94000244140625,148.55999755859375,148.75999450683594,169814
2026-07-10 13:05:00-04:00,148.61000061035156,148.7899932861328,148.52999877929688,148.6999969482422,177709
2026-07-10 13:10:00-04:00,148.67999267578125,148.6999969482422,148.4499969482422,148.61000061035156,125750
2026-07-10 13:15:00-04:00,148.63999938964844,148.7899932861328,148.60000610351562,148.6750030517578,126570
2026-07-10 13:20:00-04:00,148.75,148.8000030517578,148.5800018310547,148.63999938964844,174563
2026-07-10 13:25:00-04:00,148.57000732421875,148.8000030517578,148.4600067138672,148.73500061035156,150203
2026-07-10 13:30:00-04:00,148.55999755859375,148.67999267578125,148.25,148.56500244140625,203488
2026-07-10 13:35:00-04:00,148.63119506835938,148.7899932861328,148.44000244140625,148.52000427246094,161130
2026-07-10 13:40:00-04:00,148.72999572753906,148.77000427246094,148.50999450683594,148.64500427246094,132164
2026-07-10 13:45:00-04:00,148.7449951171875,148.79969787597656,148.61000061035156,148.72999572753906,147486
2026-07-10 13:50:00-04:00,148.76499938964844,148.8000030517578,148.63999938964844,148.72000122070312,112183
2026-07-10 13:55:00-04:00,148.91000366210938,148.94000244140625,148.7100067138672,148.76499938964844,199897
2026-07-10 14:00:00-04:00,148.9499969482422,149.08999633789062,148.8699951171875,148.90499877929688,223934
2026-07-10 14:05:00-04:00,149.0500030517578,149.22000122070312,148.88999938964844,148.9499969482422,216665
2026-07-10 14:10:00-04:00,148.82179260253906,149.1999969482422,148.71409606933594,149.05990600585938,195785
2026-07-10 14:15:00-04:00,148.63999938964844,148.80999755859375,148.50010681152344,148.80999755859375,212702
2026-07-10 14:20:00-04:00,148.82000732421875,148.86000061035156,148.52000427246094,148.6300048828125,180371
2026-07-10 14:25:00-04:00,148.66000366210938,148.9499969482422,148.6300048828125,148.84500122070312,140616
2026-07-10 14:30:00-04:00,148.82000732421875,148.8300018310547,148.66000366210938,148.66000366210938,138512
2026-07-10 14:35:00-04:00,148.8300018310547,148.8800048828125,148.64999389648438,148.80999755859375,126475
2026-07-10 14:40:00-04:00,148.78500366210938,148.97999572753906,148.77000427246094,148.8350067138672,141405
2026-07-10 14:45:00-04:00,148.52999877929688,148.92999267578125,148.50999450683594,148.77999877929688,171699
2026-07-10 14:50:00-04:00,148.55999755859375,148.58999633789062,148.3800048828125,148.5399932861328,188817
2026-07-10 14:55:00-04:00,148.52000427246094,148.69000244140625,148.49000549316406,148.58999633789062,175196
2026-07-10 15:00:00-04:00,148.44000244140625,148.52000427246094,148.1300048828125,148.52000427246094,267704
2026-07-10 15:05:00-04:00,148.27999877929688,148.44000244140625,148.22000122070312,148.4199981689453,221915
2026-07-10 15:10:00-04:00,148.22999572753906,148.39999389648438,148.13999938964844,148.3000030517578,225100
2026-07-10 15:15:00-04:00,148.13499450683594,148.30999755859375,148.0800018310547,148.25,258723
2026-07-10 15:20:00-04:00,148.1699981689453,148.19000244140625,148.00999450683594,148.13499450683594,194787
2026-07-10 15:25:00-04:00,148.1199951171875,148.25,148.11000061035156,148.16000366210938,191560
2026-07-10 15:30:00-04:00,147.84500122070312,148.1898956298828,147.77999877929688,148.1199951171875,528906
2026-07-10 15:35:00-04:00,147.6699981689453,148.08999633789062,147.6300048828125,147.84500122070312,472495
2026-07-10 15:40:00-04:00,147.47000122070312,147.75,147.41050720214844,147.6649932861328,538387
2026-07-10 15:45:00-04:00,147.5,147.58999633789062,147.3000030517578,147.47000122070312,501027
2026-07-10 15:50:00-04:00,146.47999572753906,148.19000244140625,146.47999572753906,147.52000427246094,1964362
2026-07-10 15:55:00-04:00,145.4199981689453,146.51719665527344,145.07000732421875,146.4600067138672,6390857
2026-07-13 09:30:00-04:00,142.93960571289062,144.8800048828125,142.42999267578125,144.59030151367188,5604914
2026-07-13 09:35:00-04:00,141.875,143.08990478515625,141.39999389648438,142.91000366210938,1650544
2026-07-13 09:40:00-04:00,140.59500122070312,141.8800048828125,140.41000366210938,141.875,1987053
2026-07-13 09:45:00-04:00,141.36500549316406,141.52999877929688,140.1999969482422,140.5500030517578,1773111
2026-07-13 09:50:00-04:00,140.547607421875,141.44839477539062,140.4499969482422,141.36000061035156,788701
2026-07-13 09:55:00-04:00,140.47999572753906,140.69000244140625,140.1199951171875,140.52999877929688,1162941
2026-07-13 10:00:00-04:00,138.95899963378906,140.64999389648438,138.8800048828125,140.47500610351562,4393776
2026-07-13 10:05:00-04:00,138.2550048828125,139.11599731445312,137.67999267578125,138.9550018310547,3127551
2026-07-13 10:10:00-04:00,138.33999633789062,138.69500732421875,137.89999389648438,138.25999450683594,1460111
2026-07-13 10:15:00-04:00,139.13999938964844,139.19000244140625,138.13999938964844,138.35000610351562,1250792
2026-07-13 10:20:00-04:00,139.75,139.75,139.0,139.13499450683594,886077
2026-07-13 10:25:00-04:00,139.9949951171875,140.14999389648438,139.42999267578125,139.72999572753906,778343
2026-07-13 10:30:00-04:00,139.42999267578125,140.30999755859375,139.4199981689453,139.99000549316406,797562
2026-07-13 10:35:00-04:00,138.9499969482422,139.52999877929688,138.91000366210938,139.4600067138672,634853
2026-07-13 10:40:00-04:00,139.30999755859375,139.3800048828125,138.69000244140625,138.97000122070312,534526
2026-07-13 10:45:00-04:00,139.5,139.58990478515625,138.94000244140625,139.3491973876953,546961
2026-07-13 10:50:00-04:00,139.63999938964844,139.7299041748047,139.3000030517578,139.4600067138672,406731
2026-07-13 10:55:00-04:00,139.52000427246094,139.8300018310547,139.3000030517578,139.62010192871094,487772
2026-07-13 11:00:00-04:00,139.13999938964844,140.0,139.0500030517578,139.52499389648438,618728
2026-07-13 11:05:00-04:00,139.2301025390625,139.4499969482422,139.0500030517578,139.14500427246094,319124
2026-07-13 11:10:00-04:00,138.39999389648438,139.33999633789062,138.32249450683594,139.25,645881
2026-07-13 11:15:00-04:00,138.72000122070312,138.75999450683594,138.33999633789062,138.39999389648438,466388
2026-07-13 11:20:00-04:00,138.63999938964844,138.82000732421875,138.4499969482422,138.69009399414062,423029
2026-07-13 11:25:00-04:00,138.67999267578125,138.82000732421875,138.4199981689453,138.6300048828125,512976
2026-07-13 11:30:00-04:00,139.24000549316406,139.32000732421875,138.52000427246094,138.67999267578125,576010
2026-07-13 11:35:00-04:00,139.05499267578125,139.24000549316406,138.90390014648438,139.2100067138672,3938347
2026-07-13 11:40:00-04:00,139.1074981689453,139.5198974609375,138.88999938964844,139.05999755859375,451559
2026-07-13 11:45:00-04:00,139.22000122070312,139.2899932861328,138.86000061035156,139.09500122070312,427152
2026-07-13 11:50:00-04:00,139.47999572753906,139.60000610351562,138.9499969482422,139.25999450683594,1228281
2026-07-13 11:55:00-04:00,139.75900268554688,139.8498992919922,139.35000610351562,139.47000122070312,421135
2026-07-13 12:00:00-04:00,139.7449951171875,139.88580322265625,139.6199951171875,139.71499633789062,302258
2026-07-13 12:05:00-04:00,139.8699951171875,139.89999389648438,139.54010009765625,139.72999572753906,283090
2026-07-13 12:10:00-04:00,139.55499267578125,140.37989807128906,139.47000122070312,139.86500549316406,702103
2026-07-13 12:15:00-04:00,139.5050048828125,139.6999969482422,139.35009765625,139.58999633789062,336775
2026-07-13 12:20:00-04:00,138.93499755859375,139.5500030517578,138.75,139.50999450683594,547196
2026-07-13 12:25:00-04:00,138.5399932861328,138.99989318847656,138.42999267578125,138.9499969482422,692570
2026-07-13 12:30:00-04:00,138.4600067138672,138.77000427246094,138.3000030517578,138.5399932861328,436711
2026-07-13 12:35:00-04:00,138.9149932861328,138.99000549316406,138.14999389648438,138.4600067138672,593054
2026-07-13 12:40:00-04:00,138.94500732421875,139.08799743652344,138.63999938964844,138.94000244140625,510484
2026-07-13 12:45:00-04:00,139.13499450683594,139.289794921875,138.82000732421875,138.94500732421875,373194
2026-07-13 12:50:00-04:00,138.94500732421875,139.1300048828125,138.55999755859375,139.1300048828125,404514
2026-07-13 12:55:00-04:00,138.8699951171875,139.25,138.8699951171875,138.94000244140625,261577
2026-07-13 13:00:00-04:00,139.02499389648438,139.1898956298828,138.7700958251953,138.8699951171875,263150
2026-07-13 13:05:00-04:00,139.32000732421875,139.36000061035156,138.97999572753906,139.00999450683594,294655
2026-07-13 13:10:00-04:00,139.11000061035156,139.47999572753906,139.00999450683594,139.32000732421875,282048
2026-07-13 13:15:00-04:00,139.52000427246094,139.60000610351562,139.00999450683594,139.1300048828125,240974
2026-07-13 13:20:00-04:00,138.94000244140625,139.5500030517578,138.90029907226562,139.5,619231
2026-07-13 13:25:00-04:00,138.58999633789062,139.00999450683594,138.5,138.94000244140625,378551
2026-07-13 13:30:00-04:00,138.7899932861328,138.8699951171875,138.42999267578125,138.61000061035156,1808676
2026-07-13 13:35:00-04:00,138.13499450683594,138.86000061035156,138.0500030517578,138.8000030517578,431222
2026-07-13 13:40:00-04:00,137.77999877929688,138.24000549316406,137.5500946044922,138.13499450683594,1052379
2026-07-13 13:45:00-04:00,137.6750030517578,137.99000549316406,137.6501007080078,137.78500366210938,491838
2026-07-13 13:50:00-04:00,137.69000244140625,137.82000732421875,137.5,137.6898956298828,531556
2026-07-13 13:55:00-04:00,137.53990173339844,137.7198944091797,137.35000610351562,137.6699981689453,605772
2026-07-13 14:00:00-04:00,137.25999450683594,137.9499969482422,137.25,137.52000427246094,618802
2026-07-13 14:05:00-04:00,137.22999572753906,137.39410400390625,137.11000061035156,137.2528076171875,518908
2026-07-13 14:10:00-04:00,137.24000549316406,137.26499938964844,137.0800018310547,137.22999572753906,373884
2026-07-13 14:15:00-04:00,136.9694061279297,137.3300018310547,136.77999877929688,137.25,925610
2026-07-13 14:20:00-04:00,137.4799041748047,137.47999572753906,136.95010375976562,136.97999572753906,381076
2026-07-13 14:25:00-04:00,137.44000244140625,137.48500061035156,137.3000030517578,137.47000122070312,293447
2026-07-13 14:30:00-04:00,137.24000549316406,137.44000244140625,137.14999389648438,137.41000366210938,354633
2026-07-13 14:35:00-04:00,137.3000030517578,137.55990600585938,137.02999877929688,137.2100067138672,319866
2026-07-13 14:40:00-04:00,137.33999633789062,137.58999633789062,137.1999969482422,137.31500244140625,313154
2026-07-13 14:45:00-04:00,137.63499450683594,137.6501007080078,137.25999450683594,137.36500549316406,322023
2026-07-13 14:50:00-04:00,137.67999267578125,137.9499969482422,137.47999572753906,137.64999389648438,617930
2026-07-13 14:55:00-04:00,137.85499572753906,137.94000244140625,137.39999389648438,137.66000366210938,431669
2026-07-13 15:00:00-04:00,137.3699951171875,137.88499450683594,137.3000030517578,137.8699951171875,395830
2026-07-13 15:05:00-04:00,137.375,137.57000732421875,137.24000549316406,137.3800048828125,2072450
2026-07-13 15:10:00-04:00,137.50999450683594,137.60000610351562,137.3000030517578,137.39999389648438,357474
2026-07-13 15:15:00-04:00,137.6300048828125,138.10000610351562,137.4199981689453,137.57000732421875,667793
2026-07-13 15:20:00-04:00,137.6199951171875,137.97000122070312,137.47999572753906,137.64999389648438,383862
2026-07-13 15:25:00-04:00,137.6300048828125,137.85000610351562,137.4499969482422,137.67840576171875,436731
2026-07-13 15:30:00-04:00,138.2100067138672,138.42999267578125,137.60000610351562,137.60000610351562,567382
2026-07-13 15:35:00-04:00,138.21499633789062,138.38999938964844,137.78030395507812,138.1999969482422,587180
2026-07-13 15:40:00-04:00,138.91110229492188,138.9199981689453,138.16009521484375,138.22500610351562,826487
2026-07-13 15:45:00-04:00,139.3699951171875,139.39999389648438,138.47999572753906,138.90499877929688,1006830
2026-07-13 15:50:00-04:00,139.16000366210938,139.5800018310547,138.77000427246094,139.3699951171875,1511346
2026-07-13 15:55:00-04:00,139.22000122070312,139.63999938964844,138.02999877929688,139.16000366210938,2741209
2026-07-14 09:30:00-04:00,141.68629455566406,142.3000030517578,140.5,140.9499969482422,4821475
2026-07-14 09:35:00-04:00,142.4149932861328,142.79989624023438,141.30999755859375,141.66000366210938,1292968
2026-07-14 09:40:00-04:00,142.67999267578125,143.1999969482422,142.2100067138672,142.4163055419922,1176977
2026-07-14 09:45:00-04:00,141.6280059814453,142.85000610351562,141.07000732421875,142.63999938964844,836446
2026-07-14 09:50:00-04:00,141.4600067138672,141.72799682617188,140.39999389648438,141.63999938964844,974537
2026-07-14 09:55:00-04:00,142.5449981689453,142.55499267578125,141.3300018310547,141.4600067138672,610339
2026-07-14 10:00:00-04:00,141.86000061035156,142.5791015625,141.72999572753906,142.5449981689453,549753
2026-07-14 10:05:00-04:00,142.07000732421875,142.5500030517578,141.61000061035156,141.82009887695312,510775
2026-07-14 10:10:00-04:00,142.4550018310547,142.60000610351562,141.6627960205078,142.02000427246094,599724
2026-07-14 10:15:00-04:00,142.38999938964844,142.85000610351562,141.75,142.39999389648438,744678
2026-07-14 10:20:00-04:00,141.14999389648438,142.5800018310547,141.10000610351562,142.38070678710938,580497
2026-07-14 10:25:00-04:00,141.0,141.5500030517578,140.52499389648438,141.13999938964844,582563
2026-07-14 10:30:00-04:00,141.14999389648438,141.33999633789062,140.2899932861328,140.99000549316406,708311
2026-07-14 10:35:00-04:00,141.66000366210938,141.75,140.8800048828125,141.11000061035156,410697
2026-07-14 10:40:00-04:00,141.70840454101562,142.10000610351562,141.3300018310547,141.69000244140625,358804
2026-07-14 10:45:00-04:00,141.22999572753906,141.77999877929688,141.06500244140625,141.6699981689453,253303
2026-07-14 10:50:00-04:00,141.5655059814453,141.60000610351562,140.92050170898438,141.22999572753906,509487
2026-07-14 10:55:00-04:00,141.25999450683594,141.72999572753906,141.2100067138672,141.59500122070312,291999
2026-07-14 11:00:00-04:00,141.6199951171875,141.8699951171875,141.17999267578125,141.25,301932
2026-07-14 11:05:00-04:00,141.77999877929688,141.88999938964844,141.45010375976562,141.61500549316406,343595
2026-07-14 11:10:00-04:00,142.24839782714844,142.3800048828125,141.6999969482422,141.82000732421875,597190
2026-07-14 11:15:00-04:00,142.75999450683594,142.75999450683594,142.11000061035156,142.25,391628
2026-07-14 11:20:00-04:00,142.82000732421875,142.92999267578125,142.39999389648438,142.7050018310547,434500
2026-07-14 11:25:00-04:00,143.05999755859375,143.30999755859375,142.17999267578125,142.8000030517578,547991
2026-07-14 11:30:00-04:00,143.18499755859375,143.3300018310547,142.6999969482422,143.07000732421875,375430
2026-07-14 11:35:00-04:00,142.83999633789062,143.1999969482422,142.72999572753906,143.19500732421875,566743
2026-07-14 11:40:00-04:00,142.45010375976562,142.88999938964844,142.17999267578125,142.83999633789062,312283
2026-07-14 11:45:00-04:00,142.72999572753906,142.97999572753906,142.45010375976562,142.45010375976562,209345
2026-07-14 11:50:00-04:00,142.55499267578125,143.0,142.5,142.72999572753906,254254
2026-07-14 11:55:00-04:00,142.4199981689453,142.69960021972656,142.33999633789062,142.57000732421875,203764
2026-07-14 12:00:00-04:00,141.7834930419922,142.39999389648438,141.47999572753906,142.39999389648438,401648
2026-07-14 12:05:00-04:00,141.69000244140625,141.88999938964844,141.44000244140625,141.85000610351562,286191
2026-07-14 12:10:00-04:00,141.53579711914062,141.70989990234375,141.4040069580078,141.70989990234375,371871
2026-07-14 12:15:00-04:00,141.25,141.57989501953125,141.08999633789062,141.52000427246094,319463
2026-07-14 12:20:00-04:00,140.8800048828125,141.2899932861328,140.74000549316406,141.27000427246094,393868
2026-07-14 12:25:00-04:00,140.77000427246094,141.14990234375,140.64999389648438,140.89999389648438,336812
2026-07-14 12:30:00-04:00,140.91000366210938,141.05250549316406,140.67999267578125,140.79989624023438,248006
2026-07-14 12:35:00-04:00,140.34890747070312,140.97909545898438,140.25,140.92999267578125,404158
2026-07-14 12:40:00-04:00,139.58050537109375,140.3498992919922,139.5800018310547,140.3498992919922,775275
2026-07-14 12:45:00-04:00,139.5500030517578,139.92999267578125,139.25,139.61500549316406,662430
2026-07-14 12:50:00-04:00,139.0,139.64999389648438,138.82000732421875,139.53500366210938,664968
2026-07-14 12:55:00-04:00,138.6501007080078,139.13999938964844,138.55999755859375,139.0,554852
2026-07-14 13:00:00-04:00,138.5583953857422,138.94000244140625,138.24000549316406,138.63999938964844,587670
2026-07-14 13:05:00-04:00,139.05499267578125,139.14999389648438,138.5,138.5399932861328,438066
2026-07-14 13:10:00-04:00,138.6750030517578,139.2100067138672,138.66000366210938,139.02000427246094,422667
2026-07-14 13:15:00-04:00,138.468994140625,138.72999572753906,138.1999969482422,138.69000244140625,536875
2026-07-14 13:20:00-04:00,138.64999389648438,138.77999877929688,138.25999450683594,138.47000122070312,363234
2026-07-14 13:25:00-04:00,138.81500244140625,138.83999633789062,138.60000610351562,138.6199951171875,257209
2026-07-14 13:30:00-04:00,138.5800018310547,138.97000122070312,138.4700927734375,138.82000732421875,293200
2026-07-14 13:35:00-04:00,138.60000610351562,138.6999969482422,138.47000122070312,138.59500122070312,248817
2026-07-14 13:40:00-04:00,138.43499755859375,138.66000366210938,138.38999938964844,138.58999633789062,264873
2026-07-14 13:45:00-04:00,138.389892578125,138.5800018310547,138.27000427246094,138.43499755859375,293111
2026-07-14 13:50:00-04:00,138.55999755859375,138.64999389648438,138.35000610351562,138.35009765625,226363
2026-07-14 13:55:00-04:00,138.61000061035156,138.7100067138672,138.4199981689453,138.55999755859375,288947
2026-07-14 14:00:00-04:00,138.2899932861328,138.60000610351562,137.8800048828125,138.60000610351562,882356
2026-07-14 14:05:00-04:00,138.13999938964844,138.4499969482422,137.9199981689453,138.28500366210938,342730
2026-07-14 14:10:00-04:00,138.39500427246094,138.4949951171875,138.1199951171875,138.1199951171875,259955
2026-07-14 14:15:00-04:00,138.55999755859375,138.60000610351562,138.3000030517578,138.38999938964844,265453
2026-07-14 14:20:00-04:00,138.3249969482422,138.56500244140625,138.25030517578125,138.56500244140625,262202
2026-07-14 14:25:00-04:00,138.3300018310547,138.46859741210938,138.2301025390625,138.30999755859375,231770
2026-07-14 14:30:00-04:00,138.6699981689453,138.7899932861328,138.327392578125,138.35879516601562,281692
2026-07-14 14:35:00-04:00,138.99000549316406,139.00999450683594,138.6199951171875,138.6750030517578,366932
2026-07-14 14:40:00-04:00,138.9199981689453,138.97999572753906,138.58009338378906,138.97999572753906,594123
2026-07-14 14:45:00-04:00,138.8300018310547,139.02999877929688,138.77999877929688,138.9199981689453,217222
2026-07-14 14:50:00-04:00,138.8249969482422,138.89999389648438,138.64999389648438,138.8699951171875,215266
2026-07-14 14:55:00-04:00,138.66009521484375,138.8800048828125,138.55999755859375,138.80999755859375,213013
2026-07-14 15:00:00-04:00,138.85000610351562,138.9199981689453,138.6199951171875,138.6699981689453,237474
2026-07-14 15:05:00-04:00,138.66000366210938,138.89990234375,138.60000610351562,138.875,197558
2026-07-14 15:10:00-04:00,138.72999572753906,138.97000122070312,138.33999633789062,138.67999267578125,313345
2026-07-14 15:15:00-04:00,138.5500030517578,138.8199005126953,138.50999450683594,138.7100067138672,225789
2026-07-14 15:20:00-04:00,138.5,138.59500122070312,138.35000610351562,138.5800018310547,228778
2026-07-14 15:25:00-04:00,138.1300048828125,138.5,138.07000732421875,138.5,456701
2026-07-14 15:30:00-04:00,137.58230590820312,138.14999389648438,137.52000427246094,138.1300048828125,803438
2026-07-14 15:35:00-04:00,137.30999755859375,137.59959411621094,137.27999877929688,137.55999755859375,607542
2026-07-14 15:40:00-04:00,137.0500946044922,137.34500122070312,136.92999267578125,137.3101043701172,937772
2026-07-14 15:45:00-04:00,136.75,137.1300048828125,136.72000122070312,137.05499267578125,1140147
2026-07-14 15:50:00-04:00,136.23500061035156,136.97999572753906,136.22000122070312,136.75999450683594,1307850
2026-07-14 15:55:00-04:00,136.1199951171875,136.35000610351562,135.92999267578125,136.27000427246094,2913284
2026-07-15 09:30:00-04:00,138.38999938964844,138.64999389648438,137.27000427246094,137.30499267578125,3269460
2026-07-15 09:35:00-04:00,138.60499572753906,139.33999633789062,138.2581024169922,138.3800048828125,1442849
2026-07-15 09:40:00-04:00,138.25999450683594,138.63999938964844,138.0500030517578,138.55999755859375,818281
2026-07-15 09:45:00-04:00,137.7100067138672,138.4199981689453,137.5,138.31500244140625,799493
2026-07-15 09:50:00-04:00,138.02999877929688,138.2799072265625,137.13999938964844,137.7899932861328,847839
2026-07-15 09:55:00-04:00,138.0449981689453,138.47000122070312,137.64999389648438,138.03500366210938,467137
2026-07-15 10:00:00-04:00,138.0,138.25,137.75,138.07000732421875,348900
2026-07-15 10:05:00-04:00,137.7550048828125,138.02000427246094,137.5,138.0,418405
2026-07-15 10:10:00-04:00,137.78939819335938,138.11000061035156,137.6999969482422,137.76499938964844,487969
2026-07-15 10:15:00-04:00,137.0399932861328,137.78500366210938,137.00999450683594,137.78050231933594,620342
2026-07-15 10:20:00-04:00,136.70010375976562,137.14500427246094,136.44000244140625,137.02999877929688,897622
2026-07-15 10:25:00-04:00,137.1999053955078,137.4600067138672,136.64059448242188,136.71499633789062,468695
2026-07-15 10:30:00-04:00,137.0749969482422,137.1898956298828,136.6999969482422,137.1300048828125,402472
2026-07-15 10:35:00-04:00,136.60000610351562,137.25999450683594,136.5,137.0749969482422,406648
2026-07-15 10:40:00-04:00,136.47000122070312,136.67999267578125,136.10000610351562,136.63999938964844,715016
2026-07-15 10:45:00-04:00,136.51930236816406,136.55999755859375,136.10000610351562,136.4499969482422,464483
2026-07-15 10:50:00-04:00,136.75,136.83999633789062,136.4199981689453,136.49000549316406,363701
2026-07-15 10:55:00-04:00,136.91000366210938,137.0399932861328,136.64999389648438,136.77000427246094,343305
2026-07-15 11:00:00-04:00,136.82989501953125,136.9698944091797,136.6199951171875,136.91000366210938,226699
2026-07-15 11:05:00-04:00,137.02999877929688,137.22500610351562,136.67999267578125,136.8300018310547,395926
2026-07-15 11:10:00-04:00,136.47000122070312,137.00999450683594,136.33009338378906,137.00999450683594,353945
2026-07-15 11:15:00-04:00,136.08999633789062,136.5,135.83999633789062,136.47000122070312,967681
2026-07-15 11:20:00-04:00,135.7812957763672,136.1199951171875,135.39999389648438,136.0850067138672,911003
2026-07-15 11:25:00-04:00,135.90499877929688,135.90499877929688,135.3300018310547,135.77499389648438,636055
2026-07-15 11:30:00-04:00,136.24000549316406,136.27000427246094,135.67999267578125,135.89010620117188,472358
2026-07-15 11:35:00-04:00,136.47999572753906,136.5500030517578,135.97000122070312,136.24000549316406,431052
2026-07-15 11:40:00-04:00,136.42999267578125,136.49000549316406,136.0500030517578,136.49000549316406,263895
2026-07-15 11:45:00-04:00,136.2700958251953,136.44000244140625,136.1300048828125,136.42999267578125,223958
2026-07-15 11:50:00-04:00,135.86000061035156,136.29930114746094,135.6999969482422,136.28500366210938,394424
2026-07-15 11:55:00-04:00,135.73500061035156,135.9600067138672,135.72000122070312,135.8699951171875,307693
2026-07-15 12:00:00-04:00,135.25,135.85499572753906,135.1699981689453,135.7205047607422,880704
2026-07-15 12:05:00-04:00,132.92959594726562,135.24000549316406,132.86000061035156,135.24000549316406,6998419
2026-07-15 12:10:00-04:00,132.68499755859375,132.9600067138672,132.1501007080078,132.90499877929688,1622456
2026-07-15 12:15:00-04:00,133.3249969482422,133.58999633789062,132.6199951171875,132.69500732421875,1006086
2026-07-15 12:20:00-04:00,133.36000061035156,133.6699981689453,133.22000122070312,133.3249969482422,746712
2026-07-15 12:25:00-04:00,133.6999969482422,133.94000244140625,133.3249969482422,133.410400390625,743689
2026-07-15 12:30:00-04:00,133.11000061035156,133.75,132.8800048828125,133.72999572753906,758254
2026-07-15 12:35:00-04:00,132.5500030517578,133.14500427246094,132.5,133.0800018310547,656217
2026-07-15 12:40:00-04:00,133.10000610351562,133.44000244140625,132.44000244140625,132.5500030517578,788794
2026-07-15 12:45:00-04:00,133.19500732421875,133.5500030517578,132.92010498046875,133.1300048828125,513387
2026-07-15 12:50:00-04:00,133.77999877929688,133.88999938964844,133.1699981689453,133.1699981689453,1716522
2026-07-15 12:55:00-04:00,134.13999938964844,134.17990112304688,133.65460205078125,133.8000030517578,511254
2026-07-15 13:00:00-04:00,134.75660705566406,134.85000610351562,134.0500030517578,134.13999938964844,883764
2026-07-15 13:05:00-04:00,135.22000122070312,135.27999877929688,134.61000061035156,134.7449951171875,748957
2026-07-15 13:10:00-04:00,134.4550018310547,135.24949645996094,134.44000244140625,135.22500610351562,708534
2026-07-15 13:15:00-04:00,134.84500122070312,134.97999572753906,134.25,134.4600067138672,549361
2026-07-15 13:20:00-04:00,134.7449951171875,135.2799072265625,134.5449981689453,134.82699584960938,1134976
2026-07-15 13:25:00-04:00,134.8800048828125,135.0399932861328,134.6300048828125,134.7449951171875,331571
2026-07-15 13:30:00-04:00,134.90499877929688,135.0,134.72999572753906,134.8800048828125,659044
2026-07-15 13:35:00-04:00,134.80999755859375,134.91990661621094,134.5800018310547,134.91000366210938,346208
2026-07-15 13:40:00-04:00,134.77000427246094,135.0,134.66000366210938,134.80499267578125,354281
2026-07-15 13:45:00-04:00,135.55499267578125,135.89999389648438,134.60000610351562,134.77000427246094,809290
2026-07-15 13:50:00-04:00,135.55999755859375,135.88999938964844,135.42999267578125,135.5500030517578,503127
2026-07-15 13:55:00-04:00,135.50999450683594,135.80999755859375,135.41000366210938,135.5998992919922,371101
2026-07-15 14:00:00-04:00,136.17999267578125,136.35000610351562,135.4199981689453,135.51499938964844,667423
2026-07-15 14:05:00-04:00,136.10000610351562,136.47000122070312,136.0,136.17999267578125,418351
2026-07-15 14:10:00-04:00,135.625,136.13999938964844,135.60000610351562,136.13999938964844,346735
2026-07-15 14:15:00-04:00,135.74000549316406,135.80999755859375,135.5,135.60000610351562,273875
2026-07-15 14:20:00-04:00,135.8000030517578,135.94000244140625,135.66000366210938,135.718994140625,295628
2026-07-15 14:25:00-04:00,135.74000549316406,135.97999572753906,135.66000366210938,135.7899932861328,258471
2026-07-15 14:30:00-04:00,135.6699981689453,135.7899932861328,135.50999450683594,135.74000549316406,288858
2026-07-15 14:35:00-04:00,135.60000610351562,135.9499969482422,135.4600067138672,135.64999389648438,787595
2026-07-15 14:40:00-04:00,135.0500030517578,135.63999938964844,135.0500030517578,135.5980987548828,462956
2026-07-15 14:45:00-04:00,134.80499267578125,135.17999267578125,134.75900268554688,135.05999755859375,719703
2026-07-15 14:50:00-04:00,134.7801055908203,134.88999938964844,134.61000061035156,134.7949981689453,331829
2026-07-15 14:55:00-04:00,134.55990600585938,134.8300018310547,134.32000732421875,134.7998046875,416143
2026-07-15 15:00:00-04:00,134.33009338378906,134.66990661621094,134.32000732421875,134.4871063232422,296458
2026-07-15 15:05:00-04:00,134.2949981689453,134.4199981689453,134.10000610351562,134.3300018310547,354949
2026-07-15 15:10:00-04:00,134.25,134.36000061035156,134.2100067138672,134.32850646972656,253836
2026-07-15 15:15:00-04:00,134.2624969482422,134.3000030517578,134.0800018310547,134.25999450683594,355986
2026-07-15 15:20:00-04:00,134.35000610351562,134.4499969482422,134.11000061035156,134.25,366898
2026-07-15 15:25:00-04:00,134.9600067138672,134.97000122070312,134.27000427246094,134.36000061035156,423872
2026-07-15 15:30:00-04:00,135.1649932861328,135.47999572753906,134.7550048828125,134.97000122070312,543854
2026-07-15 15:35:00-04:00,135.30499267578125,135.35499572753906,135.10000610351562,135.17999267578125,339939
2026-07-15 15:40:00-04:00,135.6199951171875,135.75,135.25999450683594,135.30999755859375,527895
2026-07-15 15:45:00-04:00,135.40499877929688,135.8000030517578,135.1999969482422,135.6199951171875,480158
2026-07-15 15:50:00-04:00,135.99000549316406,136.0800018310547,135.27000427246094,135.42999267578125,742369
2026-07-15 15:55:00-04:00,135.3000030517578,136.19000244140625,135.07000732421875,136.00999450683594,2532959
2026-07-16 09:30:00-04:00,136.8300018310547,137.5998992919922,134.36520385742188,134.94500732421875,5442023
2026-07-16 09:35:00-04:00,136.3699951171875,137.49000549316406,135.52000427246094,136.8000030517578,1978177
2026-07-16 09:40:00-04:00,137.3699951171875,137.41000366210938,135.91000366210938,136.32000732421875,1036354
2026-07-16 09:45:00-04:00,136.10499572753906,137.75999450683594,135.9499969482422,137.35000610351562,1998634
2026-07-16 09:50:00-04:00,135.625,136.27999877929688,135.30999755859375,136.05999755859375,899427
2026-07-16 09:55:00-04:00,136.0749969482422,136.8800048828125,135.07000732421875,135.60000610351562,1420335
2026-07-16 10:00:00-04:00,136.14999389648438,136.8800048828125,135.9199981689453,136.02999877929688,685864
2026-07-16 10:05:00-04:00,136.27000427246094,136.44000244140625,135.89999389648438,136.14999389648438,410894
2026-07-16 10:10:00-04:00,136.24000549316406,136.63999938964844,136.1300048828125,136.22000122070312,411138
2026-07-16 10:15:00-04:00,136.7899932861328,136.97999572753906,136.17999267578125,136.27000427246094,471002
2026-07-16 10:20:00-04:00,136.46499633789062,137.11000061035156,136.1999969482422,136.8000030517578,566385
2026-07-16 10:25:00-04:00,136.69320678710938,136.78990173339844,136.02000427246094,136.4499969482422,456131
2026-07-16 10:30:00-04:00,135.63999938964844,136.75,135.60000610351562,136.71499633789062,585124
2026-07-16 10:35:00-04:00,134.6750030517578,136.07000732421875,134.5800018310547,135.61500549316406,999132
2026-07-16 10:40:00-04:00,134.99000549316406,135.16000366210938,134.42999267578125,134.65049743652344,544963
2026-07-16 10:45:00-04:00,134.91000366210938,135.1999969482422,134.7899932861328,134.99000549316406,585978
2026-07-16 10:50:00-04:00,134.4499969482422,134.99000549316406,134.02000427246094,134.88999938964844,683971
2026-07-16 10:55:00-04:00,134.84500122070312,135.11000061035156,134.17999267578125,134.4600067138672,489935
2026-07-16 11:00:00-04:00,134.30999755859375,135.03500366210938,134.30999755859375,134.83999633789062,329705
2026-07-16 11:05:00-04:00,134.3350067138672,134.5,133.89999389648438,134.3000030517578,681574
2026-07-16 11:10:00-04:00,134.23500061035156,134.4199981689453,134.0500030517578,134.3350067138672,288625
2026-07-16 11:15:00-04:00,134.375,134.4600067138672,133.6999969482422,134.260498046875,580004
2026-07-16 11:20:00-04:00,135.2550048828125,135.33999633789062,134.1999969482422,134.3699951171875,517530
2026-07-16 11:25:00-04:00,135.27499389648438,135.7100067138672,135.0,135.27999877929688,655888
2026-07-16 11:30:00-04:00,135.2935028076172,135.4600067138672,134.80999755859375,135.27499389648438,419168
2026-07-16 11:35:00-04:00,135.39500427246094,135.7899932861328,135.1999969482422,135.27999877929688,480756
2026-07-16 11:40:00-04:00,135.0850067138672,135.38499450683594,134.85000610351562,135.38499450683594,323247
2026-07-16 11:45:00-04:00,134.4499969482422,135.1199951171875,134.35000610351562,135.10000610351562,506248
2026-07-16 11:50:00-04:00,134.11000061035156,134.50999450683594,134.00999450683594,134.44000244140625,404509
2026-07-16 11:55:00-04:00,134.3699951171875,134.47000122070312,133.77000427246094,134.0800018310547,633509
2026-07-16 12:00:00-04:00,133.85000610351562,134.41000366210938,133.8000030517578,134.41000366210938,1130675
2026-07-16 12:05:00-04:00,133.72000122070312,133.92820739746094,133.6199951171875,133.82000732421875,442515
2026-07-16 12:10:00-04:00,133.32000732421875,133.73500061035156,133.22000122070312,133.73500061035156,523603
2026-07-16 12:15:00-04:00,132.82000732421875,133.44000244140625,132.8000030517578,133.27999877929688,885616
2026-07-16 12:20:00-04:00,132.9600067138672,133.00999450683594,132.60000610351562,132.85000610351562,571239
2026-07-16 12:25:00-04:00,133.1999969482422,135.27000427246094,132.89999389648438,132.96499633789062,407720
2026-07-16 12:30:00-04:00,133.3249969482422,133.38999938964844,133.07000732421875,133.22999572753906,268535
2026-07-16 12:35:00-04:00,133.16600036621094,133.5,133.09800720214844,133.3249969482422,342024
2026-07-16 12:40:00-04:00,132.80499267578125,133.2899932861328,132.74000549316406,133.14500427246094,390964
2026-07-16 12:45:00-04:00,132.6199951171875,132.86990356445312,132.33050537109375,132.8000030517578,581693
2026-07-16 12:50:00-04:00,132.9600067138672,133.25999450683594,132.48500061035156,132.60000610351562,933814
2026-07-16 12:55:00-04:00,133.22500610351562,133.3000030517578,132.9499969482422,132.97999572753906,251163
2026-07-16 13:00:00-04:00,132.9199981689453,133.22999572753906,132.64999389648438,133.22500610351562,296532
2026-07-16 13:05:00-04:00,132.75599670410156,132.90499877929688,132.5399932861328,132.89999389648438,290421
2026-07-16 13:10:00-04:00,132.36990356445312,132.7899932861328,132.34010314941406,132.73500061035156,339725
2026-07-16 13:15:00-04:00,132.49000549316406,132.64999389648438,132.3300018310547,132.36000061035156,352839
2026-07-16 13:20:00-04:00,132.10499572753906,132.5,131.8249969482422,132.48500061035156,1027221
2026-07-16 13:25:00-04:00,132.44000244140625,132.52000427246094,131.73019409179688,132.08749389648438,745008
2026-07-16 13:30:00-04:00,131.67210388183594,132.52999877929688,131.6199951171875,132.4250030517578,460565
2026-07-16 13:35:00-04:00,131.11000061035156,131.75,131.0500030517578,131.67990112304688,738494
2026-07-16 13:40:00-04:00,130.99000549316406,131.3000030517578,130.8000030517578,131.11000061035156,818117
2026-07-16 13:45:00-04:00,131.2899932861328,131.30999755859375,130.74000549316406,131.0050048828125,1016627
2026-07-16 13:50:00-04:00,131.25,131.47999572753906,131.0,131.27000427246094,343159
2026-07-16 13:55:00-04:00,131.34500122070312,131.5800018310547,131.14999389648438,131.26499938964844,319342
2026-07-16 14:00:00-04:00,131.5500030517578,131.889892578125,131.32000732421875,131.33999633789062,921032
2026-07-16 14:05:00-04:00,131.8249969482422,131.89999389648438,131.44439697265625,131.50999450683594,265006
2026-07-16 14:10:00-04:00,131.64500427246094,132.0399932861328,131.58999633789062,131.8300018310547,324698
2026-07-16 14:15:00-04:00,131.47000122070312,131.79989624023438,131.44000244140625,131.61000061035156,303397
2026-07-16 14:20:00-04:00,131.8000030517578,131.8300018310547,131.39010620117188,131.47500610351562,367387
2026-07-16 14:25:00-04:00,131.66000366210938,131.9398956298828,131.57000732421875,131.74000549316406,308150
2026-07-16 14:30:00-04:00,131.28500366210938,131.66000366210938,131.19000244140625,131.66000366210938,332721
2026-07-16 14:35:00-04:00,131.375,131.49000549316406,131.17999267578125,131.27000427246094,361325
2026-07-16 14:40:00-04:00,131.42999267578125,131.52999877929688,131.1300048828125,131.36000061035156,288537
2026-07-16 14:45:00-04:00,131.52499389648438,131.5800018310547,131.27000427246094,131.44000244140625,324480
2026-07-16 14:50:00-04:00,131.33999633789062,131.55999755859375,131.22999572753906,131.5,316093
2026-07-16 14:55:00-04:00,131.11000061035156,131.35000610351562,131.0800018310547,131.3300018310547,327006
2026-07-16 15:00:00-04:00,131.49960327148438,131.539794921875,131.09500122070312,131.10000610351562,450099
2026-07-16 15:05:00-04:00,131.22000122070312,131.52000427246094,131.0615997314453,131.47999572753906,524632
2026-07-16 15:10:00-04:00,131.39999389648438,131.42999267578125,131.1999969482422,131.20399475097656,407029
2026-07-16 15:15:00-04:00,131.33999633789062,131.4799041748047,131.25,131.40499877929688,379391
2026-07-16 15:20:00-04:00,131.36000061035156,131.5399932861328,131.22999572753906,131.33180236816406,404028
2026-07-16 15:25:00-04:00,131.46499633789062,131.5,131.14999389648438,131.3699951171875,421242
2026-07-16 15:30:00-04:00,131.9499969482422,132.13999938964844,131.3800048828125,131.4600067138672,568827
2026-07-16 15:35:00-04:00,131.9250030517578,131.97000122070312,131.60000610351562,131.9600067138672,414356
2026-07-16 15:40:00-04:00,131.8300018310547,131.98989868164062,131.52000427246094,131.89999389648438,471798
2026-07-16 15:45:00-04:00,132.31370544433594,132.4499969482422,131.77999877929688,131.82000732421875,772410
2026-07-16 15:50:00-04:00,132.53860473632812,132.75999450683594,132.18350219726562,132.3300018310547,863930
2026-07-16 15:55:00-04:00,131.02999877929688,132.88499450683594,131.02000427246094,132.5,2694766
2026-07-17 09:30:00-04:00,125.16449737548828,127.02999877929688,125.12000274658203,126.75,8929804
2026-07-17 09:35:00-04:00,123.11499786376953,125.45999908447266,122.12000274658203,125.15499877929688,5085618
2026-07-17 09:40:00-04:00,124.16500091552734,124.30000305175781,122.87999725341797,123.12000274658203,2025972
2026-07-17 09:45:00-04:00,125.33999633789062,125.85990142822266,124.01000213623047,124.13500213623047,1719743
2026-07-17 09:50:00-04:00,124.66909790039062,125.37000274658203,124.25,125.33999633789062,1447038
2026-07-17 09:55:00-04:00,125.44499969482422,125.75,124.26000213623047,124.5999984741211,1137267
2026-07-17 10:00:00-04:00,125.91999816894531,126.73999786376953,125.38999938964844,125.38999938964844,1384224
2026-07-17 10:05:00-04:00,126.80000305175781,127.0199966430664,125.91010284423828,125.91500091552734,1097820
2026-07-17 10:10:00-04:00,125.80999755859375,126.94989776611328,125.65249633789062,126.80500030517578,885448
2026-07-17 10:15:00-04:00,126.54000091552734,126.80000305175781,125.62999725341797,125.80999755859375,776150
2026-07-17 10:20:00-04:00,126.75,126.83999633789062,126.13999938964844,126.52999877929688,579716
2026-07-17 10:25:00-04:00,126.0,127.06770324707031,125.5199966430664,126.75499725341797,1034448
2026-07-17 10:30:00-04:00,125.37000274658203,126.05999755859375,124.91000366210938,126.0199966430664,1005527
2026-07-17 10:35:00-04:00,126.24500274658203,126.40989685058594,125.27999877929688,125.33999633789062,576847
2026-07-17 10:40:00-04:00,125.9000015258789,126.47989654541016,125.63009643554688,126.23699951171875,457184
2026-07-17 10:45:00-04:00,124.80000305175781,125.8949966430664,124.79499816894531,125.8949966430664,785414
2026-07-17 10:50:00-04:00,124.88999938964844,125.36000061035156,124.80000305175781,124.83499908447266,548409
2026-07-17 10:55:00-04:00,124.30000305175781,125.09989929199219,124.12999725341797,124.88999938964844,846886
2026-07-17 11:00:00-04:00,123.69999694824219,124.43990325927734,123.6500015258789,124.30999755859375,1012524
2026-07-17 11:05:00-04:00,123.44499969482422,123.73999786376953,123.22000122070312,123.66999816894531,980368
2026-07-17 11:10:00-04:00,123.76000213623047,123.8499984741211,123.33999633789062,123.41000366210938,884483
2026-07-17 11:15:00-04:00,123.55999755859375,123.75,123.38999938964844,123.74500274658203,588899
2026-07-17 11:20:00-04:00,123.94999694824219,124.01899719238281,123.33999633789062,123.54000091552734,926125
2026-07-17 11:25:00-04:00,124.51000213623047,124.61000061035156,123.87000274658203,123.87000274658203,874647
2026-07-17 11:30:00-04:00,124.15969848632812,124.72000122070312,123.94999694824219,124.54989624023438,786094
2026-07-17 11:35:00-04:00,123.9717025756836,124.44000244140625,123.83000183105469,124.1449966430664,607586
2026-07-17 11:40:00-04:00,123.47000122070312,124.10990142822266,123.4000015258789,123.95500183105469,833911
2026-07-17 11:45:00-04:00,123.5199966430664,123.55000305175781,122.8499984741211,123.45999908447266,1596919
2026-07-17 11:50:00-04:00,124.12999725341797,124.19999694824219,123.22000122070312,123.51000213623047,954843
2026-07-17 11:55:00-04:00,124.55000305175781,124.66999816894531,124.06999969482422,124.12999725341797,664229
2026-07-17 12:00:00-04:00,124.54000091552734,124.94499969482422,124.17050170898438,124.55999755859375,665033
2026-07-17 12:05:00-04:00,124.80139923095703,124.86990356445312,124.23999786376953,124.50499725341797,883206
2026-07-17 12:10:00-04:00,124.50499725341797,125.11000061035156,124.27999877929688,124.83499908447266,682994
2026-07-17 12:15:00-04:00,125.13249969482422,125.34989929199219,124.19999694824219,124.5,850667
2026-07-17 12:20:00-04:00,124.25499725341797,125.25,124.19000244140625,125.13500213623047,560428
2026-07-17 12:25:00-04:00,124.45500183105469,124.52989959716797,123.90010070800781,124.30000305175781,865896
2026-07-17 12:30:00-04:00,124.29499816894531,124.53990173339844,124.19000244140625,124.45500183105469,398761
2026-07-17 12:35:00-04:00,124.56999969482422,124.7699966430664,124.30999755859375,124.31999969482422,598282
2026-07-17 12:40:00-04:00,125.0999984741211,125.17949676513672,124.4000015258789,124.54010009765625,571068
2026-07-17 12:45:00-04:00,125.37999725341797,125.4800033569336,124.94000244140625,125.125,543780
2026-07-17 12:50:00-04:00,126.0199966430664,126.08000183105469,125.36000061035156,125.4000015258789,790730
2026-07-17 12:55:00-04:00,125.73500061035156,126.30999755859375,125.61000061035156,126.02999877929688,535596
2026-07-17 13:00:00-04:00,126.13480377197266,126.30500030517578,125.69999694824219,125.73999786376953,476082
2026-07-17 13:05:00-04:00,125.9000015258789,126.18000030517578,125.75,126.12000274658203,531119
2026-07-17 13:10:00-04:00,126.06999969482422,126.19999694824219,125.72000122070312,125.91999816894531,549073
2026-07-17 13:15:00-04:00,125.7300033569336,126.33999633789062,125.69999694824219,126.11160278320312,570109
2026-07-17 13:20:00-04:00,125.81500244140625,125.87989807128906,125.55999755859375,125.7300033569336,376498
2026-07-17 13:25:00-04:00,126.32499694824219,126.4999008178711,125.76000213623047,125.79299926757812,418022
2026-07-17 13:30:00-04:00,126.30000305175781,126.39959716796875,126.0,126.27999877929688,284460
2026-07-17 13:35:00-04:00,125.9000015258789,126.37999725341797,125.66999816894531,126.31999969482422,454165
2026-07-17 13:40:00-04:00,125.41699981689453,125.93000030517578,125.22000122070312,125.88999938964844,713935
2026-07-17 13:45:00-04:00,125.67990112304688,125.75,125.30999755859375,125.41729736328125,350140
2026-07-17 13:50:00-04:00,125.98090362548828,126.0999984741211,125.63999938964844,125.66999816894531,333923
2026-07-17 13:55:00-04:00,125.8499984741211,126.05999755859375,125.78009796142578,125.92630004882812,300688
2026-07-17 14:00:00-04:00,125.86499786376953,126.11000061035156,125.5199966430664,125.8499984741211,443694
2026-07-17 14:05:00-04:00,125.31500244140625,125.88999938964844,125.19999694824219,125.86499786376953,390994
2026-07-17 14:10:00-04:00,125.2699966430664,125.44989776611328,125.22000122070312,125.30999755859375,347955
2026-07-17 14:15:00-04:00,125.15499877929688,125.30999755859375,124.9000015258789,125.28500366210938,558707
2026-07-17 14:20:00-04:00,125.08000183105469,125.20999908447266,124.93009948730469,125.13999938964844,323646
2026-07-17 14:25:00-04:00,125.24089813232422,125.37999725341797,124.9800033569336,125.05000305175781,305524
2026-07-17 14:30:00-04:00,125.16500091552734,125.58000183105469,125.0199966430664,125.20999908447266,348165
2026-07-17 14:35:00-04:00,125.12999725341797,125.30000305175781,125.0199966430664,125.18000030517578,274171
2026-07-17 14:40:00-04:00,125.18199920654297,125.22000122070312,124.92500305175781,125.16000366210938,412576
2026-07-17 14:45:00-04:00,125.51000213623047,125.54000091552734,125.09010314941406,125.17500305175781,340823
2026-07-17 14:50:00-04:00,125.91999816894531,126.0,125.38510131835938,125.47000122070312,466427
2026-07-17 14:55:00-04:00,125.80000305175781,126.04000091552734,125.62000274658203,125.91000366210938,373200
2026-07-17 15:00:00-04:00,129.11000061035156,129.88999938964844,125.58999633789062,125.80500030517578,2729232
2026-07-17 15:05:00-04:00,126.08000183105469,130.32989501953125,125.76000213623047,129.1699981689453,4584900
2026-07-17 15:10:00-04:00,125.37940216064453,126.57499694824219,125.2699966430664,126.02999877929688,1308217
2026-07-17 15:15:00-04:00,125.05000305175781,125.55999755859375,124.4800033569336,125.37999725341797,1284726
2026-07-17 15:20:00-04:00,123.44999694824219,125.05000305175781,123.44000244140625,125.01000213623047,1631945
2026-07-17 15:25:00-04:00,123.80000305175781,123.95999908447266,123.05000305175781,123.47000122070312,1450909
2026-07-17 15:30:00-04:00,124.06999969482422,124.33000183105469,123.69999694824219,123.84500122070312,761446
2026-07-17 15:35:00-04:00,123.86499786376953,124.13500213623047,123.69999694824219,124.0072021484375,701527
2026-07-17 15:40:00-04:00,124.16500091552734,124.26000213623047,123.51000213623047,123.80000305175781,876107
2026-07-17 15:45:00-04:00,123.69999694824219,124.3499984741211,123.66000366210938,124.16000366210938,824721
2026-07-17 15:50:00-04:00,124.07499694824219,124.19999694824219,123.67500305175781,123.69999694824219,1142041
2026-07-17 15:55:00-04:00,123.95999908447266,124.88999938964844,123.8499984741211,124.12000274658203,2950373
