Datetime,Close,High,Low,Open,Volume
2025-07-17 09:30:00-04:00,1.6799999475479126,1.7400000095367432,1.6799999475479126,1.7400000095367432,16230
2025-07-17 11:30:00-04:00,1.7400000095367432,1.7400000095367432,1.712399959564209,1.712399959564209,2084
2025-07-17 12:30:00-04:00,1.7000999450683594,1.7400000095367432,1.7000999450683594,1.7400000095367432,7631
2025-07-17 14:30:00-04:00,1.7799999713897705,1.8100999593734741,1.7300000190734863,1.7300000190734863,38543
2025-07-17 15:30:00-04:00,1.75,1.809999942779541,1.75,1.809999942779541,5902
2025-07-18 09:30:00-04:00,1.7549999952316284,1.7549999952316284,1.75,1.75,2678
2025-07-18 10:30:00-04:00,1.7264000177383423,1.7300000190734863,1.7264000177383423,1.7300000190734863,1368
2025-07-18 11:30:00-04:00,1.840000033378601,1.9600000381469727,1.7200000286102295,1.7200000286102295,54734
2025-07-18 12:30:00-04:00,1.7999999523162842,1.8598999977111816,1.7999999523162842,1.840000033378601,14389
2025-07-18 14:30:00-04:00,1.7999999523162842,1.7999999523162842,1.7999999523162842,1.7999999523162842,204
2025-07-18 15:30:00-04:00,1.784999966621399,1.784999966621399,1.784999966621399,1.784999966621399,6808
2025-07-21 09:30:00-04:00,1.7999999523162842,1.7999999523162842,1.7009999752044678,1.7109999656677246,11740
2025-07-21 10:30:00-04:00,1.721500039100647,1.736199975013733,1.7201999425888062,1.736199975013733,15979
2025-07-21 11:30:00-04:00,1.7300000190734863,1.7300000190734863,1.6610000133514404,1.7200000286102295,30545
2025-07-21 12:30:00-04:00,1.7075999975204468,1.7075999975204468,1.6505999565124512,1.659999966621399,3052
2025-07-21 13:30:00-04:00,1.7200000286102295,1.7200000286102295,1.6823999881744385,1.6823999881744385,1658
2025-07-21 15:30:00-04:00,1.6749999523162842,1.690000057220459,1.6749999523162842,1.690000057220459,0
2025-07-22 09:30:00-04:00,1.6950000524520874,1.7100000381469727,1.6799999475479126,1.690000057220459,4665
2025-07-22 10:30:00-04:00,1.9811999797821045,2.200000047683716,1.6950000524520874,1.7000000476837158,761281
2025-07-22 11:30:00-04:00,1.9700000286102295,2.0280001163482666,1.8550000190734863,1.9900000095367432,223942
2025-07-22 12:30:00-04:00,1.9199999570846558,1.9700000286102295,1.850000023841858,1.9500000476837158,35763
2025-07-22 13:30:00-04:00,1.9299999475479126,1.9500000476837158,1.8924000263214111,1.9199999570846558,20634
2025-07-22 14:30:00-04:00,1.9049999713897705,1.9299999475479126,1.8899999856948853,1.9199999570846558,12515
2025-07-22 15:30:00-04:00,1.9486000537872314,1.9500000476837158,1.8899999856948853,1.9049999713897705,40355
2025-07-23 09:30:00-04:00,1.8600000143051147,1.8700000047683716,1.7999999523162842,1.8600000143051147,43065
2025-07-23 10:30:00-04:00,1.8451999425888062,1.850000023841858,1.809999942779541,1.8350000381469727,9053
2025-07-23 11:30:00-04:00,1.899999976158142,1.899999976158142,1.809999942779541,1.8450000286102295,16564
2025-07-23 12:30:00-04:00,1.899999976158142,1.9199999570846558,1.8111000061035156,1.840000033378601,5455
2025-07-23 13:30:00-04:00,1.899999976158142,1.899999976158142,1.809999942779541,1.899399995803833,0
2025-07-23 14:30:00-04:00,1.850000023841858,1.899999976158142,1.850000023841858,1.8899999856948853,80751
2025-07-23 15:30:00-04:00,1.899999976158142,1.899999976158142,1.8200000524520874,1.8200000524520874,1477
2025-07-24 09:30:00-04:00,1.7699999809265137,1.8350000381469727,1.7200000286102295,1.7888000011444092,23821
2025-07-24 10:30:00-04:00,1.7699999809265137,1.8095999956130981,1.7400000095367432,1.8095999956130981,5968
2025-07-24 11:30:00-04:00,1.7200000286102295,1.7705999612808228,1.7000999450683594,1.7705999612808228,4450
2025-07-24 12:30:00-04:00,1.7799999713897705,1.7799999713897705,1.75,1.7599999904632568,3862
2025-07-24 13:30:00-04:00,1.7649999856948853,1.7896000146865845,1.7503999471664429,1.7503999471664429,3124
2025-07-24 14:30:00-04:00,1.7400000095367432,1.7400000095367432,1.7300000190734863,1.7350000143051147,2789
2025-07-24 15:30:00-04:00,1.7400000095367432,1.75,1.7000000476837158,1.7300000190734863,7825
2025-07-25 09:30:00-04:00,1.7599999904632568,1.7599999904632568,1.7400000095367432,1.7400000095367432,0
2025-07-25 10:30:00-04:00,1.7699999809265137,1.7699999809265137,1.7599999904632568,1.7599999904632568,5973
2025-07-25 11:30:00-04:00,1.7899999618530273,1.7899999618530273,1.7599999904632568,1.767899990081787,10169
2025-07-25 12:30:00-04:00,1.7702000141143799,1.7999999523162842,1.7599999904632568,1.7999999523162842,1875
2025-07-25 14:30:00-04:00,1.75,1.7575000524520874,1.75,1.7575000524520874,2811
2025-07-25 15:30:00-04:00,1.7799999713897705,1.7799999713897705,1.7799999713897705,1.7799999713897705,389
2025-07-28 09:30:00-04:00,1.8375999927520752,1.8375999927520752,1.809999942779541,1.8200000524520874,4144
2025-07-28 10:30:00-04:00,1.8300000429153442,1.850000023841858,1.8300000429153442,1.850000023841858,1544
2025-07-28 11:30:00-04:00,1.840000033378601,1.840000033378601,1.840000033378601,1.840000033378601,545
2025-07-28 12:30:00-04:00,1.840000033378601,1.840000033378601,1.840000033378601,1.840000033378601,3302
2025-07-28 13:30:00-04:00,1.850000023841858,1.850000023841858,1.850000023841858,1.850000023841858,1325
2025-07-28 14:30:00-04:00,1.850000023841858,1.850000023841858,1.8402999639511108,1.8402999639511108,4441
2025-07-28 15:30:00-04:00,1.840000033378601,1.840499997138977,1.840000033378601,1.840499997138977,878
2025-07-29 09:30:00-04:00,1.840000033378601,1.840000033378601,1.7999999523162842,1.7999999523162842,6087
2025-07-29 10:30:00-04:00,1.7599999904632568,1.801800012588501,1.7599999904632568,1.801800012588501,9752
2025-07-29 11:30:00-04:00,1.7663999795913696,1.7663999795913696,1.75,1.75,7091
2025-07-29 12:30:00-04:00,1.7408000230789185,1.7408000230789185,1.660099983215332,1.7100000381469727,25991
2025-07-29 13:30:00-04:00,1.79830002784729,1.7999999523162842,1.7480000257492065,1.7480000257492065,13878
2025-07-29 14:30:00-04:00,1.6100000143051147,1.7799999713897705,1.5800000429153442,1.7799999713897705,70298
2025-07-29 15:30:00-04:00,1.6749999523162842,1.6895999908447266,1.6100000143051147,1.6150000095367432,11675
2025-07-30 09:30:00-04:00,1.7300000190734863,1.8700000047683716,1.6900999546051025,1.8200000524520874,9212246
2025-07-30 10:30:00-04:00,1.7400000095367432,1.7549999952316284,1.5700000524520874,1.7109999656677246,460339
2025-07-30 11:30:00-04:00,1.7649999856948853,1.8049999475479126,1.7300000190734863,1.7450000047683716,113988
2025-07-30 12:30:00-04:00,1.7999999523162842,1.8450000286102295,1.7400000095367432,1.7649999856948853,138749
2025-07-30 13:30:00-04:00,1.7999999523162842,1.809999942779541,1.7649999856948853,1.8049999475479126,67616
2025-07-30 14:30:00-04:00,1.909999966621399,1.9600000381469727,1.7799999713897705,1.7998000383377075,296907
2025-07-30 15:30:00-04:00,1.8601000308990479,1.965000033378601,1.850000023841858,1.9049999713897705,190565
2025-07-31 09:30:00-04:00,1.660099983215332,1.690000057220459,1.6433000564575195,1.690000057220459,119815
2025-07-31 10:30:00-04:00,1.6799999475479126,1.7239999771118164,1.659999966621399,1.6799999475479126,33481
2025-07-31 11:30:00-04:00,1.6715999841690063,1.690000057220459,1.649999976158142,1.680899977684021,24502
2025-07-31 12:30:00-04:00,1.6405999660491943,1.6749999523162842,1.6399999856948853,1.6699999570846558,17029
2025-07-31 13:30:00-04:00,1.6649999618530273,1.7200000286102295,1.6399999856948853,1.649999976158142,27967
2025-07-31 14:30:00-04:00,1.600000023841858,1.6617000102996826,1.600000023841858,1.6617000102996826,43965
2025-07-31 15:30:00-04:00,1.6399999856948853,1.6399999856948853,1.600000023841858,1.600000023841858,8630
2025-08-01 09:30:00-04:00,1.483199954032898,1.600000023841858,1.440000057220459,1.600000023841858,92987
2025-08-01 10:30:00-04:00,1.5,1.5299999713897705,1.4754999876022339,1.4825999736785889,25267
2025-08-01 11:30:00-04:00,1.5505000352859497,1.5505000352859497,1.5,1.5099999904632568,5135
2025-08-01 12:30:00-04:00,1.511199951171875,1.511199951171875,1.5010000467300415,1.5010000467300415,4868
2025-08-01 13:30:00-04:00,1.5895999670028687,1.5895999670028687,1.5499999523162842,1.5549999475479126,1044
2025-08-01 14:30:00-04:00,1.5499999523162842,1.579699993133545,1.5499999523162842,1.579699993133545,3120
2025-08-01 15:30:00-04:00,1.559999942779541,1.565000057220459,1.5499999523162842,1.565000057220459,2310
2025-08-04 09:30:00-04:00,1.649999976158142,1.659999966621399,1.6004999876022339,1.6100000143051147,21103
2025-08-04 10:30:00-04:00,1.649999976158142,1.649999976158142,1.600000023841858,1.625,9637
2025-08-04 11:30:00-04:00,1.6799999475479126,1.690000057220459,1.6200000047683716,1.649999976158142,2849
2025-08-04 12:30:00-04:00,1.6799999475479126,1.6799999475479126,1.6399999856948853,1.6399999856948853,1845
2025-08-04 13:30:00-04:00,1.7200000286102295,1.7200000286102295,1.6485999822616577,1.6799999475479126,41540
2025-08-04 14:30:00-04:00,1.7200000286102295,1.7200000286102295,1.7200000286102295,1.7200000286102295,3451
2025-08-04 15:30:00-04:00,1.6799999475479126,1.7200000286102295,1.6799999475479126,1.7200000286102295,2785
2025-08-05 09:30:00-04:00,1.6022000312805176,1.6399999856948853,1.590000033378601,1.6399999856948853,7748
2025-08-05 10:30:00-04:00,1.5706000328063965,1.5706000328063965,1.5700000524520874,1.5700000524520874,5777
2025-08-05 11:30:00-04:00,1.5700000524520874,1.5716999769210815,1.5700000524520874,1.5716999769210815,12892
2025-08-05 12:30:00-04:00,1.5720000267028809,1.6100000143051147,1.570099949836731,1.570099949836731,1157
2025-08-05 13:30:00-04:00,1.600000023841858,1.600000023841858,1.5801000595092773,1.5801000595092773,2402
2025-08-05 14:30:00-04:00,1.6792999505996704,1.6792999505996704,1.6792999505996704,1.6792999505996704,199
2025-08-05 15:30:00-04:00,1.6100000143051147,1.625,1.6100000143051147,1.625,1584
2025-08-06 09:30:00-04:00,1.5300999879837036,1.6699999570846558,1.5199999809265137,1.6699999570846558,8913
2025-08-06 10:30:00-04:00,1.5319000482559204,1.5549999475479126,1.5299999713897705,1.5399999618530273,5850
2025-08-06 11:30:00-04:00,1.5399999618530273,1.5399999618530273,1.5399999618530273,1.5399999618530273,210
2025-08-06 12:30:00-04:00,1.587399959564209,1.587399959564209,1.5299999713897705,1.5399999618530273,2534
2025-08-06 13:30:00-04:00,1.5299999713897705,1.589900016784668,1.5253000259399414,1.559999942779541,4555
2025-08-06 14:30:00-04:00,1.5199999809265137,1.559999942779541,1.5199999809265137,1.5199999809265137,2218
2025-08-06 15:30:00-04:00,1.5499999523162842,1.5499999523162842,1.5399999618530273,1.5399999618530273,2075
2025-08-07 09:30:00-04:00,1.490399956703186,1.590000033378601,1.4199999570846558,1.5499999523162842,25574
2025-08-07 10:30:00-04:00,1.5099999904632568,1.5099999904632568,1.4911999702453613,1.4911999702453613,1130
2025-08-07 11:30:00-04:00,1.559999942779541,1.559999942779541,1.5299999713897705,1.5299999713897705,2259
2025-08-07 12:30:00-04:00,1.5199999809265137,1.5399999618530273,1.5199999809265137,1.5199999809265137,730
2025-08-07 14:30:00-04:00,1.5099999904632568,1.5496000051498413,1.5099999904632568,1.51010000705719,6614
2025-08-07 15:30:00-04:00,1.534999966621399,1.534999966621399,1.5199999809265137,1.5199999809265137,572
2025-08-08 09:30:00-04:00,1.5406999588012695,1.5800000429153442,1.5,1.5800000429153442,7244
2025-08-08 10:30:00-04:00,1.5399999618530273,1.5473999977111816,1.5399999618530273,1.5473999977111816,2191
2025-08-08 11:30:00-04:00,1.5399999618530273,1.5399999618530273,1.5399999618530273,1.5399999618530273,796
2025-08-08 12:30:00-04:00,1.5399999618530273,1.5499999523162842,1.5200999975204468,1.5399999618530273,6436
2025-08-08 13:30:00-04:00,1.5204999446868896,1.5204999446868896,1.5204999446868896,1.5204999446868896,316
2025-08-08 15:30:00-04:00,1.531599998474121,1.531599998474121,1.531599998474121,1.531599998474121,2039
2025-08-11 09:30:00-04:00,1.534999966621399,1.5499999523162842,1.5,1.5499999523162842,11252
2025-08-11 10:30:00-04:00,1.5399999618530273,1.5399999618530273,1.5199999809265137,1.5199999809265137,7251
2025-08-11 11:30:00-04:00,1.5299999713897705,1.5399999618530273,1.5299999713897705,1.5399999618530273,4319
2025-08-11 12:30:00-04:00,1.5299999713897705,1.5299999713897705,1.5299999713897705,1.5299999713897705,860
2025-08-11 13:30:00-04:00,1.5199999809265137,1.5199999809265137,1.5199999809265137,1.5199999809265137,7548
2025-08-12 09:30:00-04:00,1.4900000095367432,1.5,1.4800000190734863,1.4800000190734863,29644
2025-08-12 10:30:00-04:00,1.4800000190734863,1.5099999904632568,1.4500000476837158,1.4600000381469727,16883
2025-08-12 11:30:00-04:00,1.5,1.5,1.4905999898910522,1.4905999898910522,2420
2025-08-12 12:30:00-04:00,1.559999942779541,1.559999942779541,1.5099999904632568,1.559999942779541,18772
2025-08-12 13:30:00-04:00,1.5399999618530273,1.559999942779541,1.5099999904632568,1.5598000288009644,10548
2025-08-12 14:30:00-04:00,1.590000033378601,1.590000033378601,1.5299999713897705,1.5299999713897705,9790
2025-08-12 15:30:00-04:00,1.5850000381469727,1.649999976158142,1.5800000429153442,1.600000023841858,0
2025-08-13 09:30:00-04:00,1.5,1.5700000524520874,1.4605000019073486,1.5700000524520874,20613
2025-08-13 10:30:00-04:00,1.5205999612808228,1.5299999713897705,1.514799952507019,1.514799952507019,7595
2025-08-13 12:30:00-04:00,1.5199999809265137,1.524999976158142,1.5199999809265137,1.524999976158142,3091
2025-08-13 13:30:00-04:00,1.4900000095367432,1.4900000095367432,1.4900000095367432,1.4900000095367432,146
2025-08-13 14:30:00-04:00,1.6299999952316284,1.909999966621399,1.5399999618530273,1.5599000453948975,499195
2025-08-13 15:30:00-04:00,1.659999966621399,1.690000057220459,1.6299999952316284,1.6799999475479126,38489
2025-08-14 09:30:00-04:00,1.5640000104904175,1.600000023841858,1.5299999713897705,1.5712000131607056,46724
2025-08-14 10:30:00-04:00,1.5850000381469727,1.5850000381469727,1.5600999593734741,1.5800000429153442,6365
2025-08-14 11:30:00-04:00,1.5449999570846558,1.5800000429153442,1.5199999809265137,1.5579999685287476,30861
2025-08-14 12:30:00-04:00,1.589900016784668,1.589900016784668,1.5499999523162842,1.5499999523162842,6342
2025-08-14 13:30:00-04:00,1.5433000326156616,1.565000057220459,1.531999945640564,1.565000057220459,3060
2025-08-14 14:30:00-04:00,1.5800000429153442,1.5800000429153442,1.5500999689102173,1.5700000524520874,4441
2025-08-14 15:30:00-04:00,1.590000033378601,1.590000033378601,1.5700000524520874,1.5800000429153442,4676
2025-08-15 09:30:00-04:00,1.5750000476837158,1.600000023841858,1.5399999618530273,1.600000023841858,9093
2025-08-15 10:30:00-04:00,1.5399999618530273,1.5800000429153442,1.5199999809265137,1.5199999809265137,0
2025-08-15 11:30:00-04:00,1.565000057220459,1.565000057220459,1.565000057220459,1.565000057220459,14707
2025-08-15 12:30:00-04:00,1.5199999809265137,1.559999942779541,1.5099999904632568,1.5410000085830688,12253
2025-08-15 13:30:00-04:00,1.5299999713897705,1.5549999475479126,1.5200999975204468,1.5549999475479126,4420
2025-08-15 14:30:00-04:00,1.5299999713897705,1.5299999713897705,1.5195000171661377,1.5195000171661377,585
2025-08-15 15:30:00-04:00,1.5449999570846558,1.5449999570846558,1.5449999570846558,1.5449999570846558,1281
2025-08-18 09:30:00-04:00,1.5750000476837158,1.649999976158142,1.5061999559402466,1.5199999809265137,22749
2025-08-18 10:30:00-04:00,1.5399999618530273,1.5399999618530273,1.5399999618530273,1.5399999618530273,1494
2025-08-18 11:30:00-04:00,1.5700000524520874,1.600000023841858,1.5700000524520874,1.5750000476837158,12428
2025-08-18 12:30:00-04:00,1.5750000476837158,1.5894999504089355,1.5299999713897705,1.5894999504089355,9652
2025-08-18 14:30:00-04:00,1.5700000524520874,1.5700000524520874,1.5700000524520874,1.5700000524520874,812
2025-08-19 09:30:00-04:00,1.5800000429153442,1.5800000429153442,1.565000057220459,1.5800000429153442,0
2025-08-19 10:30:00-04:00,1.5800000429153442,1.5800000429153442,1.5800000429153442,1.5800000429153442,7114
2025-08-19 11:30:00-04:00,1.5700000524520874,1.5880000591278076,1.5700000524520874,1.5700000524520874,2499
2025-08-19 12:30:00-04:00,1.5700000524520874,1.5700000524520874,1.5700000524520874,1.5700000524520874,2675
2025-08-19 13:30:00-04:00,1.5500999689102173,1.5500999689102173,1.5500999689102173,1.5500999689102173,0
2025-08-19 15:30:00-04:00,1.5099999904632568,1.559999942779541,1.5099999904632568,1.559999942779541,0
2025-08-20 09:30:00-04:00,1.4299999475479126,1.5299999713897705,1.4299999475479126,1.5199999809265137,51325
2025-08-20 10:30:00-04:00,1.4900000095367432,1.5199999809265137,1.409999966621399,1.4800000190734863,16453
2025-08-20 12:30:00-04:00,1.4199999570846558,1.4500000476837158,1.410099983215332,1.4500000476837158,21257
2025-08-20 13:30:00-04:00,1.4600000381469727,1.4628000259399414,1.4199999570846558,1.4199999570846558,0
2025-08-21 09:30:00-04:00,1.4700000286102295,1.5449999570846558,1.4600000381469727,1.4800000190734863,210533
2025-08-21 10:30:00-04:00,1.6200000047683716,1.7400000095367432,1.5,1.5,564691
2025-08-21 11:30:00-04:00,1.6200000047683716,1.8899999856948853,1.5700000524520874,1.6399999856948853,1243494
2025-08-21 12:30:00-04:00,1.659999966621399,1.7400000095367432,1.6200000047683716,1.6410000324249268,114603
2025-08-21 13:30:00-04:00,1.6150000095367432,1.6349999904632568,1.5800000429153442,1.6301000118255615,48045
2025-08-21 14:30:00-04:00,1.7599999904632568,1.8600000143051147,1.5800000429153442,1.6200000047683716,369394
2025-08-21 15:30:00-04:00,1.7364000082015991,1.7699999809265137,1.690000057220459,1.7599999904632568,87107
2025-08-22 09:30:00-04:00,1.7652000188827515,1.850000023841858,1.7400000095367432,1.7799999713897705,32769
2025-08-22 10:30:00-04:00,1.75,1.7599999904632568,1.690600037574768,1.7400000095367432,12056
2025-08-22 11:30:00-04:00,1.7300000190734863,1.7999999523162842,1.6100000143051147,1.6959999799728394,20271
2025-08-22 12:30:00-04:00,1.649999976158142,1.7201000452041626,1.6200000047683716,1.7000000476837158,13103
2025-08-22 13:30:00-04:00,1.6740000247955322,1.7100000381469727,1.659999966621399,1.7100000381469727,4718
2025-08-22 14:30:00-04:00,1.7493000030517578,1.7493000030517578,1.7000000476837158,1.7000000476837158,1632
2025-08-22 15:30:00-04:00,1.7897000312805176,1.7999999523162842,1.670199990272522,1.670199990272522,23727
2025-08-25 09:30:00-04:00,1.7101000547409058,1.75,1.7101000547409058,1.7101000547409058,14227
2025-08-25 10:30:00-04:00,1.7100000381469727,1.7450000047683716,1.7100000381469727,1.7450000047683716,2007
2025-08-25 11:30:00-04:00,1.75,1.75,1.7400000095367432,1.7400000095367432,5338
2025-08-25 12:30:00-04:00,1.7100000381469727,1.7699999809265137,1.7100000381469727,1.75,12741
2025-08-25 13:30:00-04:00,1.7200000286102295,1.7699999809265137,1.7101000547409058,1.7200000286102295,56378
2025-08-25 14:30:00-04:00,1.7201999425888062,1.75,1.7200000286102295,1.7200000286102295,11329
2025-08-25 15:30:00-04:00,1.75,1.75,1.7350000143051147,1.7350000143051147,0
2025-08-26 09:30:00-04:00,1.7350000143051147,1.774999976158142,1.7300000190734863,1.774999976158142,22013
2025-08-26 10:30:00-04:00,1.6699999570846558,1.7599999904632568,1.6699999570846558,1.75,76999
2025-08-26 11:30:00-04:00,1.6200000047683716,1.7400000095367432,1.559999942779541,1.6799999475479126,176759
2025-08-26 12:30:00-04:00,1.5299999713897705,1.690000057220459,1.5099999904632568,1.600000023841858,97953
2025-08-26 13:30:00-04:00,1.5299999713897705,1.590000033378601,1.4900000095367432,1.524999976158142,44680
2025-08-26 14:30:00-04:00,1.5,1.5700000524520874,1.4700000286102295,1.5299999713897705,42243
2025-08-26 15:30:00-04:00,1.500100016593933,1.559999942779541,1.500100016593933,1.5149999856948853,9843
2025-08-27 09:30:00-04:00,1.5605000257492065,1.6299999952316284,1.4800000190734863,1.4800000190734863,12379
2025-08-27 10:30:00-04:00,1.559999942779541,1.6200000047683716,1.4900000095367432,1.5605000257492065,136285
2025-08-27 11:30:00-04:00,1.4950000047683716,1.559999942779541,1.4299999475479126,1.5499999523162842,176569
2025-08-27 12:30:00-04:00,1.4700000286102295,1.4900000095367432,1.3200000524520874,1.4900000095367432,135741
2025-08-27 13:30:00-04:00,1.4800000190734863,1.4800000190734863,1.440000057220459,1.4700000286102295,4427
2025-08-27 14:30:00-04:00,1.4850000143051147,1.5,1.4800000190734863,1.4800000190734863,2172
2025-08-27 15:30:00-04:00,1.409999966621399,1.5199999809265137,1.3849999904632568,1.5,0
2025-08-28 09:30:00-04:00,1.3899999856948853,1.5499999523162842,1.309999942779541,1.4500000476837158,109609
2025-08-28 10:30:00-04:00,1.149999976158142,1.4500000476837158,1.0700000524520874,1.409999966621399,295501
2025-08-28 11:30:00-04:00,1.25,1.263200044631958,1.1399999856948853,1.1592999696731567,68794
2025-08-28 12:30:00-04:00,1.2300000190734863,1.2599999904632568,1.2200000286102295,1.2400000095367432,11685
2025-08-28 13:30:00-04:00,1.1299999952316284,1.2309999465942383,1.0950000286102295,1.2309999465942383,151910
2025-08-28 14:30:00-04:00,1.0099999904632568,1.1399999856948853,0.9599999785423279,1.1399999856948853,304717
2025-08-28 15:30:00-04:00,1.0399999618530273,1.0563000440597534,1.0,1.0091999769210815,32156
2025-08-29 09:30:00-04:00,1.0199999809265137,1.0700000524520874,1.0,1.0099999904632568,104808
2025-08-29 10:30:00-04:00,0.9660000205039978,1.031599998474121,0.9399999976158142,1.0299999713897705,196265
2025-08-29 11:30:00-04:00,0.8759999871253967,0.9700000286102295,0.8500000238418579,0.9639999866485596,270965
2025-08-29 12:30:00-04:00,0.8640000224113464,0.8920000195503235,0.8501999974250793,0.8648999929428101,49984
2025-08-29 13:30:00-04:00,0.8799999952316284,0.8999999761581421,0.8640000224113464,0.8640000224113464,10385
2025-08-29 14:30:00-04:00,0.8780999779701233,0.8964999914169312,0.8619999885559082,0.8641999959945679,24601
2025-08-29 15:30:00-04:00,0.8519999980926514,0.8899000287055969,0.8519999980926514,0.8899000287055969,27895
2025-09-02 09:30:00-04:00,0.8697999715805054,0.8741999864578247,0.8353000283241272,0.8709999918937683,49708
2025-09-02 10:30:00-04:00,0.8730999827384949,0.8899999856948853,0.8679999709129333,0.8679999709129333,11805
2025-09-02 11:30:00-04:00,0.8828999996185303,0.8899000287055969,0.8828999996185303,0.8866999745368958,2559
2025-09-02 12:30:00-04:00,0.8700000047683716,0.8863999843597412,0.8700000047683716,0.8863999843597412,3256
2025-09-02 13:30:00-04:00,0.8585000038146973,0.8623999953269958,0.854200005531311,0.8547999858856201,7500
2025-09-02 14:30:00-04:00,0.8500999808311462,0.8698999881744385,0.8500000238418579,0.8500000238418579,17014
2025-09-02 15:30:00-04:00,0.8500000238418579,0.8700000047683716,0.8500000238418579,0.8700000047683716,11896
2025-09-03 09:30:00-04:00,0.8501999974250793,0.8611000180244446,0.8500000238418579,0.8500000238418579,19810
2025-09-03 10:30:00-04:00,0.849399983882904,0.8578000068664551,0.849399983882904,0.8539999723434448,3656
2025-09-03 11:30:00-04:00,0.8492000102996826,0.8615000247955322,0.8492000102996826,0.8532000184059143,3612
2025-09-03 12:30:00-04:00,0.829800009727478,0.8399999737739563,0.829800009727478,0.8399999737739563,11145
2025-09-03 13:30:00-04:00,0.8299999833106995,0.8399999737739563,0.8201000094413757,0.8299000263214111,14381
2025-09-03 14:30:00-04:00,0.8299999833106995,0.8399999737739563,0.8199999928474426,0.8299999833106995,5853
2025-09-03 15:30:00-04:00,0.8237000107765198,0.8349999785423279,0.8130999803543091,0.8299999833106995,44348
2025-09-04 09:30:00-04:00,0.7964000105857849,0.8299999833106995,0.7599999904632568,0.8299999833106995,46967
2025-09-04 10:30:00-04:00,0.8187999725341797,0.8187999725341797,0.7964000105857849,0.7964000105857849,7744
2025-09-04 11:30:00-04:00,0.8101999759674072,0.8192999958992004,0.7936000227928162,0.800000011920929,7997
2025-09-04 12:30:00-04:00,0.807200014591217,0.8101999759674072,0.8051999807357788,0.8101999759674072,2596
2025-09-04 13:30:00-04:00,0.8072999715805054,0.8072999715805054,0.8072999715805054,0.8072999715805054,464
2025-09-04 14:30:00-04:00,0.8001000285148621,0.8001000285148621,0.8001000285148621,0.8001000285148621,357
2025-09-04 15:30:00-04:00,0.8097000122070312,0.8100000023841858,0.8097000122070312,0.8100000023841858,1526
2025-09-05 09:30:00-04:00,0.8191999793052673,0.8399999737739563,0.819100022315979,0.819100022315979,35958
2025-09-05 10:30:00-04:00,0.8044999837875366,0.8130000233650208,0.7900000214576721,0.8130000233650208,36040
2025-09-05 11:30:00-04:00,0.8046000003814697,0.8046000003814697,0.8046000003814697,0.8046000003814697,393
2025-09-05 12:30:00-04:00,0.7910000085830688,0.8048999905586243,0.7910000085830688,0.8047000169754028,4241
2025-09-05 14:30:00-04:00,0.8313999772071838,0.8327999711036682,0.8032000064849854,0.8032000064849854,11132
2025-09-05 15:30:00-04:00,0.8213000297546387,0.8213000297546387,0.8213000297546387,0.8213000297546387,3484
2025-09-08 09:30:00-04:00,0.840399980545044,0.845300018787384,0.8001000285148621,0.8299999833106995,15624
2025-09-08 11:30:00-04:00,0.8100000023841858,0.814300000667572,0.8100000023841858,0.8141000270843506,3181
2025-09-08 12:30:00-04:00,0.8198999762535095,0.8198999762535095,0.8198999762535095,0.8198999762535095,3199
2025-09-08 13:30:00-04:00,0.840399980545044,0.840399980545044,0.810699999332428,0.810699999332428,1088
2025-09-08 14:30:00-04:00,0.8391000032424927,0.8391000032424927,0.8299000263214111,0.8299000263214111,2757
2025-09-08 15:30:00-04:00,0.8101999759674072,0.824999988079071,0.8101999759674072,0.824999988079071,5066
2025-09-09 09:30:00-04:00,0.8352000117301941,0.8352000117301941,0.8205000162124634,0.8205000162124634,17517
2025-09-09 10:30:00-04:00,0.8203999996185303,0.8352000117301941,0.8203999996185303,0.8245999813079834,2885
2025-09-09 11:30:00-04:00,0.8302000164985657,0.8352000117301941,0.8210999965667725,0.8210999965667725,5420
2025-09-09 12:30:00-04:00,0.798799991607666,0.8396999835968018,0.781000018119812,0.8317000269889832,277799
2025-09-09 13:30:00-04:00,0.8050000071525574,0.8299999833106995,0.7989000082015991,0.8019999861717224,41116
2025-09-09 14:30:00-04:00,0.7699999809265137,0.8190000057220459,0.7599999904632568,0.8100000023841858,179397
2025-09-09 15:30:00-04:00,0.7870000004768372,0.8119999766349792,0.7609999775886536,0.7689999938011169,76468
2025-09-10 09:30:00-04:00,0.8392000198364258,0.8700000047683716,0.7799999713897705,0.800599992275238,3405896
2025-09-10 10:30:00-04:00,0.8235999941825867,0.8500000238418579,0.800000011920929,0.8100000023841858,191906
2025-09-10 11:30:00-04:00,0.7774999737739563,0.8389999866485596,0.7580000162124634,0.828000009059906,224531
2025-09-10 12:30:00-04:00,0.7620000243186951,0.7950000166893005,0.7580000162124634,0.7781000137329102,337333
2025-09-10 13:30:00-04:00,0.753000020980835,0.7684000134468079,0.7509999871253967,0.7620000243186951,354330
2025-09-10 14:30:00-04:00,0.7529000043869019,0.7949000000953674,0.7480000257492065,0.7540000081062317,367046
2025-09-10 15:30:00-04:00,0.7784000039100647,0.7810999751091003,0.7379999756813049,0.7540000081062317,139251
2025-09-11 09:30:00-04:00,0.7620000243186951,0.7850000262260437,0.7519999742507935,0.7519999742507935,291506
2025-09-11 10:30:00-04:00,0.7458999752998352,0.7716000080108643,0.7387999892234802,0.7628999948501587,9088
2025-09-11 11:30:00-04:00,0.7202000021934509,0.753000020980835,0.7200000286102295,0.7458999752998352,760876
2025-09-11 12:30:00-04:00,0.7398999929428101,0.7400000095367432,0.7200999855995178,0.7202000021934509,9760
2025-09-11 13:30:00-04:00,0.7300000190734863,0.739799976348877,0.7200999855995178,0.739799976348877,34199
2025-09-11 14:30:00-04:00,0.7389000058174133,0.7396000027656555,0.7300000190734863,0.7396000027656555,9401
2025-09-11 15:30:00-04:00,0.7599999904632568,0.7617999911308289,0.7343999743461609,0.7389000058174133,52968
2025-09-12 09:30:00-04:00,0.7940000295639038,0.8399999737739563,0.781000018119812,0.781000018119812,450460
2025-09-12 10:30:00-04:00,0.8389999866485596,0.8389999866485596,0.7950000166893005,0.7950000166893005,69002
2025-09-12 11:30:00-04:00,0.8479999899864197,0.8895999789237976,0.8288000226020813,0.8389000296592712,314612
2025-09-12 12:30:00-04:00,0.8500000238418579,0.8600000143051147,0.8450999855995178,0.8590999841690063,87764
2025-09-12 13:30:00-04:00,0.848800003528595,0.8597999811172485,0.8400999903678894,0.8452000021934509,49428
2025-09-12 14:30:00-04:00,0.8100000023841858,0.8478999733924866,0.8100000023841858,0.8442999720573425,33915
2025-09-12 15:30:00-04:00,0.8299000263214111,0.8299999833106995,0.8101000189781189,0.8101000189781189,38077
2025-09-15 09:30:00-04:00,0.8399999737739563,0.8597999811172485,0.8151999711990356,0.8199999928474426,88484
2025-09-15 10:30:00-04:00,0.8500999808311462,0.8600999712944031,0.8399999737739563,0.8500000238418579,31743
2025-09-15 11:30:00-04:00,0.8510000109672546,0.8633999824523926,0.8500000238418579,0.8500999808311462,73963
2025-09-15 12:30:00-04:00,0.8349999785423279,0.8600000143051147,0.8349999785423279,0.8501999974250793,0
2025-09-15 13:30:00-04:00,0.8568000197410583,0.8568000197410583,0.840399980545044,0.840399980545044,252749
2025-09-15 14:30:00-04:00,0.8539000153541565,0.8568000197410583,0.8431000113487244,0.8565999865531921,10202
2025-09-15 15:30:00-04:00,0.8597999811172485,0.8598999977111816,0.8539000153541565,0.8539000153541565,21814
2025-09-16 09:30:00-04:00,0.8500000238418579,0.8504999876022339,0.8310999870300293,0.8310999870300293,43439
2025-09-16 10:30:00-04:00,0.8727999925613403,0.9205999970436096,0.8402000069618225,0.8402000069618225,192057
2025-09-16 11:30:00-04:00,0.9097999930381775,0.9100000262260437,0.8737000226974487,0.8743000030517578,80211
2025-09-16 12:30:00-04:00,0.9300000071525574,0.967199981212616,0.9023000001907349,0.9049999713897705,116608
2025-09-16 13:30:00-04:00,0.9108999967575073,0.9399999976158142,0.8808000087738037,0.9350000023841858,165757
2025-09-16 14:30:00-04:00,0.9013000130653381,0.9240999817848206,0.9013000130653381,0.9110000133514404,11269
2025-09-16 15:30:00-04:00,0.9241999983787537,0.932699978351593,0.9142000079154968,0.9142000079154968,5424
2025-09-17 09:30:00-04:00,0.9200000166893005,0.9463000297546387,0.8999999761581421,0.8999999761581421,88774
2025-09-17 10:30:00-04:00,0.9110999703407288,0.9398999810218811,0.9064000248908997,0.9207000136375427,85001
2025-09-17 11:30:00-04:00,0.9175999760627747,0.9175999760627747,0.901199996471405,0.9111999869346619,30333
2025-09-17 12:30:00-04:00,0.9100000262260437,0.9383000135421753,0.9049999713897705,0.9174000024795532,15586
2025-09-17 13:30:00-04:00,0.9135000109672546,0.9254999756813049,0.9126999974250793,0.9241999983787537,16346
2025-09-17 14:30:00-04:00,0.9049000144004822,0.9065999984741211,0.890999972820282,0.9010999798774719,75463
2025-09-17 15:30:00-04:00,0.8950999975204468,0.9100000262260437,0.890999972820282,0.9000999927520752,21613
2025-09-18 09:30:00-04:00,0.8815000057220459,0.9009000062942505,0.8801000118255615,0.8999999761581421,40233
2025-09-18 10:30:00-04:00,0.875,0.8855999708175659,0.8650000095367432,0.881600022315979,16370
2025-09-18 11:30:00-04:00,0.8701000213623047,0.8701000213623047,0.8349999785423279,0.868399977684021,77418
2025-09-18 12:30:00-04:00,0.8510000109672546,0.8700000047683716,0.8500000238418579,0.8700000047683716,20860
2025-09-18 13:30:00-04:00,0.8127999901771545,0.8479999899864197,0.79339998960495,0.8476999998092651,244093
2025-09-18 14:30:00-04:00,0.8140000104904175,0.8442000150680542,0.7975000143051147,0.8127999901771545,402545
2025-09-18 15:30:00-04:00,0.8259999752044678,0.8427000045776367,0.8159999847412109,0.8179000020027161,242926
2025-09-19 09:30:00-04:00,0.8101000189781189,0.8299000263214111,0.7800999879837036,0.800000011920929,178890
2025-09-19 10:30:00-04:00,0.8116999864578247,0.817799985408783,0.800000011920929,0.8051000237464905,58888
2025-09-19 11:30:00-04:00,0.8025000095367432,0.8299000263214111,0.7900000214576721,0.805899977684021,215607
2025-09-19 12:30:00-04:00,0.8019999861717224,0.8299000263214111,0.7935000061988831,0.7979999780654907,420161
2025-09-19 13:30:00-04:00,0.8198999762535095,0.8201000094413757,0.7854999899864197,0.7986999750137329,331813
2025-09-19 14:30:00-04:00,0.8270999789237976,0.8392000198364258,0.8100000023841858,0.8299999833106995,98201
2025-09-19 15:30:00-04:00,0.8234000205993652,0.8234000205993652,0.8019999861717224,0.8180000185966492,56139
2025-09-22 09:30:00-04:00,0.786300003528595,0.8149999976158142,0.7850000262260437,0.800000011920929,46584
2025-09-22 10:30:00-04:00,0.8100000023841858,0.8198999762535095,0.7875999808311462,0.7875999808311462,85180
2025-09-22 11:30:00-04:00,0.8008999824523926,0.8190000057220459,0.7918999791145325,0.8100000023841858,106560
2025-09-22 12:30:00-04:00,0.8101000189781189,0.8199999928474426,0.8004999756813049,0.8009999990463257,122868
2025-09-22 13:30:00-04:00,0.808899998664856,0.824400007724762,0.7957000136375427,0.8075000047683716,86952
2025-09-22 14:30:00-04:00,0.8104000091552734,0.8119999766349792,0.8011000156402588,0.8065999746322632,52508
2025-09-22 15:30:00-04:00,0.8149999976158142,0.8149999976158142,0.8105000257492065,0.8105000257492065,4243
2025-09-23 09:30:00-04:00,0.8149999976158142,0.8335000276565552,0.8091999888420105,0.8091999888420105,31205
2025-09-23 10:30:00-04:00,0.800000011920929,0.8335000276565552,0.7949000000953674,0.8147000074386597,50734
2025-09-23 11:30:00-04:00,0.7900000214576721,0.8131999969482422,0.7900000214576721,0.8131999969482422,13747
2025-09-23 12:30:00-04:00,0.8242999911308289,0.8242999911308289,0.7900000214576721,0.7900000214576721,1832
2025-09-23 13:30:00-04:00,0.7580999732017517,0.8209999799728394,0.7404000163078308,0.8209999799728394,50290
2025-09-23 14:30:00-04:00,0.7451000213623047,0.7742999792098999,0.7451000213623047,0.7591999769210815,189686
2025-09-23 15:30:00-04:00,0.7411999702453613,0.7501000165939331,0.7401000261306763,0.7434999942779541,27504
2025-09-24 09:30:00-04:00,0.7738000154495239,0.7829999923706055,0.7730000019073486,0.7730000019073486,12961
2025-09-24 10:30:00-04:00,0.7785000205039978,0.7821999788284302,0.7738000154495239,0.7738000154495239,8803
2025-09-24 11:30:00-04:00,0.7749999761581421,0.7925000190734863,0.7580999732017517,0.7778000235557556,64100
2025-09-24 12:30:00-04:00,0.7689999938011169,0.8069999814033508,0.7540000081062317,0.7872999906539917,35626
2025-09-24 13:30:00-04:00,0.7699999809265137,0.7699999809265137,0.7699999809265137,0.7699999809265137,415
2025-09-24 14:30:00-04:00,0.7563999891281128,0.7919999957084656,0.7563999891281128,0.7919999957084656,27252
2025-09-24 15:30:00-04:00,0.7631999850273132,0.7696999907493591,0.7631999850273132,0.7696999907493591,704
2025-09-25 09:30:00-04:00,0.6948999762535095,0.7400000095367432,0.6779000163078308,0.732200026512146,85953
2025-09-25 10:30:00-04:00,0.7170000076293945,0.7419000267982483,0.6927000284194946,0.692799985408783,15479
2025-09-25 11:30:00-04:00,0.7164999842643738,0.7200999855995178,0.713100016117096,0.713100016117096,3612
2025-09-25 12:30:00-04:00,0.704200029373169,0.7200000286102295,0.7002000212669373,0.7105000019073486,9303
2025-09-25 13:30:00-04:00,0.7129999995231628,0.7129999995231628,0.7020999789237976,0.7020999789237976,2657
2025-09-25 14:30:00-04:00,0.7067999839782715,0.7128999829292297,0.7023000121116638,0.7024000287055969,1568
2025-09-25 15:30:00-04:00,0.7128999829292297,0.7128999829292297,0.7069000005722046,0.7069000005722046,2180
2025-09-26 09:30:00-04:00,0.6949999928474426,0.7526000142097473,0.6830999851226807,0.7099999785423279,22908
2025-09-26 10:30:00-04:00,0.6897000074386597,0.6974999904632568,0.6800000071525574,0.6877999901771545,22382
2025-09-26 11:30:00-04:00,0.679099977016449,0.6974999904632568,0.675000011920929,0.682200014591217,44595
2025-09-26 12:30:00-04:00,0.678600013256073,0.680400013923645,0.6712999939918518,0.6769999861717224,15080
2025-09-26 13:30:00-04:00,0.6717000007629395,0.6790000200271606,0.6717000007629395,0.6790000200271606,1176
2025-09-26 14:30:00-04:00,0.6850000023841858,0.6949999928474426,0.6758000254631042,0.6797999739646912,18154
2025-09-26 15:30:00-04:00,0.675599992275238,0.6800000071525574,0.675599992275238,0.6800000071525574,2286
2025-09-29 09:30:00-04:00,0.6654000282287598,0.6909999847412109,0.6600000262260437,0.6899999976158142,28268
2025-09-29 10:30:00-04:00,0.6499999761581421,0.6710000038146973,0.6499999761581421,0.6710000038146973,11909
2025-09-29 11:30:00-04:00,0.6599000096321106,0.6697999835014343,0.6485999822616577,0.6500999927520752,38965
2025-09-29 12:30:00-04:00,0.75,0.75,0.6499999761581421,0.6599000096321106,198856
2025-09-29 13:30:00-04:00,0.824999988079071,0.8497999906539917,0.7200000286102295,0.7400000095367432,601359
2025-09-29 14:30:00-04:00,0.7601000070571899,0.8296999931335449,0.751800000667572,0.8201000094413757,153602
2025-09-29 15:30:00-04:00,0.7870000004768372,0.7870000004768372,0.75,0.7694000005722046,49878
2025-09-30 09:30:00-04:00,1.0199999809265137,1.1200000047683716,0.949999988079071,0.9751999974250793,5272191
2025-09-30 10:30:00-04:00,1.0592000484466553,1.090000033378601,1.0199999809265137,1.0200999975204468,972049
2025-09-30 11:30:00-04:00,1.0299999713897705,1.1299999952316284,1.0199999809265137,1.059999942779541,1293460
2025-09-30 12:30:00-04:00,1.024999976158142,1.0399999618530273,1.0,1.0399999618530273,378677
2025-09-30 13:30:00-04:00,1.0299999713897705,1.0399999618530273,1.0,1.024999976158142,196926
2025-09-30 14:30:00-04:00,0.9800999760627747,1.0399999618530273,0.9800000190734863,1.0299999713897705,259134
2025-09-30 15:30:00-04:00,0.8500999808311462,0.989300012588501,0.7432000041007996,0.9800000190734863,465637
2025-10-01 09:30:00-04:00,0.7809000015258789,0.8447999954223633,0.7570000290870667,0.7570000290870667,369984
2025-10-01 10:30:00-04:00,0.7700999975204468,0.8181999921798706,0.7700999975204468,0.7809000015258789,106295
2025-10-01 11:30:00-04:00,0.7706000208854675,0.7800999879837036,0.7615000009536743,0.7800999879837036,74593
2025-10-01 12:30:00-04:00,0.7807000279426575,0.7809000015258789,0.7699999809265137,0.7706000208854675,36665
2025-10-01 13:30:00-04:00,0.7728000283241272,0.7814000248908997,0.7710999846458435,0.7710999846458435,411587
2025-10-01 14:30:00-04:00,0.7989000082015991,0.800000011920929,0.7728000283241272,0.7728999853134155,45082
2025-10-01 15:30:00-04:00,0.809499979019165,0.8100000023841858,0.7989000082015991,0.7989000082015991,83133
2025-10-02 09:30:00-04:00,0.7724999785423279,0.7886999845504761,0.7657999992370605,0.7657999992370605,155147
2025-10-02 10:30:00-04:00,0.7940000295639038,0.7968000173568726,0.7700999975204468,0.7879999876022339,57971
2025-10-02 11:30:00-04:00,0.7979000210762024,0.7979000210762024,0.7897999882698059,0.796999990940094,55375
2025-10-02 12:30:00-04:00,0.7883999943733215,0.800000011920929,0.788100004196167,0.791700005531311,39512
2025-10-02 13:30:00-04:00,0.7944999933242798,0.800000011920929,0.7883999943733215,0.7883999943733215,13178
2025-10-02 14:30:00-04:00,0.7928000092506409,0.794700026512146,0.7889000177383423,0.791700005531311,34889
2025-10-02 15:30:00-04:00,0.7997999787330627,0.7998999953269958,0.7800999879837036,0.7809000015258789,19350
2025-10-03 09:30:00-04:00,0.8208000063896179,0.8299999833106995,0.7699999809265137,0.7699999809265137,168482
2025-10-03 10:30:00-04:00,0.8302000164985657,0.8499000072479248,0.8216000199317932,0.8216000199317932,105402
2025-10-03 11:30:00-04:00,0.9399999976158142,0.949999988079071,0.8299999833106995,0.8313000202178955,442788
2025-10-03 12:30:00-04:00,1.0099999904632568,1.0199999809265137,0.9254999756813049,0.9399999976158142,905457
2025-10-03 13:30:00-04:00,0.930400013923645,1.0099999904632568,0.9150999784469604,1.0049999952316284,280250
2025-10-03 14:30:00-04:00,0.9596999883651733,0.9659000039100647,0.9100000262260437,0.9164000153541565,54859
2025-10-03 15:30:00-04:00,0.953000009059906,0.9599999785423279,0.9399999976158142,0.9577000141143799,55282
2025-10-06 09:30:00-04:00,0.9193999767303467,0.9298999905586243,0.8500000238418579,0.8500000238418579,460970
2025-10-06 10:30:00-04:00,0.9891999959945679,1.0099999904632568,0.910099983215332,0.9200999736785889,308081
2025-10-06 11:30:00-04:00,0.9506999850273132,0.9807999730110168,0.9502000212669373,0.9807999730110168,38535
2025-10-06 12:30:00-04:00,0.9800000190734863,0.9900000095367432,0.9506000280380249,0.9506000280380249,18080
2025-10-06 13:30:00-04:00,0.9854000210762024,0.9854000210762024,0.9700999855995178,0.9804999828338623,21015
2025-10-06 14:30:00-04:00,0.9646000266075134,0.9793000221252441,0.9550999999046326,0.9702000021934509,21689
2025-10-06 15:30:00-04:00,0.9702000021934509,0.9702000021934509,0.9602000117301941,0.9646999835968018,7159
2025-10-07 09:30:00-04:00,0.9235000014305115,0.9399999976158142,0.9017000198364258,0.929099977016449,121337
2025-10-07 10:30:00-04:00,0.8999999761581421,0.9235000014305115,0.8700000047683716,0.92330002784729,101220
2025-10-07 11:30:00-04:00,0.8611999750137329,0.9099000096321106,0.7950000166893005,0.8802000284194946,191604
2025-10-07 12:30:00-04:00,0.8399999737739563,0.8460000157356262,0.8199999928474426,0.8360000252723694,25975
2025-10-07 13:30:00-04:00,0.8429999947547913,0.8579000234603882,0.8399999737739563,0.8518999814987183,26798
2025-10-07 14:30:00-04:00,0.8575000166893005,0.8799999952316284,0.8500000238418579,0.8500000238418579,42805
2025-10-07 15:30:00-04:00,0.8529999852180481,0.9089000225067139,0.8500000238418579,0.8501999974250793,93608
2025-10-08 09:30:00-04:00,0.9086999893188477,0.9222999811172485,0.8590999841690063,0.8715000152587891,97900
2025-10-08 10:30:00-04:00,0.9065999984741211,0.9077000021934509,0.8901000022888184,0.8999999761581421,26530
2025-10-08 11:30:00-04:00,0.8920000195503235,0.9065999984741211,0.8801000118255615,0.906499981880188,34742
2025-10-08 12:30:00-04:00,0.8980000019073486,0.8989999890327454,0.8921999931335449,0.8921999931335449,7606
2025-10-08 13:30:00-04:00,0.8956999778747559,0.8985999822616577,0.8927000164985657,0.8985999822616577,6017
2025-10-08 14:30:00-04:00,0.8899999856948853,0.8960999846458435,0.8851000070571899,0.8953999876976013,18343
2025-10-08 15:30:00-04:00,0.8891000151634216,0.8899999856948853,0.8847000002861023,0.8899999856948853,7261
2025-10-09 09:30:00-04:00,0.8802000284194946,0.8999999761581421,0.8604999780654907,0.8618000149726868,58927
2025-10-09 10:30:00-04:00,0.8794999718666077,0.8899999856948853,0.8707000017166138,0.8866000175476074,17735
2025-10-09 11:30:00-04:00,0.8712000250816345,0.8877000212669373,0.8712000250816345,0.8795999884605408,14313
2025-10-09 12:30:00-04:00,0.8759999871253967,0.8799999952316284,0.8751000165939331,0.8762999773025513,9031
2025-10-09 13:30:00-04:00,0.8794000148773193,0.8794000148773193,0.8709999918937683,0.8761000037193298,33413
2025-10-09 14:30:00-04:00,0.871999979019165,0.879800021648407,0.8709999918937683,0.879800021648407,11499
2025-10-09 15:30:00-04:00,0.878000020980835,0.8858000040054321,0.8709999918937683,0.883899986743927,7758
2025-10-10 09:30:00-04:00,0.8385000228881836,0.878000020980835,0.8100000023841858,0.8100000023841858,210144
2025-10-10 10:30:00-04:00,0.8201000094413757,0.8299999833106995,0.8199999928474426,0.8299999833106995,23660
2025-10-10 11:30:00-04:00,0.803600013256073,0.8245999813079834,0.801800012588501,0.8201000094413757,34957
2025-10-10 12:30:00-04:00,0.8105999827384949,0.8105999827384949,0.8040000200271606,0.8040000200271606,3825
2025-10-10 13:30:00-04:00,0.8083999752998352,0.8083999752998352,0.8083999752998352,0.8083999752998352,1254
2025-10-10 14:30:00-04:00,0.800000011920929,0.8359000086784363,0.800000011920929,0.8123000264167786,9988
2025-10-10 15:30:00-04:00,0.800000011920929,0.8238999843597412,0.800000011920929,0.8238999843597412,13327
2025-10-13 09:30:00-04:00,0.791700005531311,0.817300021648407,0.781499981880188,0.817300021648407,79746
2025-10-13 10:30:00-04:00,0.7501999735832214,0.7972999811172485,0.7145000100135803,0.7900000214576721,125375
2025-10-13 11:30:00-04:00,0.7800999879837036,0.7800999879837036,0.7504000067710876,0.7504000067710876,7205
2025-10-13 12:30:00-04:00,0.8199999928474426,0.8199999928474426,0.7800999879837036,0.7944999933242798,87962
2025-10-13 13:30:00-04:00,0.8100000023841858,0.8199999928474426,0.8100000023841858,0.8199999928474426,15923
2025-10-13 14:30:00-04:00,0.8198000192642212,0.8198000192642212,0.8109999895095825,0.8111000061035156,22291
2025-10-13 15:30:00-04:00,0.8399999737739563,0.8447999954223633,0.8151000142097473,0.8198000192642212,44212
2025-10-14 09:30:00-04:00,0.8209999799728394,0.840399980545044,0.7566999793052673,0.7699999809265137,340724
2025-10-14 10:30:00-04:00,0.8230000138282776,0.8500000238418579,0.8209999799728394,0.8209999799728394,48121
2025-10-14 11:30:00-04:00,0.8235999941825867,0.8300999999046326,0.8230000138282776,0.8230000138282776,24905
2025-10-14 12:30:00-04:00,0.8399999737739563,0.8399999737739563,0.8264999985694885,0.830299973487854,47499
2025-10-14 13:30:00-04:00,0.8112999796867371,0.8483999967575073,0.8100000023841858,0.8402000069618225,26473
2025-10-14 14:30:00-04:00,0.8087999820709229,0.8223000168800354,0.8001000285148621,0.8223000168800354,33963
2025-10-14 15:30:00-04:00,0.800000011920929,0.8011999726295471,0.800000011920929,0.8001000285148621,12709
2025-10-15 09:30:00-04:00,0.7840999960899353,0.800000011920929,0.7763000130653381,0.7763000130653381,63049
2025-10-15 10:30:00-04:00,0.7960000038146973,0.800000011920929,0.7842000126838684,0.7842000126838684,19567
2025-10-15 11:30:00-04:00,0.7900000214576721,0.7997999787330627,0.7900000214576721,0.7900000214576721,33814
2025-10-15 12:30:00-04:00,0.7900000214576721,0.7940000295639038,0.7900000214576721,0.7900000214576721,12132
2025-10-15 13:30:00-04:00,0.7997999787330627,0.800000011920929,0.7900000214576721,0.7998999953269958,4303
2025-10-15 14:30:00-04:00,0.8059999942779541,0.8065000176429749,0.7998999953269958,0.7998999953269958,4556
2025-10-15 15:30:00-04:00,0.7900999784469604,0.7937999963760376,0.7900000214576721,0.7901999950408936,7362
2025-10-16 09:30:00-04:00,0.7807999849319458,0.8050000071525574,0.779699981212616,0.8050000071525574,64973
2025-10-16 10:30:00-04:00,0.7818999886512756,0.7818999886512756,0.7799999713897705,0.7799999713897705,7082
2025-10-16 11:30:00-04:00,0.7827000021934509,0.7982000112533569,0.7821000218391418,0.7821000218391418,5192
2025-10-16 12:30:00-04:00,0.7793999910354614,0.788100004196167,0.7792999744415283,0.7810999751091003,14546
2025-10-16 13:30:00-04:00,0.7750999927520752,0.7824000120162964,0.7750999927520752,0.7799999713897705,21686
2025-10-16 14:30:00-04:00,0.7649999856948853,0.7802000045776367,0.7649999856948853,0.7750999927520752,6743
2025-10-16 15:30:00-04:00,0.7599999904632568,0.7649999856948853,0.7599999904632568,0.7649999856948853,23680
2025-10-17 09:30:00-04:00,0.7599999904632568,0.7599999904632568,0.7552000284194946,0.7599999904632568,22809
2025-10-17 10:30:00-04:00,0.7590000033378601,0.7792999744415283,0.7508999705314636,0.7599999904632568,17805
2025-10-17 11:30:00-04:00,0.7700999975204468,0.7700999975204468,0.7700999975204468,0.7700999975204468,1451
2025-10-17 12:30:00-04:00,0.7749999761581421,0.7799999713897705,0.7749999761581421,0.7799999713897705,1185
2025-10-17 13:30:00-04:00,0.7799999713897705,0.7799999713897705,0.7699999809265137,0.7699999809265137,18043
2025-10-17 14:30:00-04:00,0.789900004863739,0.789900004863739,0.7799999713897705,0.7799999713897705,2975
2025-10-17 15:30:00-04:00,0.7799999713897705,0.789900004863739,0.7709000110626221,0.7829999923706055,17664
2025-10-20 09:30:00-04:00,0.7699999809265137,0.7921000123023987,0.7623999714851379,0.7921000123023987,45849
2025-10-20 10:30:00-04:00,0.7699999809265137,0.7699999809265137,0.760200023651123,0.7684999704360962,7039
2025-10-20 11:30:00-04:00,0.7799000144004822,0.7799000144004822,0.7799000144004822,0.7799000144004822,944
2025-10-20 12:30:00-04:00,0.7699999809265137,0.7699999809265137,0.7699999809265137,0.7699999809265137,627
2025-10-20 13:30:00-04:00,0.7609000205993652,0.7703999876976013,0.7609000205993652,0.7703999876976013,2609
2025-10-20 14:30:00-04:00,0.7705000042915344,0.7799000144004822,0.7609999775886536,0.7609999775886536,3149
2025-10-20 15:30:00-04:00,0.7700999975204468,0.7700999975204468,0.7700999975204468,0.7700999975204468,1039
2025-10-21 09:30:00-04:00,0.7599999904632568,0.7649999856948853,0.7515000104904175,0.7649999856948853,32212
2025-10-21 10:30:00-04:00,0.7599999904632568,0.7609999775886536,0.7530999779701233,0.7609999775886536,14466
2025-10-21 11:30:00-04:00,0.7599999904632568,0.7601000070571899,0.7598999738693237,0.7598999738693237,10128
2025-10-21 12:30:00-04:00,0.7533000111579895,0.7599999904632568,0.7533000111579895,0.7599999904632568,14379
2025-10-21 13:30:00-04:00,0.7541000247001648,0.7541000247001648,0.7534000277519226,0.7534000277519226,1627
2025-10-21 14:30:00-04:00,0.7530999779701233,0.758899986743927,0.753000020980835,0.758899986743927,6769
2025-10-21 15:30:00-04:00,0.7587000131607056,0.7587000131607056,0.753000020980835,0.753000020980835,6664
2025-10-22 09:30:00-04:00,0.7680000066757202,0.7699999809265137,0.7599999904632568,0.7699999809265137,39882
2025-10-22 10:30:00-04:00,0.7426999807357788,0.760200023651123,0.7250999808311462,0.760200023651123,7151
2025-10-22 11:30:00-04:00,0.7426999807357788,0.7426999807357788,0.7426999807357788,0.7426999807357788,168
2025-10-22 12:30:00-04:00,0.7598999738693237,0.7598999738693237,0.7426999807357788,0.7426999807357788,7825
2025-10-22 13:30:00-04:00,0.7470999956130981,0.7534000277519226,0.746999979019165,0.75,3595
2025-10-22 14:30:00-04:00,0.7440999746322632,0.7443000078201294,0.7440999746322632,0.7443000078201294,1354
2025-10-22 15:30:00-04:00,0.7585999965667725,0.7585999965667725,0.7585999965667725,0.7585999965667725,106
2025-10-23 09:30:00-04:00,0.7795000076293945,0.800000011920929,0.7599999904632568,0.800000011920929,662710
2025-10-23 10:30:00-04:00,0.7608000040054321,0.776199996471405,0.7599999904632568,0.776199996471405,18803
2025-10-23 11:30:00-04:00,0.7799999713897705,0.800000011920929,0.7609000205993652,0.7609000205993652,52864
2025-10-23 12:30:00-04:00,0.7684000134468079,0.7821000218391418,0.7653999924659729,0.7653999924659729,7693
2025-10-23 13:30:00-04:00,0.7810999751091003,0.7904999852180481,0.7684999704360962,0.7797999978065491,18970
2025-10-23 14:30:00-04:00,0.7903000116348267,0.8149999976158142,0.7768999934196472,0.7906000018119812,20009
2025-10-23 15:30:00-04:00,0.7904999852180481,0.800000011920929,0.7789999842643738,0.7906000018119812,12681
2025-10-24 09:30:00-04:00,0.7710999846458435,0.7799999713897705,0.7649999856948853,0.7649999856948853,94712
2025-10-24 10:30:00-04:00,0.7601000070571899,0.7735000252723694,0.7567999958992004,0.7732999920845032,30848
2025-10-24 11:30:00-04:00,0.7580000162124634,0.7597000002861023,0.7544999718666077,0.7549999952316284,19478
2025-10-24 12:30:00-04:00,0.7580000162124634,0.7599999904632568,0.7580000162124634,0.7580000162124634,11045
2025-10-24 13:30:00-04:00,0.7608000040054321,0.7616999745368958,0.7569000124931335,0.7605999708175659,3499
2025-10-24 14:30:00-04:00,0.7401999831199646,0.7616999745368958,0.7401999831199646,0.7580999732017517,24010
2025-10-24 15:30:00-04:00,0.7382000088691711,0.7401999831199646,0.7311999797821045,0.7357000112533569,3780
2025-10-27 09:30:00-04:00,0.7204999923706055,0.7383000254631042,0.7021999955177307,0.7315000295639038,102164
2025-10-27 10:30:00-04:00,0.7297000288963318,0.7297999858856201,0.7204999923706055,0.7204999923706055,6423
2025-10-27 11:30:00-04:00,0.75,0.75,0.7225000262260437,0.7289999723434448,7294
2025-10-27 12:30:00-04:00,0.7361999750137329,0.75,0.7361999750137329,0.75,5639
2025-10-27 13:30:00-04:00,0.733299970626831,0.7450000047683716,0.7228000164031982,0.7361999750137329,4935
2025-10-27 14:30:00-04:00,0.7400000095367432,0.7400000095367432,0.7333999872207642,0.734499990940094,1778
2025-10-27 15:30:00-04:00,0.7429999709129333,0.7429999709129333,0.7346000075340271,0.7394000291824341,12766
2025-10-28 09:30:00-04:00,0.7285000085830688,0.75,0.7200000286102295,0.75,25321
2025-10-28 10:30:00-04:00,0.7458000183105469,0.7565000057220459,0.7319999933242798,0.7379999756813049,36675
2025-10-28 11:30:00-04:00,0.7437999844551086,0.7457000017166138,0.7325999736785889,0.7440000176429749,8078
2025-10-28 12:30:00-04:00,0.7480999827384949,0.7480999827384949,0.7335000038146973,0.7335000038146973,5477
2025-10-28 13:30:00-04:00,0.7440000176429749,0.7440999746322632,0.739799976348877,0.7440999746322632,5490
2025-10-28 15:30:00-04:00,0.7473999857902527,0.7473999857902527,0.7472000122070312,0.7472000122070312,1180
2025-10-29 09:30:00-04:00,0.7346000075340271,0.7400000095367432,0.7246000170707703,0.7400000095367432,11093
2025-10-29 10:30:00-04:00,0.7368000149726868,0.7396000027656555,0.7264000177383423,0.7350000143051147,5022
2025-10-29 11:30:00-04:00,0.7440999746322632,0.7470999956130981,0.7371000051498413,0.7371000051498413,3284
2025-10-29 12:30:00-04:00,0.7458999752998352,0.751800000667572,0.7445999979972839,0.7445999979972839,3755
2025-10-29 13:30:00-04:00,0.7799999713897705,0.7825000286102295,0.75,0.75,43616
2025-10-29 14:30:00-04:00,0.7300999760627747,0.7730000019073486,0.7300999760627747,0.7730000019073486,42663
2025-10-29 15:30:00-04:00,0.7597000002861023,0.7597000002861023,0.7390999794006348,0.7390999794006348,3590
2025-10-30 09:30:00-04:00,0.7264000177383423,0.7490000128746033,0.7261999845504761,0.730400025844574,18963
2025-10-30 10:30:00-04:00,0.7430999875068665,0.7777000069618225,0.7300000190734863,0.7300999760627747,27954
2025-10-30 12:30:00-04:00,0.7450000047683716,0.7455999851226807,0.7444999814033508,0.744700014591217,5456
2025-10-30 14:30:00-04:00,0.7620000243186951,0.7649999856948853,0.75,0.7522000074386597,4599
2025-10-30 15:30:00-04:00,0.7620000243186951,0.7621999979019165,0.7620000243186951,0.7620000243186951,2954
2025-10-31 09:30:00-04:00,0.7300999760627747,0.7480000257492065,0.7300999760627747,0.7401000261306763,26890
2025-10-31 10:30:00-04:00,0.7239000201225281,0.7300999760627747,0.7239000201225281,0.7300999760627747,2390
2025-10-31 11:30:00-04:00,0.7400000095367432,0.7400000095367432,0.722100019454956,0.7221999764442444,2154
2025-10-31 12:30:00-04:00,0.7221999764442444,0.7304999828338623,0.722000002861023,0.7304999828338623,9433
2025-10-31 13:30:00-04:00,0.722000002861023,0.7289999723434448,0.722000002861023,0.7221999764442444,21049
2025-10-31 14:30:00-04:00,0.7009999752044678,0.7275999784469604,0.7009999752044678,0.722000002861023,23922
2025-10-31 15:30:00-04:00,0.6919999718666077,0.701200008392334,0.6830999851226807,0.701200008392334,18068
2025-11-03 09:30:00-05:00,0.7397000193595886,0.7540000081062317,0.7099999785423279,0.7540000081062317,14156
2025-11-03 10:30:00-05:00,0.7430999875068665,0.7430999875068665,0.7397000193595886,0.7397000193595886,512
2025-11-03 11:30:00-05:00,0.7376000285148621,0.7384999990463257,0.7343999743461609,0.7379999756813049,4196
2025-11-03 12:30:00-05:00,0.7379999756813049,0.7379999756813049,0.7379999756813049,0.7379999756813049,1072
2025-11-03 13:30:00-05:00,0.7346000075340271,0.7346000075340271,0.7346000075340271,0.7346000075340271,239
2025-11-03 14:30:00-05:00,0.7265999913215637,0.738099992275238,0.7264000177383423,0.7379999756813049,3492
2025-11-03 15:30:00-05:00,0.7430999875068665,0.7430999875068665,0.7376000285148621,0.7376000285148621,4300
2025-11-04 09:30:00-05:00,0.6895999908447266,0.7039999961853027,0.6812000274658203,0.6899999976158142,11013
2025-11-04 10:30:00-05:00,0.689300000667572,0.7024999856948853,0.6890000104904175,0.7024999856948853,5667
2025-11-04 11:30:00-05:00,0.699999988079071,0.7017999887466431,0.699999988079071,0.7017999887466431,3143
2025-11-04 12:30:00-05:00,0.6913999915122986,0.6913999915122986,0.6913999915122986,0.6913999915122986,488
2025-11-04 13:30:00-05:00,0.6915000081062317,0.6915000081062317,0.6915000081062317,0.6915000081062317,570
2025-11-04 14:30:00-05:00,0.6966000199317932,0.6966000199317932,0.6966000199317932,0.6966000199317932,200
2025-11-04 15:30:00-05:00,0.6947000026702881,0.7002000212669373,0.6890000104904175,0.7002000212669373,5153
2025-11-05 09:30:00-05:00,0.7099999785423279,0.7249000072479248,0.6499999761581421,0.6599000096321106,40237
2025-11-05 10:30:00-05:00,0.7002000212669373,0.7196999788284302,0.7001000046730042,0.7001000046730042,2681
2025-11-05 11:30:00-05:00,0.6901000142097473,0.6912000179290771,0.6901000142097473,0.6912000179290771,8542
2025-11-05 12:30:00-05:00,0.6913999915122986,0.6913999915122986,0.6825000047683716,0.6899999976158142,6710
2025-11-05 13:30:00-05:00,0.6805999875068665,0.7002000212669373,0.6805999875068665,0.7002000212669373,5193
2025-11-05 14:30:00-05:00,0.6608999967575073,0.6608999967575073,0.6608999967575073,0.6608999967575073,3275
2025-11-06 09:30:00-05:00,0.6751000285148621,0.697700023651123,0.6721000075340271,0.6725999712944031,9672
2025-11-06 10:30:00-05:00,0.6610999703407288,0.675000011920929,0.6610999703407288,0.675000011920929,2452
2025-11-06 11:30:00-05:00,0.6632999777793884,0.6668000221252441,0.660099983215332,0.660099983215332,3855
2025-11-06 12:30:00-05:00,0.6531999707221985,0.6600000262260437,0.6521000266075134,0.6600000262260437,5082
2025-11-06 13:30:00-05:00,0.641700029373169,0.6565999984741211,0.6414999961853027,0.6565999984741211,20316
2025-11-06 14:30:00-05:00,0.6499999761581421,0.6499999761581421,0.6499999761581421,0.6499999761581421,610
2025-11-06 15:30:00-05:00,0.649399995803833,0.649399995803833,0.6449999809265137,0.6449999809265137,794
2025-11-07 09:30:00-05:00,0.6245999932289124,0.6452000141143799,0.6110000014305115,0.6452000141143799,16071
2025-11-07 10:30:00-05:00,0.6097999811172485,0.6290000081062317,0.6097999811172485,0.6290000081062317,12998
2025-11-07 11:30:00-05:00,0.5899999737739563,0.6004999876022339,0.5807999968528748,0.6000000238418579,12897
2025-11-07 12:30:00-05:00,0.5814999938011169,0.5950999855995178,0.5806999802589417,0.5809999704360962,27244
2025-11-07 13:30:00-05:00,0.5902000069618225,0.5902000069618225,0.5861999988555908,0.5861999988555908,2429
2025-11-07 14:30:00-05:00,0.5947999954223633,0.5950000286102295,0.5866000056266785,0.5950000286102295,5900
2025-11-07 15:30:00-05:00,0.5914999842643738,0.5914999842643738,0.5874999761581421,0.588699996471405,1151
2025-11-10 09:30:00-05:00,0.5856999754905701,0.5949000120162964,0.5820000171661377,0.5949000120162964,15600
2025-11-10 10:30:00-05:00,0.5633999705314636,0.5849999785423279,0.5630999803543091,0.5849999785423279,7730
2025-11-10 11:30:00-05:00,0.5641000270843506,0.5724999904632568,0.5640000104904175,0.5640000104904175,12361
2025-11-10 12:30:00-05:00,0.5659999847412109,0.5716999769210815,0.564300000667572,0.564300000667572,3805
2025-11-10 13:30:00-05:00,0.5800999999046326,0.6200000047683716,0.5724999904632568,0.5796999931335449,37697
2025-11-10 14:30:00-05:00,0.5881999731063843,0.5881999731063843,0.5770000219345093,0.5770000219345093,5613
2025-11-11 09:30:00-05:00,0.5640000104904175,0.5892999768257141,0.5601000189781189,0.5716000199317932,4268
2025-11-11 10:30:00-05:00,0.5745999813079834,0.5745999813079834,0.5608999729156494,0.5608999729156494,3386
2025-11-11 11:30:00-05:00,0.5884000062942505,0.5884000062942505,0.5758000016212463,0.5758000016212463,738
2025-11-11 14:30:00-05:00,0.5802000164985657,0.5802000164985657,0.5753999948501587,0.5753999948501587,2775
2025-11-11 15:30:00-05:00,0.5821999907493591,0.5821999907493591,0.5821999907493591,0.5821999907493591,4808
2025-11-12 09:30:00-05:00,0.5753999948501587,0.6014999747276306,0.552299976348877,0.5989000201225281,8929
2025-11-12 10:30:00-05:00,0.5752000212669373,0.5753999948501587,0.5748000144958496,0.5753999948501587,5311
2025-11-12 11:30:00-05:00,0.5837000012397766,0.5837000012397766,0.5523999929428101,0.5751000046730042,6030
2025-11-12 12:30:00-05:00,0.5673999786376953,0.5673999786376953,0.5673999786376953,0.5673999786376953,732
2025-11-12 13:30:00-05:00,0.5673999786376953,0.5673999786376953,0.5673999786376953,0.5673999786376953,1325
2025-11-12 14:30:00-05:00,0.5673999786376953,0.5701000094413757,0.5673999786376953,0.5699999928474426,839
2025-11-13 09:30:00-05:00,0.5699999928474426,0.5799999833106995,0.5699999928474426,0.574999988079071,10251
2025-11-13 10:30:00-05:00,0.5600000023841858,0.5740000009536743,0.5600000023841858,0.569599986076355,9408
2025-11-13 11:30:00-05:00,0.5760999917984009,0.5853999853134155,0.5548999905586243,0.5548999905586243,4224
2025-11-13 12:30:00-05:00,0.5552999973297119,0.570900022983551,0.550000011920929,0.570900022983551,1237
2025-11-13 13:30:00-05:00,0.555400013923645,0.555400013923645,0.555400013923645,0.555400013923645,177
2025-11-13 14:30:00-05:00,0.550000011920929,0.5516999959945679,0.550000011920929,0.5501000285148621,8299
2025-11-13 15:30:00-05:00,0.550000011920929,0.550000011920929,0.5494999885559082,0.5494999885559082,4007
2025-11-14 09:30:00-05:00,0.5303000211715698,0.550000011920929,0.5299999713897705,0.5400000214576721,15964
2025-11-14 10:30:00-05:00,0.5249999761581421,0.5303999781608582,0.5249999761581421,0.5303999781608582,704
2025-11-14 11:30:00-05:00,0.5353999733924866,0.5376999974250793,0.5297999978065491,0.5297999978065491,1962
2025-11-14 12:30:00-05:00,0.5376999974250793,0.5376999974250793,0.5376999974250793,0.5376999974250793,158
2025-11-14 14:30:00-05:00,0.5299999713897705,0.5299999713897705,0.5249999761581421,0.5268999934196472,2923
2025-11-14 15:30:00-05:00,0.5249999761581421,0.5249999761581421,0.5249999761581421,0.5249999761581421,100
2025-11-17 09:30:00-05:00,0.5099999904632568,0.5394999980926514,0.5099999904632568,0.5238999724388123,6550
2025-11-17 10:30:00-05:00,0.5346999764442444,0.5346999764442444,0.5299999713897705,0.5300999879837036,1442
2025-11-17 11:30:00-05:00,0.5346999764442444,0.5346999764442444,0.5346999764442444,0.5346999764442444,134
2025-11-17 12:30:00-05:00,0.5299999713897705,0.5299999713897705,0.5299999713897705,0.5299999713897705,533
2025-11-17 14:30:00-05:00,0.510699987411499,0.510699987411499,0.510699987411499,0.510699987411499,104
2025-11-17 15:30:00-05:00,0.5199000239372253,0.5273000001907349,0.5199000239372253,0.5273000001907349,656
2025-11-18 09:30:00-05:00,0.4925999939441681,0.5299999713897705,0.49000000953674316,0.5299999713897705,33561
2025-11-18 10:30:00-05:00,0.49790000915527344,0.49790000915527344,0.490200012922287,0.490200012922287,10809
2025-11-18 11:30:00-05:00,0.5012000203132629,0.5012000203132629,0.492000013589859,0.492000013589859,1340
2025-11-18 14:30:00-05:00,0.5120000243186951,0.5120000243186951,0.5120000243186951,0.5120000243186951,231
2025-11-18 15:30:00-05:00,0.5,0.510200023651123,0.5,0.5101000070571899,1294
2025-11-19 09:30:00-05:00,0.5001000165939331,0.5001000165939331,0.5,0.5,5218
2025-11-19 10:30:00-05:00,0.49000000953674316,0.5074999928474426,0.47999998927116394,0.5074999928474426,16228
2025-11-19 11:30:00-05:00,0.4828999936580658,0.4828999936580658,0.48010000586509705,0.48010000586509705,1298
2025-11-19 13:30:00-05:00,0.4880000054836273,0.4880000054836273,0.4880000054836273,0.4880000054836273,146
2025-11-19 14:30:00-05:00,0.48410001397132874,0.48410001397132874,0.48410001397132874,0.48410001397132874,300
2025-11-20 09:30:00-05:00,0.4952999949455261,0.4952999949455261,0.49000000953674316,0.49000000953674316,1918
2025-11-20 11:30:00-05:00,0.48100000619888306,0.48100000619888306,0.47999998927116394,0.47999998927116394,1319
2025-11-20 12:30:00-05:00,0.48019999265670776,0.48159998655319214,0.47999998927116394,0.47999998927116394,6161
2025-11-20 13:30:00-05:00,0.47999998927116394,0.47999998927116394,0.47999998927116394,0.47999998927116394,1595
2025-11-20 14:30:00-05:00,0.4796999990940094,0.4796999990940094,0.4514000117778778,0.4749999940395355,8934
2025-11-21 09:30:00-05:00,0.4399999976158142,0.45980000495910645,0.4399999976158142,0.44999998807907104,24132
2025-11-21 10:30:00-05:00,0.4300999939441681,0.4300999939441681,0.42309999465942383,0.42500001192092896,4285
2025-11-21 11:30:00-05:00,0.4325000047683716,0.4325000047683716,0.4325000047683716,0.4325000047683716,402
2025-11-21 12:30:00-05:00,0.45399999618530273,0.46000000834465027,0.4397999942302704,0.4397999942302704,6463
2025-11-21 14:30:00-05:00,0.4449999928474426,0.4449999928474426,0.4350000023841858,0.4350000023841858,837
2025-11-21 15:30:00-05:00,0.4584999978542328,0.46000000834465027,0.44999998807907104,0.44999998807907104,690
2025-11-24 09:30:00-05:00,0.45339998602867126,0.4577000141143799,0.4498000144958496,0.4577000141143799,6030
2025-11-24 10:30:00-05:00,0.44999998807907104,0.45100000500679016,0.44999998807907104,0.45010000467300415,1162
2025-11-24 11:30:00-05:00,0.4814999997615814,0.4814999997615814,0.45010000467300415,0.45010000467300415,3201
2025-11-24 12:30:00-05:00,0.4754999876022339,0.4754999876022339,0.4754999876022339,0.4754999876022339,0
2025-11-24 13:30:00-05:00,0.45010000467300415,0.46000000834465027,0.45010000467300415,0.46000000834465027,2743
2025-11-24 15:30:00-05:00,0.48089998960494995,0.48089998960494995,0.4706000089645386,0.4754999876022339,1970
2025-11-25 09:30:00-05:00,0.4632999897003174,0.4632999897003174,0.46160000562667847,0.46309998631477356,3762
2025-11-25 10:30:00-05:00,0.4699999988079071,0.4699999988079071,0.4699999988079071,0.4699999988079071,319
2025-11-25 11:30:00-05:00,0.45500001311302185,0.45500001311302185,0.45500001311302185,0.45500001311302185,440
2025-11-25 13:30:00-05:00,0.4575999975204468,0.4575999975204468,0.4575999975204468,0.4575999975204468,1800
2025-11-25 14:30:00-05:00,0.47360000014305115,0.47360000014305115,0.47360000014305115,0.47360000014305115,264
2025-11-25 15:30:00-05:00,0.48410001397132874,0.49399998784065247,0.4699999988079071,0.4699999988079071,12997
2025-11-26 09:30:00-05:00,0.49399998784065247,0.49399998784065247,0.4699999988079071,0.47999998927116394,2765
2025-11-26 10:30:00-05:00,0.4756999909877777,0.4756999909877777,0.47200000286102295,0.47209998965263367,3929
2025-11-26 11:30:00-05:00,0.4756999909877777,0.4756999909877777,0.4756999909877777,0.4756999909877777,310
2025-11-26 12:30:00-05:00,0.48100000619888306,0.4864000082015991,0.48100000619888306,0.4864000082015991,1590
2025-11-26 13:30:00-05:00,0.476500004529953,0.49000000953674316,0.476500004529953,0.48249998688697815,1044
2025-11-28 09:30:00-05:00,0.48170000314712524,0.49000000953674316,0.48010000586509705,0.48840001225471497,2098
2025-11-28 10:30:00-05:00,0.4733000099658966,0.4733000099658966,0.4733000099658966,0.4733000099658966,174
2025-11-28 11:30:00-05:00,0.4733000099658966,0.4733000099658966,0.4733000099658966,0.4733000099658966,2655
2025-12-01 09:30:00-05:00,0.4900999963283539,0.4900999963283539,0.47999998927116394,0.47999998927116394,5335
2025-12-01 10:30:00-05:00,0.4821999967098236,0.490200012922287,0.4821999967098236,0.49000000953674316,2488
2025-12-01 11:30:00-05:00,0.47999998927116394,0.48510000109672546,0.47999998927116394,0.48500001430511475,12166
2025-12-01 12:30:00-05:00,0.46309998631477356,0.46309998631477356,0.46309998631477356,0.46309998631477356,1810
2025-12-01 13:30:00-05:00,0.4788999855518341,0.4788999855518341,0.46299999952316284,0.46299999952316284,2751
2025-12-01 15:30:00-05:00,0.49959999322891235,0.49959999322891235,0.4797999858856201,0.4797999858856201,202
2025-12-02 09:30:00-05:00,0.47999998927116394,0.47999998927116394,0.460099995136261,0.47999998927116394,1579
2025-12-02 10:30:00-05:00,0.4690000116825104,0.4690000116825104,0.4690000116825104,0.4690000116825104,1662
2025-12-02 12:30:00-05:00,0.47530001401901245,0.47999998927116394,0.4690000116825104,0.4690000116825104,1799
2025-12-02 13:30:00-05:00,0.4781000018119812,0.4781000018119812,0.4726000130176544,0.4726000130176544,312
2025-12-02 15:30:00-05:00,0.4650999903678894,0.47029998898506165,0.4650999903678894,0.47029998898506165,874
2025-12-03 09:30:00-05:00,0.4659000039100647,0.4675000011920929,0.4659000039100647,0.4675000011920929,1122
2025-12-03 12:30:00-05:00,0.46380001306533813,0.46380001306533813,0.46380001306533813,0.46380001306533813,100
2025-12-03 13:30:00-05:00,0.460099995136261,0.46389999985694885,0.46000000834465027,0.46389999985694885,12603
2025-12-03 14:30:00-05:00,0.45010000467300415,0.4569000005722046,0.44999998807907104,0.4569000005722046,865
2025-12-03 15:30:00-05:00,0.45669999718666077,0.45680001378059387,0.45579999685287476,0.45680001378059387,569
2025-12-04 09:30:00-05:00,0.4399999976158142,0.45989999175071716,0.4399999976158142,0.45989999175071716,2413
2025-12-04 10:30:00-05:00,0.44999998807907104,0.45249998569488525,0.44999998807907104,0.45249998569488525,16500
2025-12-04 11:30:00-05:00,0.4499000012874603,0.4499000012874603,0.4449999928474426,0.4449999928474426,2090
2025-12-04 12:30:00-05:00,0.4456999897956848,0.44999998807907104,0.4413999915122986,0.4413999915122986,4896
2025-12-04 13:30:00-05:00,0.4555000066757202,0.4555000066757202,0.4555000066757202,0.4555000066757202,8205
2025-12-04 14:30:00-05:00,0.45899999141693115,0.45899999141693115,0.45559999346733093,0.45559999346733093,1384
2025-12-04 15:30:00-05:00,0.46000000834465027,0.46000000834465027,0.46000000834465027,0.46000000834465027,706
2025-12-05 09:30:00-05:00,0.4700999855995178,0.4700999855995178,0.4399999976158142,0.4399999976158142,4217
2025-12-05 10:30:00-05:00,0.478300005197525,0.478300005197525,0.4652000069618225,0.46860000491142273,2531
2025-12-05 11:30:00-05:00,0.47510001063346863,0.478300005197525,0.4693000018596649,0.4772000014781952,5757
2025-12-05 12:30:00-05:00,0.460099995136261,0.4675999879837036,0.460099995136261,0.4675999879837036,954
2025-12-05 13:30:00-05:00,0.4399999976158142,0.4758000075817108,0.4399999976158142,0.4758000075817108,2336
2025-12-05 14:30:00-05:00,0.4399999976158142,0.4399999976158142,0.4399999976158142,0.4399999976158142,1468
2025-12-05 15:30:00-05:00,0.45500001311302185,0.45500001311302185,0.45249998569488525,0.45249998569488525,2215
2025-12-08 09:30:00-05:00,0.47099998593330383,0.47099998593330383,0.41999998688697815,0.4699999988079071,39389
2025-12-08 11:30:00-05:00,0.4602999985218048,0.4602999985218048,0.4602999985218048,0.4602999985218048,206
2025-12-08 13:30:00-05:00,0.4447000026702881,0.4447000026702881,0.4447000026702881,0.4447000026702881,114
2025-12-08 14:30:00-05:00,0.4374000132083893,0.4399999976158142,0.4374000132083893,0.4399999976158142,884
2025-12-08 15:30:00-05:00,0.4311999976634979,0.4399999976158142,0.4311999976634979,0.4399999976158142,800
2025-12-09 09:30:00-05:00,0.4309999942779541,0.4311999976634979,0.43070000410079956,0.4311999976634979,3489
2025-12-09 10:30:00-05:00,0.4300000071525574,0.4309999942779541,0.4300000071525574,0.4309999942779541,3533
2025-12-09 11:30:00-05:00,0.414900004863739,0.4300000071525574,0.41190001368522644,0.4300000071525574,7200
2025-12-09 12:30:00-05:00,0.4146000146865845,0.414900004863739,0.4131999909877777,0.414900004863739,3274
2025-12-09 13:30:00-05:00,0.4147999882698059,0.4147999882698059,0.414000004529953,0.4146000146865845,589
2025-12-09 14:30:00-05:00,0.4129999876022339,0.4147999882698059,0.4129999876022339,0.4147999882698059,1054
2025-12-09 15:30:00-05:00,0.4122999906539917,0.413100004196167,0.4122999906539917,0.413100004196167,1515
2025-12-10 09:30:00-05:00,0.42010000348091125,0.4293999969959259,0.4178999960422516,0.4178999960422516,1271
2025-12-10 10:30:00-05:00,0.41190001368522644,0.41780000925064087,0.41190001368522644,0.41780000925064087,1058
2025-12-10 11:30:00-05:00,0.41200000047683716,0.41200000047683716,0.41190001368522644,0.41190001368522644,1004
2025-12-10 12:30:00-05:00,0.4422000050544739,0.4560000002384186,0.41589999198913574,0.41589999198913574,2823
2025-12-10 13:30:00-05:00,0.45399999618530273,0.45399999618530273,0.45399999618530273,0.45399999618530273,338
2025-12-10 14:30:00-05:00,0.43299999833106995,0.43299999833106995,0.4259999990463257,0.4259999990463257,430
2025-12-10 15:30:00-05:00,0.4551999866962433,0.4625999927520752,0.41350001096725464,0.41350001096725464,13786
2025-12-11 09:30:00-05:00,0.44940000772476196,0.46000000834465027,0.4300999939441681,0.4474000036716461,11968
2025-12-11 11:30:00-05:00,0.4449999928474426,0.4449999928474426,0.4449999928474426,0.4449999928474426,169
2025-12-11 14:30:00-05:00,0.4300000071525574,0.43849998712539673,0.4300000071525574,0.43849998712539673,1804
2025-12-11 15:30:00-05:00,0.459199994802475,0.459199994802475,0.4350000023841858,0.4350000023841858,2335
2025-12-12 09:30:00-05:00,0.43380001187324524,0.43959999084472656,0.43130001425743103,0.43959999084472656,4688
2025-12-12 10:30:00-05:00,0.4203000068664551,0.43380001187324524,0.4187000095844269,0.43380001187324524,8892
2025-12-12 11:30:00-05:00,0.4187000095844269,0.4203000068664551,0.4187000095844269,0.4203000068664551,1295
2025-12-12 12:30:00-05:00,0.41920000314712524,0.41920000314712524,0.41499999165534973,0.41499999165534973,1034
2025-12-12 13:30:00-05:00,0.4431999921798706,0.4433000087738037,0.4203000068664551,0.4203000068664551,1917
2025-12-12 14:30:00-05:00,0.4350000023841858,0.4449999928474426,0.4350000023841858,0.4449999928474426,899
2025-12-12 15:30:00-05:00,0.4510999917984009,0.4618000090122223,0.4510999917984009,0.45500001311302185,6857
2025-12-15 09:30:00-05:00,0.4447999894618988,0.4505999982357025,0.4106000065803528,0.41600000858306885,3110
2025-12-15 10:30:00-05:00,0.4099999964237213,0.412200003862381,0.4099999964237213,0.41179999709129333,1404
2025-12-15 11:30:00-05:00,0.4350000023841858,0.4350000023841858,0.4350000023841858,0.4350000023841858,1643
2025-12-15 15:30:00-05:00,0.45989999175071716,0.45989999175071716,0.41999998688697815,0.41999998688697815,5837
2025-12-16 09:30:00-05:00,0.4140999913215637,0.4140999913215637,0.40709999203681946,0.40709999203681946,2655
2025-12-16 10:30:00-05:00,0.4498000144958496,0.44999998807907104,0.41499999165534973,0.41499999165534973,1513
2025-12-16 11:30:00-05:00,0.4269999861717224,0.4350000023841858,0.42500001192092896,0.4350000023841858,3718
2025-12-16 14:30:00-05:00,0.41999998688697815,0.41999998688697815,0.41999998688697815,0.41999998688697815,102
2025-12-16 15:30:00-05:00,0.45500001311302185,0.45500001311302185,0.421099990606308,0.421099990606308,7129
2025-12-17 09:30:00-05:00,0.4090000092983246,0.4171000123023987,0.4000000059604645,0.41679999232292175,7062
2025-12-17 10:30:00-05:00,0.4099000096321106,0.4099000096321106,0.30000001192092896,0.40299999713897705,10937
2025-12-17 11:30:00-05:00,0.37380000948905945,0.37380000948905945,0.35010001063346863,0.35010001063346863,362
2025-12-17 13:30:00-05:00,0.3955000042915344,0.3955000042915344,0.3955000042915344,0.3955000042915344,100
2025-12-17 14:30:00-05:00,0.38999998569488525,0.38999998569488525,0.38999998569488525,0.38999998569488525,1450
2025-12-17 15:30:00-05:00,0.4000000059604645,0.4000000059604645,0.38119998574256897,0.3824999928474426,7702
2025-12-18 09:30:00-05:00,0.3693000078201294,0.39500001072883606,0.3650999963283539,0.39500001072883606,0
2025-12-18 10:30:00-05:00,0.37940001487731934,0.37940001487731934,0.36880001425743103,0.3693000078201294,1488
2025-12-18 11:30:00-05:00,0.3831999897956848,0.39570000767707825,0.37400001287460327,0.37400001287460327,21268
2025-12-18 12:30:00-05:00,0.3686999976634979,0.4000000059604645,0.3686999976634979,0.3944000005722046,6622
2025-12-18 13:30:00-05:00,0.38190001249313354,0.38190001249313354,0.3686999976634979,0.3686999976634979,522
2025-12-19 09:30:00-05:00,0.36000001430511475,0.3700000047683716,0.36000001430511475,0.3700000047683716,6921
2025-12-19 10:30:00-05:00,0.375,0.375,0.375,0.375,506
2025-12-19 11:30:00-05:00,0.375,0.375,0.375,0.375,201
2025-12-19 12:30:00-05:00,0.3603000044822693,0.375,0.3601999878883362,0.3610999882221222,5051
2025-12-19 14:30:00-05:00,0.39500001072883606,0.39500001072883606,0.3695000112056732,0.3700000047683716,4692
2025-12-19 15:30:00-05:00,0.39010000228881836,0.39010000228881836,0.39010000228881836,0.39010000228881836,217
2025-12-22 09:30:00-05:00,0.34869998693466187,0.3799999952316284,0.34599998593330383,0.3799999952316284,23291
2025-12-22 10:30:00-05:00,0.35280001163482666,0.35920000076293945,0.3490000069141388,0.3497999906539917,44521
2025-12-22 11:30:00-05:00,0.3490999937057495,0.35589998960494995,0.3490999937057495,0.35589998960494995,13446
2025-12-22 12:30:00-05:00,0.3481000065803528,0.3499000072479248,0.3465000092983246,0.3465000092983246,2748
2025-12-22 13:30:00-05:00,0.3499000072479248,0.3499000072479248,0.3499000072479248,0.3499000072479248,150
2025-12-22 14:30:00-05:00,0.3474000096321106,0.3481000065803528,0.34700000286102295,0.3481000065803528,1610
2025-12-22 15:30:00-05:00,0.3400000035762787,0.3472000062465668,0.3400000035762787,0.3472000062465668,29016
2025-12-23 09:30:00-05:00,0.3402000069618225,0.35010001063346863,0.3402000069618225,0.35010001063346863,18554
2025-12-23 10:30:00-05:00,0.35010001063346863,0.36000001430511475,0.35010001063346863,0.36000001430511475,2651
2025-12-23 11:30:00-05:00,0.3449999988079071,0.35249999165534973,0.3449999988079071,0.35249999165534973,1112
2025-12-23 12:30:00-05:00,0.35249999165534973,0.35249999165534973,0.35249999165534973,0.35249999165534973,151
2025-12-23 13:30:00-05:00,0.34049999713897705,0.34049999713897705,0.34049999713897705,0.34049999713897705,173
2025-12-23 14:30:00-05:00,0.3409999907016754,0.3499999940395355,0.3409999907016754,0.3499999940395355,1019
2025-12-23 15:30:00-05:00,0.4120999872684479,0.41990000009536743,0.35260000824928284,0.35260000824928284,89808
2025-12-24 09:30:00-05:00,0.36000001430511475,0.4099999964237213,0.3490999937057495,0.4099999964237213,41422
2025-12-24 10:30:00-05:00,0.3546999990940094,0.374099999666214,0.3546999990940094,0.374099999666214,10282
2025-12-24 11:30:00-05:00,0.4000000059604645,0.4000000059604645,0.3610000014305115,0.36399999260902405,47909
2025-12-26 09:30:00-05:00,0.3799999952316284,0.39399999380111694,0.3686000108718872,0.39399999380111694,4215
2025-12-26 10:30:00-05:00,0.3700999915599823,0.3799999952316284,0.3700000047683716,0.3799999952316284,1852
2025-12-26 13:30:00-05:00,0.3700000047683716,0.3700000047683716,0.3700000047683716,0.3700000047683716,401
2025-12-26 14:30:00-05:00,0.3880000114440918,0.39590001106262207,0.35409998893737793,0.36010000109672546,7390
2025-12-26 15:30:00-05:00,0.3930000066757202,0.40070000290870667,0.37279999256134033,0.3828999996185303,9709
2025-12-29 09:30:00-05:00,0.3499999940395355,0.38100001215934753,0.3499999940395355,0.3626999855041504,13130
2025-12-29 10:30:00-05:00,0.35010001063346863,0.3562000095844269,0.35010001063346863,0.3562000095844269,3558
2025-12-29 11:30:00-05:00,0.35749998688697815,0.36500000953674316,0.35749998688697815,0.36500000953674316,5573
2025-12-29 12:30:00-05:00,0.351500004529953,0.351500004529953,0.351500004529953,0.351500004529953,359
2025-12-29 13:30:00-05:00,0.3637999892234802,0.364300012588501,0.351500004529953,0.351500004529953,3525
2025-12-29 14:30:00-05:00,0.3644999861717224,0.36500000953674316,0.36399999260902405,0.36500000953674316,3621
2025-12-29 15:30:00-05:00,0.3833000063896179,0.3833000063896179,0.36390000581741333,0.36390000581741333,0
2025-12-30 09:30:00-05:00,0.3416999876499176,0.36010000109672546,0.3400000035762787,0.3578999936580658,20645
2025-12-30 10:30:00-05:00,0.36570000648498535,0.36570000648498535,0.36559998989105225,0.36559998989105225,1170
2025-12-30 11:30:00-05:00,0.3472999930381775,0.3472999930381775,0.3416000008583069,0.3418000042438507,4749
2025-12-30 12:30:00-05:00,0.36500000953674316,0.36500000953674316,0.3434000015258789,0.34439998865127563,34372
2025-12-30 14:30:00-05:00,0.3508000075817108,0.3508000075817108,0.3508000075817108,0.3508000075817108,100
2025-12-30 15:30:00-05:00,0.4018000066280365,0.4025000035762787,0.34869998693466187,0.34869998693466187,18243
2025-12-31 09:30:00-05:00,0.3610000014305115,0.3799999952316284,0.3610000014305115,0.3799999952316284,969
2025-12-31 10:30:00-05:00,0.3700999915599823,0.3700999915599823,0.36649999022483826,0.3671000003814697,5131
2025-12-31 12:30:00-05:00,0.3714999854564667,0.3716000020503998,0.3714999854564667,0.3716000020503998,1571
2025-12-31 14:30:00-05:00,0.39500001072883606,0.3968000113964081,0.37940001487731934,0.3797999918460846,8752
2025-12-31 15:30:00-05:00,0.4018999934196472,0.40549999475479126,0.3977999985218048,0.398499995470047,20669
2026-01-02 09:30:00-05:00,0.4000000059604645,0.4059999883174896,0.4000000059604645,0.4059999883174896,1021
2026-01-02 10:30:00-05:00,0.4050999879837036,0.4050999879837036,0.4050000011920929,0.4050000011920929,1961
2026-01-02 11:30:00-05:00,0.4226999878883362,0.4226999878883362,0.4050999879837036,0.4050999879837036,385
2026-01-02 12:30:00-05:00,0.4300000071525574,0.4300000071525574,0.4226999878883362,0.4226999878883362,402
2026-01-02 13:30:00-05:00,0.4000999927520752,0.40549999475479126,0.4000999927520752,0.4050999879837036,816
2026-01-02 14:30:00-05:00,0.41499999165534973,0.41499999165534973,0.3986999988555908,0.39890000224113464,701
2026-01-02 15:30:00-05:00,0.39500001072883606,0.4000000059604645,0.39500001072883606,0.3970000147819519,434
2026-01-05 09:30:00-05:00,0.4011000096797943,0.42399999499320984,0.4000999927520752,0.42399999499320984,1645
2026-01-05 10:30:00-05:00,0.42399999499320984,0.42399999499320984,0.40139999985694885,0.40139999985694885,2924
2026-01-05 11:30:00-05:00,0.41999998688697815,0.41999998688697815,0.41999998688697815,0.41999998688697815,942
2026-01-05 12:30:00-05:00,0.41999998688697815,0.41999998688697815,0.4099999964237213,0.41499999165534973,11110
2026-01-05 13:30:00-05:00,0.41589999198913574,0.41999998688697815,0.4154999852180481,0.41749998927116394,3806
2026-01-05 14:30:00-05:00,0.41690000891685486,0.41690000891685486,0.41600000858306885,0.41600000858306885,320
2026-01-05 15:30:00-05:00,0.41690000891685486,0.41690000891685486,0.41690000891685486,0.41690000891685486,238
2026-01-06 09:30:00-05:00,0.41100001335144043,0.41100001335144043,0.4097000062465668,0.4097000062465668,2031
2026-01-06 10:30:00-05:00,0.4009000062942505,0.41600000858306885,0.4009000062942505,0.41600000858306885,5009
2026-01-06 12:30:00-05:00,0.4009000062942505,0.4009000062942505,0.4009000062942505,0.4009000062942505,3750
2026-01-06 13:30:00-05:00,0.41589999198913574,0.41589999198913574,0.41589999198913574,0.41589999198913574,2160
2026-01-07 09:30:00-05:00,0.42010000348091125,0.42010000348091125,0.4189999997615814,0.41990000009536743,1072
2026-01-07 10:30:00-05:00,0.41999998688697815,0.42250001430511475,0.41999998688697815,0.42250001430511475,1300
2026-01-07 11:30:00-05:00,0.41359999775886536,0.41359999775886536,0.41359999775886536,0.41359999775886536,250
2026-01-07 12:30:00-05:00,0.41499999165534973,0.4235000014305115,0.41499999165534973,0.4214000105857849,506
2026-01-07 13:30:00-05:00,0.42500001192092896,0.42500001192092896,0.41499999165534973,0.41499999165534973,8187
2026-01-07 14:30:00-05:00,0.4309999942779541,0.4309999942779541,0.42489999532699585,0.42489999532699585,1485
2026-01-08 09:30:00-05:00,0.4447000026702881,0.4447000026702881,0.4447000026702881,0.4447000026702881,7738
2026-01-08 10:30:00-05:00,0.43849998712539673,0.44179999828338623,0.4348999857902527,0.44179999828338623,1063
2026-01-08 11:30:00-05:00,0.4361000061035156,0.4361000061035156,0.4348999857902527,0.4348999857902527,1175
2026-01-08 12:30:00-05:00,0.4348999857902527,0.4350000023841858,0.4348999857902527,0.4348999857902527,2339
2026-01-08 13:30:00-05:00,0.42570000886917114,0.42570000886917114,0.41600000858306885,0.4171000123023987,962
2026-01-08 14:30:00-05:00,0.41670000553131104,0.421099990606308,0.41659998893737793,0.421099990606308,2029
2026-01-08 15:30:00-05:00,0.40119999647140503,0.4034000039100647,0.40119999647140503,0.4034000039100647,778
2026-01-09 09:30:00-05:00,0.4189999997615814,0.41990000009536743,0.4189999997615814,0.41990000009536743,2803
2026-01-09 10:30:00-05:00,0.4189000129699707,0.4189000129699707,0.4189000129699707,0.4189000129699707,407
2026-01-09 11:30:00-05:00,0.4194999933242798,0.4194999933242798,0.4189999997615814,0.41940000653266907,1343
2026-01-09 12:30:00-05:00,0.420199990272522,0.420199990272522,0.420199990272522,0.420199990272522,211
2026-01-09 14:30:00-05:00,0.4300999939441681,0.4300999939441681,0.4300999939441681,0.4300999939441681,203
2026-01-12 09:30:00-05:00,0.4221000075340271,0.44690001010894775,0.4221000075340271,0.4345000088214874,3750
2026-01-12 10:30:00-05:00,0.420199990272522,0.4221000075340271,0.420199990272522,0.4221000075340271,1463
2026-01-12 11:30:00-05:00,0.4099999964237213,0.42100000381469727,0.4099999964237213,0.42089998722076416,1952
2026-01-12 12:30:00-05:00,0.4185999929904938,0.4185999929904938,0.4185999929904938,0.4185999929904938,404
2026-01-12 13:30:00-05:00,0.4147000014781952,0.4147000014781952,0.4099999964237213,0.4099999964237213,1251
2026-01-13 09:30:00-05:00,0.38499999046325684,0.4212000072002411,0.31540000438690186,0.4212000072002411,29349
2026-01-13 10:30:00-05:00,0.38499999046325684,0.3889999985694885,0.38499999046325684,0.3889999985694885,5303
2026-01-13 14:30:00-05:00,0.3939000070095062,0.39879998564720154,0.3939000070095062,0.39879998564720154,485
2026-01-13 15:30:00-05:00,0.3889999985694885,0.3939000070095062,0.3889999985694885,0.3912999927997589,26906
2026-01-14 09:30:00-05:00,0.41119998693466187,0.41499999165534973,0.358599990606308,0.41499999165534973,13176
2026-01-14 11:30:00-05:00,0.39430001378059387,0.39430001378059387,0.39430001378059387,0.39430001378059387,267
2026-01-14 13:30:00-05:00,0.39989998936653137,0.4000000059604645,0.36070001125335693,0.36070001125335693,11245
2026-01-15 09:30:00-05:00,0.38499999046325684,0.38499999046325684,0.3700999915599823,0.3700999915599823,2608
2026-01-15 11:30:00-05:00,0.39989998936653137,0.39989998936653137,0.39010000228881836,0.39010000228881836,2251
2026-01-15 12:30:00-05:00,0.39989998936653137,0.39989998936653137,0.39079999923706055,0.3950999975204468,1230
2026-01-15 13:30:00-05:00,0.3901999890804291,0.3901999890804291,0.3901999890804291,0.3901999890804291,369
2026-01-15 14:30:00-05:00,0.3903000056743622,0.3903000056743622,0.3903000056743622,0.3903000056743622,505
2026-01-15 15:30:00-05:00,0.3901999890804291,0.3903000056743622,0.3901999890804291,0.3903000056743622,839
2026-01-16 09:30:00-05:00,0.3937000036239624,0.3937000036239624,0.3937000036239624,0.3937000036239624,209
2026-01-16 10:30:00-05:00,0.3950999975204468,0.398499995470047,0.3950999975204468,0.398499995470047,1023
2026-01-16 11:30:00-05:00,0.39500001072883606,0.39500001072883606,0.39500001072883606,0.39500001072883606,942
2026-01-16 12:30:00-05:00,0.3763999938964844,0.3785000145435333,0.3763999938964844,0.3785000145435333,1141
2026-01-16 13:30:00-05:00,0.39899998903274536,0.39899998903274536,0.37220001220703125,0.37220001220703125,2575
2026-01-16 15:30:00-05:00,0.39899998903274536,0.39899998903274536,0.3856000006198883,0.3856000006198883,11514
2026-01-20 09:30:00-05:00,0.35510000586509705,0.3849000036716461,0.35010001063346863,0.3849000036716461,8269
2026-01-20 10:30:00-05:00,0.353300005197525,0.3549000024795532,0.3529999852180481,0.3549000024795532,5783
2026-01-20 11:30:00-05:00,0.3546999990940094,0.36000001430511475,0.35339999198913574,0.35359999537467957,4681
2026-01-20 13:30:00-05:00,0.36000001430511475,0.36000001430511475,0.35740000009536743,0.35740000009536743,1061
2026-01-20 14:30:00-05:00,0.3571999967098236,0.35989999771118164,0.3564000129699707,0.3573000133037567,5133
2026-01-20 15:30:00-05:00,0.3610000014305115,0.3634999990463257,0.3610000014305115,0.3634999990463257,3000
2026-01-21 09:30:00-05:00,0.37880000472068787,0.3788999915122986,0.3499000072479248,0.3499999940395355,10209
2026-01-21 10:30:00-05:00,0.3700000047683716,0.3700000047683716,0.3499999940395355,0.35899999737739563,4122
2026-01-21 11:30:00-05:00,0.3467999994754791,0.3675999939441681,0.3467999994754791,0.3675999939441681,3509
2026-01-21 12:30:00-05:00,0.3499999940395355,0.3499999940395355,0.3499999940395355,0.3499999940395355,235
2026-01-21 13:30:00-05:00,0.35010001063346863,0.35010001063346863,0.3499999940395355,0.3499999940395355,1474
2026-01-21 14:30:00-05:00,0.3700000047683716,0.3700000047683716,0.36070001125335693,0.36070001125335693,672
2026-01-22 09:30:00-05:00,0.36489999294281006,0.3720000088214874,0.35580000281333923,0.35580000281333923,14721
2026-01-22 10:30:00-05:00,0.3779999911785126,0.3792000114917755,0.35409998893737793,0.3792000114917755,1874
2026-01-22 11:30:00-05:00,0.3779999911785126,0.3779999911785126,0.3779999911785126,0.3779999911785126,341
2026-01-22 12:30:00-05:00,0.36489999294281006,0.36489999294281006,0.36489999294281006,0.36489999294281006,137
2026-01-22 13:30:00-05:00,0.3684000074863434,0.376800000667572,0.3684000074863434,0.3709000051021576,6947
2026-01-22 14:30:00-05:00,0.3767000138759613,0.3767000138759613,0.37299999594688416,0.37299999594688416,665
2026-01-23 09:30:00-05:00,0.3700000047683716,0.3880000114440918,0.35030001401901245,0.3880000114440918,2780
2026-01-23 10:30:00-05:00,0.35019999742507935,0.3700000047683716,0.35019999742507935,0.3700000047683716,3805
2026-01-23 11:30:00-05:00,0.35019999742507935,0.35019999742507935,0.35019999742507935,0.35019999742507935,357
2026-01-23 15:30:00-05:00,0.3634999990463257,0.3634999990463257,0.3634999990463257,0.3634999990463257,1000
2026-01-26 09:30:00-05:00,0.3788999915122986,0.38499999046325684,0.3788999915122986,0.38499999046325684,1877
2026-01-26 10:30:00-05:00,0.38999998569488525,0.3928000032901764,0.3700999915599823,0.3720000088214874,2779
2026-01-26 12:30:00-05:00,0.3700999915599823,0.38600000739097595,0.3700000047683716,0.3799999952316284,11748
2026-01-26 14:30:00-05:00,0.3700000047683716,0.3700000047683716,0.3700000047683716,0.3700000047683716,135
2026-01-26 15:30:00-05:00,0.36899998784065247,0.3700000047683716,0.36000001430511475,0.36000001430511475,20546
2026-01-27 09:30:00-05:00,0.3698999881744385,0.37400001287460327,0.36000001430511475,0.3700000047683716,14790
2026-01-27 10:30:00-05:00,0.36010000109672546,0.36010000109672546,0.3598000109195709,0.3598000109195709,505
2026-01-27 13:30:00-05:00,0.36500000953674316,0.3650999963283539,0.36500000953674316,0.3650999963283539,1218
2026-01-27 14:30:00-05:00,0.36500000953674316,0.36500000953674316,0.3598000109195709,0.3601999878883362,2372
2026-01-28 09:30:00-05:00,0.36000001430511475,0.36250001192092896,0.3449999988079071,0.3449999988079071,3065
2026-01-28 10:30:00-05:00,0.362199991941452,0.362199991941452,0.35010001063346863,0.35010001063346863,0
2026-01-28 11:30:00-05:00,0.362199991941452,0.362199991941452,0.3560999929904938,0.3560999929904938,10022
2026-01-28 12:30:00-05:00,0.3801000118255615,0.42989999055862427,0.3598000109195709,0.3598000109195709,33169
2026-01-28 13:30:00-05:00,0.40779998898506165,0.40779998898506165,0.3955000042915344,0.4047999978065491,2400
2026-01-28 14:30:00-05:00,0.39820000529289246,0.40540000796318054,0.3955000042915344,0.40540000796318054,49857
2026-01-28 15:30:00-05:00,0.4016999900341034,0.4016999900341034,0.39559999108314514,0.4009000062942505,0
2026-01-29 09:30:00-05:00,0.3993000090122223,0.42500001192092896,0.3785000145435333,0.40689998865127563,7945
2026-01-29 10:30:00-05:00,0.3785000145435333,0.41999998688697815,0.3785000145435333,0.3785000145435333,9761
2026-01-29 11:30:00-05:00,0.40799999237060547,0.40799999237060547,0.3903000056743622,0.3903000056743622,7838
2026-01-29 12:30:00-05:00,0.39419999718666077,0.39419999718666077,0.3785000145435333,0.39419999718666077,9235
2026-01-29 13:30:00-05:00,0.3970000147819519,0.4099000096321106,0.3970000147819519,0.39800000190734863,696
2026-01-29 14:30:00-05:00,0.3799999952316284,0.40950000286102295,0.3799999952316284,0.40950000286102295,2204
2026-01-29 15:30:00-05:00,0.40950000286102295,0.40950000286102295,0.3801000118255615,0.3801000118255615,9276
2026-01-30 09:30:00-05:00,0.40950000286102295,0.4099999964237213,0.38179999589920044,0.3968000113964081,12613
2026-02-02 13:30:00-05:00,0.414900004863739,0.41999998688697815,0.4009999930858612,0.4099999964237213,35481
2026-02-02 14:30:00-05:00,0.414000004529953,0.414900004863739,0.414000004529953,0.414900004863739,312
2026-02-02 15:30:00-05:00,0.42399999499320984,0.42399999499320984,0.41499999165534973,0.41499999165534973,400
2026-02-03 09:30:00-05:00,0.3961000144481659,0.42399999499320984,0.385699987411499,0.42399999499320984,3201
2026-02-03 10:30:00-05:00,0.39070001244544983,0.39070001244544983,0.3856000006198883,0.3856000006198883,1360
2026-02-03 11:30:00-05:00,0.420199990272522,0.420199990272522,0.3856000006198883,0.4047999978065491,6813
2026-02-03 12:30:00-05:00,0.40290001034736633,0.40290001034736633,0.40290001034736633,0.40290001034736633,803
2026-02-03 13:30:00-05:00,0.40290001034736633,0.40290001034736633,0.40290001034736633,0.40290001034736633,310
2026-02-03 14:30:00-05:00,0.3815999925136566,0.40290001034736633,0.38019999861717224,0.40290001034736633,1987
2026-02-03 15:30:00-05:00,0.40299999713897705,0.40299999713897705,0.40299999713897705,0.40299999713897705,100
2026-02-04 09:30:00-05:00,0.3310999870300293,0.38109999895095825,0.3310999870300293,0.38109999895095825,10497
2026-02-04 10:30:00-05:00,0.3416999876499176,0.3416999876499176,0.3310999870300293,0.3310999870300293,1122
2026-02-04 11:30:00-05:00,0.3587999939918518,0.3727000057697296,0.3587999939918518,0.3727000057697296,2891
2026-02-04 12:30:00-05:00,0.3346000015735626,0.3529999852180481,0.3346000015735626,0.3529999852180481,5093
2026-02-04 13:30:00-05:00,0.3499000072479248,0.3564999997615814,0.3400000035762787,0.3564999997615814,605
2026-02-04 14:30:00-05:00,0.3400000035762787,0.3400000035762787,0.3400000035762787,0.3400000035762787,100
2026-02-04 15:30:00-05:00,0.3400000035762787,0.3400999903678894,0.3400000035762787,0.3400999903678894,0
2026-02-05 09:30:00-05:00,0.3343000113964081,0.3361999988555908,0.31529998779296875,0.3361000120639801,13392
2026-02-05 10:30:00-05:00,0.3334999978542328,0.3334999978542328,0.3334999978542328,0.3334999978542328,117
2026-02-05 11:30:00-05:00,0.31200000643730164,0.31310001015663147,0.31200000643730164,0.31310001015663147,870
2026-02-05 13:30:00-05:00,0.3174000084400177,0.3174000084400177,0.3100000023841858,0.3100000023841858,394
2026-02-05 14:30:00-05:00,0.3100000023841858,0.3361999988555908,0.3100000023841858,0.3361999988555908,903
2026-02-05 15:30:00-05:00,0.28999999165534973,0.31299999356269836,0.28999999165534973,0.31150001287460327,21442
2026-02-06 09:30:00-05:00,0.3151000142097473,0.3382999897003174,0.30059999227523804,0.3010999858379364,4323
2026-02-06 10:30:00-05:00,0.30000001192092896,0.30000001192092896,0.2906000018119812,0.2906000018119812,900
2026-02-06 11:30:00-05:00,0.31439998745918274,0.31439998745918274,0.29919999837875366,0.303600013256073,1650
2026-02-06 12:30:00-05:00,0.3199999928474426,0.3199999928474426,0.3001999855041504,0.3100999891757965,35629
2026-02-06 13:30:00-05:00,0.33799999952316284,0.33799999952316284,0.3160000145435333,0.3190999925136566,850
2026-02-06 14:30:00-05:00,0.3188999891281128,0.3400000035762787,0.3188999891281128,0.3379000127315521,899
2026-02-09 09:30:00-05:00,0.328900009393692,0.33000001311302185,0.3122999966144562,0.32420000433921814,2488
2026-02-09 10:30:00-05:00,0.32510000467300415,0.32899999618530273,0.32510000467300415,0.32899999618530273,231
2026-02-09 11:30:00-05:00,0.33309999108314514,0.33480000495910645,0.31150001287460327,0.33480000495910645,8168
2026-02-09 13:30:00-05:00,0.3165000081062317,0.3165000081062317,0.3000999987125397,0.30079999566078186,1833
2026-02-09 15:30:00-05:00,0.31470000743865967,0.3165000081062317,0.30869999527931213,0.3165000081062317,3588
2026-02-10 09:30:00-05:00,0.33000001311302185,0.33889999985694885,0.3050999939441681,0.33889999985694885,4065
2026-02-10 11:30:00-05:00,0.3379000127315521,0.33799999952316284,0.33709999918937683,0.33709999918937683,650
2026-02-10 12:30:00-05:00,0.3384999930858612,0.3384999930858612,0.3370000123977661,0.3370000123977661,523
2026-02-10 13:30:00-05:00,0.3370000123977661,0.33889999985694885,0.3370000123977661,0.33799999952316284,525
2026-02-11 09:30:00-05:00,0.3400000035762787,0.34850001335144043,0.33799999952316284,0.34389999508857727,12058
2026-02-11 11:30:00-05:00,0.33799999952316284,0.3398999869823456,0.33799999952316284,0.33799999952316284,992
2026-02-11 12:30:00-05:00,0.33970001339912415,0.33970001339912415,0.33970001339912415,0.33970001339912415,156
2026-02-11 13:30:00-05:00,0.349700003862381,0.3499000072479248,0.3490000069141388,0.3490000069141388,2151
2026-02-11 15:30:00-05:00,0.3375999927520752,0.3400000035762787,0.33239999413490295,0.3400000035762787,3379
2026-02-12 09:30:00-05:00,0.3495999872684479,0.3495999872684479,0.33009999990463257,0.33009999990463257,1874
2026-02-12 10:30:00-05:00,0.33500000834465027,0.3675000071525574,0.33500000834465027,0.3449999988079071,12012
2026-02-12 11:30:00-05:00,0.33009999990463257,0.3398999869823456,0.33009999990463257,0.3361000120639801,1421
2026-02-12 13:30:00-05:00,0.3398999869823456,0.3398999869823456,0.3398999869823456,0.3398999869823456,1404
2026-02-12 14:30:00-05:00,0.33500000834465027,0.33500000834465027,0.33500000834465027,0.33500000834465027,522
2026-02-12 15:30:00-05:00,0.3398999869823456,0.3398999869823456,0.33899998664855957,0.33899998664855957,344
2026-02-13 09:30:00-05:00,0.3400999903678894,0.3400999903678894,0.33009999990463257,0.33009999990463257,2706
2026-02-13 11:30:00-05:00,0.3352000117301941,0.3352000117301941,0.3352000117301941,0.3352000117301941,184
2026-02-13 14:30:00-05:00,0.3303000032901764,0.3303000032901764,0.3301999866962433,0.3301999866962433,300
2026-02-17 09:30:00-05:00,0.3301999866962433,0.3490000069141388,0.3301999866962433,0.3490000069141388,2148
2026-02-17 10:30:00-05:00,0.3734000027179718,0.3734000027179718,0.3734000027179718,0.3734000027179718,100
2026-02-17 11:30:00-05:00,0.3693000078201294,0.3693000078201294,0.3693000078201294,0.3693000078201294,185
2026-02-17 12:30:00-05:00,0.34599998593330383,0.34599998593330383,0.3422999978065491,0.3422999978065491,326
2026-02-17 13:30:00-05:00,0.34599998593330383,0.34610000252723694,0.3409999907016754,0.3409999907016754,1105
2026-02-17 14:30:00-05:00,0.3540000021457672,0.3540000021457672,0.3540000021457672,0.3540000021457672,394
2026-02-17 15:30:00-05:00,0.35899999737739563,0.35899999737739563,0.35899999737739563,0.35899999737739563,200
2026-02-18 09:30:00-05:00,0.3418999910354614,0.3686999976634979,0.33500000834465027,0.3686999976634979,1370
2026-02-18 10:30:00-05:00,0.3594000041484833,0.3594000041484833,0.3594000041484833,0.3594000041484833,186
2026-02-18 11:30:00-05:00,0.35429999232292175,0.35429999232292175,0.35429999232292175,0.35429999232292175,1079
2026-02-18 12:30:00-05:00,0.3458999991416931,0.3458999991416931,0.3458999991416931,0.3458999991416931,145
2026-02-18 13:30:00-05:00,0.3538999855518341,0.3538999855518341,0.34950000047683716,0.34950000047683716,284
2026-02-18 14:30:00-05:00,0.3467000126838684,0.3467000126838684,0.3467000126838684,0.3467000126838684,210
2026-02-18 15:30:00-05:00,0.3458999991416931,0.3458999991416931,0.3458999991416931,0.3458999991416931,848
2026-02-19 09:30:00-05:00,0.37389999628067017,0.38989999890327454,0.35899999737739563,0.37400001287460327,78864
2026-02-19 10:30:00-05:00,0.33000001311302185,0.3698999881744385,0.33000001311302185,0.3698999881744385,5654
2026-02-19 11:30:00-05:00,0.34929999709129333,0.3499999940395355,0.34929999709129333,0.3499999940395355,505
2026-02-19 12:30:00-05:00,0.33000001311302185,0.37209999561309814,0.33000001311302185,0.37209999561309814,495
2026-02-19 14:30:00-05:00,0.3569999933242798,0.3569999933242798,0.3569999933242798,0.3569999933242798,242
2026-02-20 09:30:00-05:00,0.3790000081062317,0.3801000118255615,0.3700999915599823,0.3799999952316284,10732
2026-02-20 10:30:00-05:00,0.374099999666214,0.374099999666214,0.374099999666214,0.374099999666214,111
2026-02-20 11:30:00-05:00,0.3774999976158142,0.3774999976158142,0.36500000953674316,0.36500000953674316,2316
2026-02-20 12:30:00-05:00,0.38989999890327454,0.38989999890327454,0.37700000405311584,0.37700000405311584,478
2026-02-20 13:30:00-05:00,0.36629998683929443,0.3799999952316284,0.36629998683929443,0.3799999952316284,698
2026-02-20 14:30:00-05:00,0.3601999878883362,0.3790000081062317,0.3601999878883362,0.3790000081062317,1986
2026-02-23 09:30:00-05:00,0.376800000667572,0.3783999979496002,0.36419999599456787,0.37689998745918274,1442
2026-02-23 10:30:00-05:00,0.35339999198913574,0.3783999979496002,0.35339999198913574,0.36419999599456787,3299
2026-02-23 11:30:00-05:00,0.3540000021457672,0.3610000014305115,0.3504999876022339,0.3504999876022339,2182
2026-02-23 12:30:00-05:00,0.35109999775886536,0.35109999775886536,0.35010001063346863,0.35010001063346863,1664
2026-02-23 13:30:00-05:00,0.3538999855518341,0.3538999855518341,0.34709998965263367,0.3499999940395355,3013
2026-02-23 14:30:00-05:00,0.3499999940395355,0.3499999940395355,0.3499999940395355,0.3499999940395355,244
2026-02-23 15:30:00-05:00,0.3490000069141388,0.3490000069141388,0.3490000069141388,0.3490000069141388,169
2026-02-24 09:30:00-05:00,0.3411000072956085,0.3449999988079071,0.3312000036239624,0.3449000120162964,912
2026-02-24 10:30:00-05:00,0.3440000116825104,0.3449999988079071,0.3440000116825104,0.3449999988079071,1341
2026-02-24 11:30:00-05:00,0.3400999903678894,0.3449999988079071,0.3400999903678894,0.3440000116825104,5491
2026-02-24 12:30:00-05:00,0.3449999988079071,0.3449999988079071,0.3433000147342682,0.3433000147342682,9338
2026-02-24 13:30:00-05:00,0.35499998927116394,0.35499998927116394,0.34709998965263367,0.34709998965263367,1901
2026-02-24 14:30:00-05:00,0.34860000014305115,0.3549000024795532,0.3434999883174896,0.3549000024795532,1266
2026-02-25 10:30:00-05:00,0.3434999883174896,0.3434999883174896,0.3434999883174896,0.3434999883174896,572
2026-02-25 11:30:00-05:00,0.34779998660087585,0.3479999899864197,0.3400000035762787,0.3400000035762787,1478
2026-02-25 13:30:00-05:00,0.34779998660087585,0.34779998660087585,0.34779998660087585,0.34779998660087585,348
2026-02-25 14:30:00-05:00,0.35190001130104065,0.35190001130104065,0.34779998660087585,0.34779998660087585,367
2026-02-25 15:30:00-05:00,0.3560999929904938,0.3560999929904938,0.35190001130104065,0.35190001130104065,973
2026-02-26 09:30:00-05:00,0.36090001463890076,0.3610000014305115,0.36090001463890076,0.3610000014305115,548
2026-02-26 10:30:00-05:00,0.36090001463890076,0.36649999022483826,0.36000001430511475,0.36090001463890076,5100
2026-02-26 11:30:00-05:00,0.38499999046325684,0.4000000059604645,0.3675999939441681,0.3677000105381012,13858
2026-02-26 12:30:00-05:00,0.38940000534057617,0.4239000082015991,0.3666999936103821,0.3799999952316284,11550
2026-02-26 13:30:00-05:00,0.39590001106262207,0.4000000059604645,0.37229999899864197,0.37229999899864197,2667
2026-02-26 14:30:00-05:00,0.38999998569488525,0.38999998569488525,0.38999998569488525,0.38999998569488525,175
2026-02-27 09:30:00-05:00,0.39559999108314514,0.41530001163482666,0.382999986410141,0.41530001163482666,11164
2026-02-27 10:30:00-05:00,0.4043000042438507,0.4043000042438507,0.38510000705718994,0.3903000056743622,2331
2026-02-27 11:30:00-05:00,0.41200000047683716,0.42010000348091125,0.4000000059604645,0.4000000059604645,7094
2026-02-27 12:30:00-05:00,0.4099999964237213,0.4180000126361847,0.4000000059604645,0.40799999237060547,2469
2026-02-27 13:30:00-05:00,0.41499999165534973,0.41499999165534973,0.4009999930858612,0.4009999930858612,2310
2026-02-27 14:30:00-05:00,0.4074999988079071,0.4269999861717224,0.38999998569488525,0.4108999967575073,1715
2026-02-27 15:30:00-05:00,0.42500001192092896,0.43880000710487366,0.4129999876022339,0.4129999876022339,1603
2026-03-02 09:30:00-05:00,0.7849000096321106,0.9280999898910522,0.460999995470047,0.49790000915527344,24789075
2026-03-02 10:30:00-05:00,0.7300000190734863,0.9599999785423279,0.6717000007629395,0.7825000286102295,39113300
2026-03-02 11:30:00-05:00,0.6832000017166138,0.7400000095367432,0.6301000118255615,0.7300000190734863,6945711
2026-03-02 12:30:00-05:00,0.6941999793052673,0.7400000095367432,0.6327000260353088,0.6832000017166138,6154541
2026-03-02 13:30:00-05:00,0.7400000095367432,0.7450000047683716,0.6624000072479248,0.6941999793052673,2958360
2026-03-02 14:30:00-05:00,0.9139999747276306,1.0299999713897705,0.7400000095367432,0.7440000176429749,85286369
2026-03-02 15:30:00-05:00,1.0499999523162842,1.149999976158142,0.902400016784668,0.9096999764442444,9941779
2026-03-03 09:30:00-05:00,1.2092000246047974,1.3799999952316284,1.0,1.0700000524520874,18224234
2026-03-03 10:30:00-05:00,1.1100000143051147,1.2099000215530396,1.0800000429153442,1.2099000215530396,1190862
2026-03-03 11:30:00-05:00,1.090000033378601,1.1100000143051147,1.0,1.100000023841858,1544997
2026-03-03 12:30:00-05:00,1.0049999952316284,1.1050000190734863,0.949999988079071,1.0750000476837158,723394
2026-03-03 13:30:00-05:00,1.0199999809265137,1.0399999618530273,0.9359999895095825,1.0,677552
2026-03-03 14:30:00-05:00,1.0299999713897705,1.0700000524520874,0.9800999760627747,1.0199999809265137,553906
2026-03-03 15:30:00-05:00,1.059999942779541,1.059999942779541,1.0,1.034999966621399,357770
2026-03-04 09:30:00-05:00,0.6449999809265137,0.8715999722480774,0.4810999929904938,0.8700000047683716,1865585
2026-03-04 10:30:00-05:00,0.6651999950408936,0.7300000190734863,0.6342999935150146,0.6600000262260437,269066
2026-03-04 11:30:00-05:00,0.6152999997138977,0.6696000099182129,0.6152999997138977,0.6654000282287598,147506
2026-03-04 12:30:00-05:00,0.6209999918937683,0.6499999761581421,0.6000999808311462,0.6200000047683716,139786
2026-03-04 13:30:00-05:00,0.6148999929428101,0.6499999761581421,0.5802000164985657,0.6299999952316284,161350
2026-03-04 14:30:00-05:00,0.699999988079071,0.699999988079071,0.5975000262260437,0.6148999929428101,106646
2026-03-04 15:30:00-05:00,0.6435999870300293,0.699999988079071,0.6435999870300293,0.6675000190734863,67854
2026-03-05 09:30:00-05:00,0.8500000238418579,0.9901000261306763,0.6499999761581421,0.6815000176429749,11903281
2026-03-05 10:30:00-05:00,0.9610000252723694,1.0700000524520874,0.8391000032424927,0.8445000052452087,14283188
2026-03-05 11:30:00-05:00,0.9099000096321106,1.0199999809265137,0.864300012588501,0.9642000198364258,3973562
2026-03-05 12:30:00-05:00,1.0198999643325806,1.0399999618530273,0.9000999927520752,0.9099000096321106,2900544
2026-03-05 13:30:00-05:00,1.1100000143051147,1.25,1.0099999904632568,1.0099999904632568,7766220
2026-03-05 14:30:00-05:00,1.079800009727478,1.2899999618530273,0.9100000262260437,1.1100000143051147,8466877
2026-03-05 15:30:00-05:00,0.9761000275611877,1.0800000429153442,0.9415000081062317,1.0800000429153442,1429647
2026-03-06 09:30:00-05:00,1.0149999856948853,1.2000000476837158,1.0,1.1399999856948853,5862744
2026-03-06 10:30:00-05:00,0.9912999868392944,1.0399999618530273,0.9215999841690063,1.0199999809265137,602941
2026-03-06 11:30:00-05:00,0.9750000238418579,1.0,0.9300000071525574,0.9912999868392944,451641
2026-03-06 12:30:00-05:00,0.913100004196167,0.991599977016449,0.800000011920929,0.9616000056266785,365512
2026-03-06 13:30:00-05:00,0.9000999927520752,0.9348999857902527,0.8709999918937683,0.911300003528595,192537
2026-03-06 14:30:00-05:00,0.910099983215332,0.9998999834060669,0.9100000262260437,0.9100000262260437,284456
2026-03-06 15:30:00-05:00,0.9265000224113464,0.9429000020027161,0.8799999952316284,0.910099983215332,112522
2026-03-09 09:30:00-04:00,1.0049999952316284,1.0099999904632568,0.8799999952316284,0.9300000071525574,851972
2026-03-09 10:30:00-04:00,0.9089999794960022,1.0099999904632568,0.9031999707221985,1.0,246730
2026-03-09 11:30:00-04:00,0.8313999772071838,0.9085999727249146,0.8201000094413757,0.9085000157356262,329701
2026-03-09 12:30:00-04:00,0.8179000020027161,0.8312000036239624,0.75,0.8230999708175659,466421
2026-03-09 13:30:00-04:00,0.7843999862670898,0.8179000020027161,0.7699999809265137,0.7817000150680542,93692
2026-03-09 14:30:00-04:00,0.7804999947547913,0.8198000192642212,0.7540000081062317,0.7843000292778015,126976
2026-03-09 15:30:00-04:00,0.7451000213623047,0.7929999828338623,0.7300999760627747,0.7827000021934509,145655
2026-03-10 09:30:00-04:00,0.6780999898910522,0.734499990940094,0.6100000143051147,0.7200000286102295,391710
2026-03-10 10:30:00-04:00,0.6503999829292297,0.699999988079071,0.6304000020027161,0.695900022983551,140181
2026-03-10 11:30:00-04:00,0.6650000214576721,0.6743000149726868,0.6299999952316284,0.6503999829292297,77664
2026-03-10 12:30:00-04:00,0.7696999907493591,0.7768999934196472,0.6453999876976013,0.6800000071525574,218926
2026-03-10 13:30:00-04:00,0.7897999882698059,0.9380000233650208,0.7465999722480774,0.7745000123977661,857311
2026-03-10 14:30:00-04:00,0.7680000066757202,0.796999990940094,0.7401000261306763,0.784500002861023,85336
2026-03-10 15:30:00-04:00,0.789900004863739,0.7900000214576721,0.7475000023841858,0.7718999981880188,55331
2026-03-11 09:30:00-04:00,0.7900000214576721,0.800000011920929,0.7603999972343445,0.7804999947547913,133744
2026-03-11 10:30:00-04:00,0.7735999822616577,0.7900000214576721,0.7700999975204468,0.7900000214576721,87776
2026-03-11 11:30:00-04:00,0.7799999713897705,0.8134999871253967,0.7734000086784363,0.7767999768257141,89656
2026-03-11 12:30:00-04:00,0.7702999711036682,0.7800999879837036,0.7700999975204468,0.7800999879837036,51559
2026-03-11 13:30:00-04:00,0.7702000141143799,0.7702999711036682,0.7702000141143799,0.7702999711036682,16379
2026-03-11 14:30:00-04:00,0.7706999778747559,0.7764000296592712,0.7700999975204468,0.7702000141143799,15876
2026-03-11 15:30:00-04:00,0.7702000141143799,0.7734000086784363,0.7700999975204468,0.7702999711036682,13968
2026-03-12 09:30:00-04:00,0.8399999737739563,0.9200000166893005,0.8241000175476074,0.8492000102996826,1179527
2026-03-12 10:30:00-04:00,0.7900000214576721,0.8600000143051147,0.7900000214576721,0.8324999809265137,166109
2026-03-12 11:30:00-04:00,0.736299991607666,0.822700023651123,0.7078999876976013,0.7901999950408936,203590
2026-03-12 12:30:00-04:00,0.7275000214576721,0.7400000095367432,0.7099999785423279,0.7348999977111816,101616
2026-03-12 13:30:00-04:00,0.7400000095367432,0.7400000095367432,0.7099999785423279,0.7260000109672546,80583
2026-03-12 14:30:00-04:00,0.7498000264167786,0.7748000025749207,0.7258999943733215,0.7400000095367432,89917
2026-03-12 15:30:00-04:00,0.7724999785423279,0.7749000191688538,0.7455000281333923,0.7497000098228455,178425
2026-03-13 09:30:00-04:00,0.7357000112533569,0.7717000246047974,0.7228000164031982,0.7495999932289124,188573
2026-03-13 10:30:00-04:00,0.7372999787330627,0.7588000297546387,0.7301999926567078,0.73580002784729,52786
2026-03-13 11:30:00-04:00,0.7450000047683716,0.7588000297546387,0.7300000190734863,0.7372999787330627,67552
2026-03-13 12:30:00-04:00,0.777999997138977,0.8245000243186951,0.717199981212616,0.7487999796867371,349339
2026-03-13 13:30:00-04:00,0.7871000170707703,0.8059999942779541,0.75,0.7760000228881836,89380
2026-03-13 14:30:00-04:00,0.7965999841690063,0.8180000185966492,0.7649999856948853,0.7940000295639038,199803
2026-03-13 15:30:00-04:00,1.0099999904632568,1.0299999713897705,0.800000011920929,0.800000011920929,2430593
2026-03-16 09:30:00-04:00,0.8300999999046326,0.8894000053405762,0.800000011920929,0.8600000143051147,259223
2026-03-16 10:30:00-04:00,0.8665000200271606,0.8805000185966492,0.8302000164985657,0.8302000164985657,15931
2026-03-16 11:30:00-04:00,0.8701000213623047,0.9099000096321106,0.8399999737739563,0.8650000095367432,162517
2026-03-16 12:30:00-04:00,0.882099986076355,0.9700000286102295,0.8700000047683716,0.8759999871253967,214633
2026-03-16 13:30:00-04:00,0.9169999957084656,0.9300000071525574,0.8899999856948853,0.9054999947547913,18462
2026-03-16 14:30:00-04:00,1.0399999618530273,1.0399999618530273,0.8820000290870667,0.9039999842643738,120016
2026-03-16 15:30:00-04:00,1.0299999713897705,1.0700000524520874,0.9850000143051147,1.0398999452590942,638009
2026-03-17 09:30:00-04:00,0.9294999837875366,0.9649999737739563,0.8600999712944031,0.8687000274658203,99723
2026-03-17 10:30:00-04:00,0.910099983215332,0.9330000281333923,0.8600000143051147,0.9294999837875366,25721
2026-03-17 11:30:00-04:00,0.890500009059906,0.9449999928474426,0.8799999952316284,0.9157000184059143,40044
2026-03-17 12:30:00-04:00,0.910099983215332,0.9416999816894531,0.9010000228881836,0.9416999816894531,7868
2026-03-17 13:30:00-04:00,0.9297999739646912,0.9399999976158142,0.8798999786376953,0.906000018119812,34593
2026-03-17 14:30:00-04:00,0.9394000172615051,0.9501000046730042,0.9350000023841858,0.9398999810218811,8438
2026-03-17 15:30:00-04:00,1.0099999904632568,1.0199999809265137,0.9100000262260437,0.9380000233650208,91136
2026-03-18 09:30:00-04:00,1.0800000429153442,1.149999976158142,0.9501000046730042,1.0199999809265137,376965
2026-03-18 10:30:00-04:00,0.9484999775886536,1.1100000143051147,0.9000999927520752,1.0800000429153442,173847
2026-03-18 11:30:00-04:00,0.9402999877929688,0.9599000215530396,0.9138000011444092,0.9484999775886536,58802
2026-03-18 12:30:00-04:00,1.0099999904632568,1.0099999904632568,0.9452000260353088,0.9452000260353088,25902
2026-03-18 13:30:00-04:00,0.9563999772071838,1.0073000192642212,0.9559999704360962,1.000499963760376,21972
2026-03-18 14:30:00-04:00,0.9613000154495239,1.0,0.9560999870300293,0.9564999938011169,27102
2026-03-18 15:30:00-04:00,1.0099999904632568,1.0149999856948853,0.9602000117301941,0.961899995803833,35015
2026-03-19 09:30:00-04:00,0.9599999785423279,0.9973000288009644,0.9301999807357788,0.9973000288009644,67734
2026-03-19 10:30:00-04:00,0.9801999926567078,0.9801999926567078,0.9524000287055969,0.9611999988555908,4144
2026-03-19 11:30:00-04:00,0.9898999929428101,1.017199993133545,0.9700000286102295,0.9800999760627747,148048
2026-03-19 12:30:00-04:00,0.917900025844574,0.989799976348877,0.9031000137329102,0.9883000254631042,15309
2026-03-19 13:30:00-04:00,0.9449999928474426,0.9474999904632568,0.8999999761581421,0.9294999837875366,20417
2026-03-19 14:30:00-04:00,0.9424999952316284,0.949999988079071,0.9424999952316284,0.9449999928474426,6390
2026-03-19 15:30:00-04:00,1.0,1.0399999618530273,0.949999988079071,0.949999988079071,80903
2026-03-20 09:30:00-04:00,1.0,1.038699984550476,0.9728000164031982,0.9800000190734863,59016
2026-03-20 10:30:00-04:00,1.0098999738693237,1.0199999809265137,0.9951000213623047,1.0,30974
2026-03-20 11:30:00-04:00,0.9740999937057495,1.0099999904632568,0.9740999937057495,1.0099999904632568,12098
2026-03-20 12:30:00-04:00,1.0,1.0,0.9750000238418579,0.9800000190734863,21208
2026-03-20 13:30:00-04:00,0.9940999746322632,1.0019999742507935,0.9921000003814697,0.9951000213623047,25532
2026-03-20 14:30:00-04:00,1.0015000104904175,1.0198999643325806,0.9649999737739563,1.0019999742507935,82960
2026-03-20 15:30:00-04:00,1.0199999809265137,1.0199999809265137,0.9900000095367432,0.9900000095367432,35994
2026-03-23 09:30:00-04:00,0.9200999736785889,0.9812999963760376,0.9200000166893005,0.9800000190734863,132390
2026-03-23 10:30:00-04:00,0.8849999904632568,0.9463000297546387,0.8799999952316284,0.9200999736785889,107229
2026-03-23 11:30:00-04:00,0.8939999938011169,0.9271000027656555,0.8501999974250793,0.8849999904632568,38531
2026-03-23 12:30:00-04:00,0.8849999904632568,0.911899983882904,0.8701000213623047,0.8701000213623047,24483
2026-03-23 13:30:00-04:00,0.8769999742507935,0.9120000004768372,0.8700000047683716,0.8960000276565552,20326
2026-03-23 14:30:00-04:00,0.8999999761581421,0.946399986743927,0.8650000095367432,0.8830000162124634,26877
2026-03-23 15:30:00-04:00,1.0099999904632568,1.0199999809265137,0.9160000085830688,0.9160000085830688,195027
2026-03-24 09:30:00-04:00,0.972100019454956,1.0,0.9700999855995178,0.9700999855995178,35004
2026-03-24 10:30:00-04:00,0.9800000190734863,0.9904000163078308,0.9490000009536743,0.9696999788284302,11217
2026-03-24 11:30:00-04:00,0.9919999837875366,0.9919999837875366,0.9740999937057495,0.9819999933242798,21316
2026-03-24 12:30:00-04:00,0.9998000264167786,1.0,0.984000027179718,1.0,4765
2026-03-24 13:30:00-04:00,0.9890000224113464,0.9976000189781189,0.988099992275238,0.9940000176429749,9109
2026-03-24 14:30:00-04:00,0.9983000159263611,0.9998000264167786,0.9929999709129333,0.9943000078201294,3778
2026-03-24 15:30:00-04:00,1.0199999809265137,1.0199999809265137,0.998199999332428,0.9984999895095825,27179
2026-03-25 09:30:00-04:00,0.9708999991416931,0.989799976348877,0.9559999704360962,0.989799976348877,14228
2026-03-25 10:30:00-04:00,0.9668999910354614,0.972000002861023,0.9560999870300293,0.9589999914169312,6538
2026-03-25 11:30:00-04:00,0.9900000095367432,0.9950000047683716,0.9646000266075134,0.9646000266075134,9302
2026-03-25 12:30:00-04:00,0.9865000247955322,0.9916999936103821,0.9810000061988831,0.9858999848365784,8191
2026-03-25 13:30:00-04:00,0.9760000109672546,1.0,0.9760000109672546,0.9886000156402588,6748
2026-03-25 14:30:00-04:00,1.0,1.0099999904632568,0.9800000190734863,0.9800000190734863,52353
2026-03-25 15:30:00-04:00,1.0,1.0099999904632568,0.9850000143051147,1.0,107687
2026-03-26 09:30:00-04:00,0.9850000143051147,1.0,0.9660000205039978,0.9954000115394592,63430
2026-03-26 10:30:00-04:00,0.9858999848365784,0.9858999848365784,0.9700000286102295,0.9700000286102295,8647
2026-03-26 11:30:00-04:00,0.9919000267982483,0.9950000047683716,0.9850999712944031,0.9940999746322632,10020
2026-03-26 12:30:00-04:00,0.9950000047683716,0.9950000047683716,0.9850999712944031,0.9950000047683716,2022
2026-03-26 13:30:00-04:00,0.9901000261306763,0.9990000128746033,0.9900000095367432,0.9950000047683716,33247
2026-03-26 14:30:00-04:00,0.9959999918937683,0.9959999918937683,0.9940000176429749,0.9940999746322632,10092
2026-03-26 15:30:00-04:00,1.0099999904632568,1.0099999904632568,0.9761000275611877,0.9955999851226807,226601
2026-03-27 09:30:00-04:00,0.9524999856948853,0.9819999933242798,0.949999988079071,0.9599999785423279,57661
2026-03-27 10:30:00-04:00,0.9742000102996826,0.9742000102996826,0.9309999942779541,0.9449999928474426,11682
2026-03-27 11:30:00-04:00,0.949999988079071,0.9672999978065491,0.949999988079071,0.9672999978065491,1449
2026-03-27 12:30:00-04:00,0.9804999828338623,0.9900000095367432,0.949999988079071,0.9650999903678894,8352
2026-03-27 13:30:00-04:00,0.9700000286102295,0.9843999743461609,0.9539999961853027,0.9835000038146973,34198
2026-03-27 14:30:00-04:00,0.984000027179718,0.9900000095367432,0.9761000275611877,0.9818000197410583,20697
2026-03-27 15:30:00-04:00,1.0149999856948853,1.0199999809265137,0.984000027179718,0.9979000091552734,106487
2026-03-30 09:30:00-04:00,0.9300000071525574,0.9972000122070312,0.8999999761581421,0.9606999754905701,127651
2026-03-30 10:30:00-04:00,0.9333999752998352,0.9501000046730042,0.9333999752998352,0.949999988079071,6089
2026-03-30 11:30:00-04:00,0.920199990272522,0.9592000246047974,0.9050999879837036,0.9592000246047974,16623
2026-03-30 12:30:00-04:00,0.8937000036239624,0.9589999914169312,0.8799999952316284,0.9122999906539917,50896
2026-03-30 13:30:00-04:00,0.9399999976158142,0.9399999976158142,0.8930000066757202,0.8937000036239624,33970
2026-03-30 14:30:00-04:00,0.9210000038146973,0.949999988079071,0.9110000133514404,0.9430000185966492,7796
2026-03-30 15:30:00-04:00,1.0099999904632568,1.0099999904632568,0.9459999799728394,0.9589999914169312,145209
2026-03-31 09:30:00-04:00,0.9804999828338623,1.0,0.965399980545044,0.9796000123023987,20668
2026-03-31 10:30:00-04:00,0.9745000004768372,0.9804999828338623,0.9704999923706055,0.9804999828338623,4638
2026-03-31 11:30:00-04:00,0.9860000014305115,0.9900000095367432,0.9660000205039978,0.9710000157356262,21195
2026-03-31 12:30:00-04:00,0.9710999727249146,0.9998000264167786,0.9710999727249146,0.9998000264167786,16031
2026-03-31 13:30:00-04:00,0.9753000140190125,0.9800000190734863,0.9700000286102295,0.9760000109672546,8377
2026-03-31 14:30:00-04:00,0.9789999723434448,0.9940000176429749,0.9661999940872192,0.9700999855995178,15369
2026-03-31 15:30:00-04:00,1.0099999904632568,1.0199999809265137,0.9850000143051147,0.9900000095367432,145352
2026-04-01 09:30:00-04:00,1.0199999809265137,1.0199999809265137,0.9819999933242798,1.0,23220
2026-04-01 10:30:00-04:00,1.065000057220459,1.100000023841858,1.0037000179290771,1.0099999904632568,119158
2026-04-01 11:30:00-04:00,1.0499000549316406,1.0699000358581543,1.0400999784469604,1.065000057220459,30963
2026-04-01 12:30:00-04:00,1.069700002670288,1.0800000429153442,1.0489000082015991,1.0489000082015991,17834
2026-04-01 13:30:00-04:00,1.340000033378601,1.409999966621399,1.0700000524520874,1.0700000524520874,2215007
2026-04-01 14:30:00-04:00,1.1699999570846558,1.3899999856948853,1.059999942779541,1.3300000429153442,1245107
2026-04-01 15:30:00-04:00,1.2050000429153442,1.2200000286102295,1.1699999570846558,1.1700999736785889,106886
2026-04-02 09:30:00-04:00,1.2599999904632568,1.7200000286102295,0.8199999928474426,1.2999999523162842,3485686
2026-04-02 10:30:00-04:00,1.2400000095367432,1.2799999713897705,1.2000000476837158,1.2599999904632568,181328
2026-04-02 11:30:00-04:00,1.273300051689148,1.309999942779541,1.2301000356674194,1.2450000047683716,100401
2026-04-02 12:30:00-04:00,1.2799999713897705,1.3300000429153442,1.26010000705719,1.2999999523162842,99387
2026-04-02 13:30:00-04:00,1.250100016593933,1.2799999713897705,1.25,1.2699999809265137,46409
2026-04-02 14:30:00-04:00,1.215000033378601,1.2999999523162842,1.215000033378601,1.2699999809265137,60267
2026-04-02 15:30:00-04:00,1.284999966621399,1.2899999618530273,1.190000057220459,1.215000033378601,74985
2026-04-06 09:30:00-04:00,1.2800999879837036,1.3436000347137451,1.25,1.3200000524520874,77178
2026-04-06 10:30:00-04:00,1.2676000595092773,1.2999999523162842,1.2000000476837158,1.2934000492095947,23352
2026-04-06 11:30:00-04:00,1.2350000143051147,1.25,1.2000000476837158,1.2000000476837158,8213
2026-04-06 12:30:00-04:00,1.1500999927520752,1.2450000047683716,1.149999976158142,1.2450000047683716,33198
2026-04-06 13:30:00-04:00,1.1200000047683716,1.184999942779541,1.1100000143051147,1.1549999713897705,21554
2026-04-06 14:30:00-04:00,1.190000057220459,1.190000057220459,1.1200000047683716,1.1200000047683716,18943
2026-04-06 15:30:00-04:00,1.190000057220459,1.190000057220459,1.149999976158142,1.149999976158142,13554
2026-04-07 09:30:00-04:00,1.2699999809265137,1.284999966621399,1.1699999570846558,1.190000057220459,30347
2026-04-07 10:30:00-04:00,1.215000033378601,1.2450000047683716,1.2100000381469727,1.2450000047683716,10011
2026-04-07 11:30:00-04:00,1.1649999618530273,1.2101000547409058,1.1649999618530273,1.2100000381469727,7359
2026-04-07 12:30:00-04:00,1.1799999475479126,1.190000057220459,1.149999976158142,1.149999976158142,30143
2026-04-07 13:30:00-04:00,1.1399999856948853,1.1749999523162842,1.1399999856948853,1.1749999523162842,38543
2026-04-07 14:30:00-04:00,1.1349999904632568,1.149999976158142,1.128999948501587,1.1299999952316284,20185
2026-04-07 15:30:00-04:00,1.1449999809265137,1.149999976158142,1.1349999904632568,1.149999976158142,13775
2026-04-08 09:30:00-04:00,1.0449999570846558,1.1299999952316284,1.010699987411499,1.1100000143051147,57891
2026-04-08 10:30:00-04:00,1.0549999475479126,1.0549999475479126,1.0149999856948853,1.0299999713897705,19649
2026-04-08 11:30:00-04:00,1.0449999570846558,1.0449999570846558,1.031999945640564,1.031999945640564,3563
2026-04-08 12:30:00-04:00,1.0399999618530273,1.0543999671936035,1.0299999713897705,1.0543999671936035,4101
2026-04-08 13:30:00-04:00,1.0499999523162842,1.0499999523162842,1.0399999618530273,1.0420000553131104,3369
2026-04-08 14:30:00-04:00,1.0399999618530273,1.0399999618530273,1.0199999809265137,1.0399999618530273,3882
2026-04-08 15:30:00-04:00,1.0565999746322632,1.0565999746322632,1.0565999746322632,1.0565999746322632,202
2026-04-09 09:30:00-04:00,1.0099999904632568,1.0199999809265137,1.0099999904632568,1.013700008392334,27131
2026-04-09 10:30:00-04:00,1.0099999904632568,1.0299999713897705,1.0099999904632568,1.0299999713897705,3327
2026-04-09 11:30:00-04:00,1.0299999713897705,1.0399999618530273,1.0099999904632568,1.0099999904632568,4935
2026-04-09 12:30:00-04:00,1.0299999713897705,1.0299999713897705,1.0199999809265137,1.0199999809265137,3237
2026-04-09 13:30:00-04:00,1.0260000228881836,1.0299999713897705,1.0199999809265137,1.0199999809265137,11324
2026-04-09 14:30:00-04:00,1.0199999809265137,1.0199999809265137,1.0099999904632568,1.0199999809265137,3529
2026-04-09 15:30:00-04:00,1.0549999475479126,1.0700000524520874,1.01010000705719,1.01010000705719,11156
2026-04-10 09:30:00-04:00,1.1598999500274658,1.159999966621399,1.0199999809265137,1.0490000247955322,109900
2026-04-10 10:30:00-04:00,1.1549999713897705,1.4692000150680542,1.1100000143051147,1.149999976158142,1783321
2026-04-10 11:30:00-04:00,1.1299999952316284,1.2100000381469727,1.1200000047683716,1.149999976158142,130233
2026-04-10 12:30:00-04:00,1.034999966621399,1.1449999809265137,1.0299999713897705,1.1299999952316284,104977
2026-04-10 13:30:00-04:00,1.0299999713897705,1.100000023841858,1.028499960899353,1.034999966621399,97165
2026-04-10 14:30:00-04:00,1.0800000429153442,1.149899959564209,0.9904000163078308,1.0299999713897705,158325
2026-04-10 15:30:00-04:00,1.1200000047683716,1.1399999856948853,1.0700000524520874,1.090000033378601,80782
2026-04-13 09:30:00-04:00,1.2100000381469727,1.2425999641418457,1.1200000047683716,1.1299999952316284,108444
2026-04-13 10:30:00-04:00,1.1299999952316284,1.2200000286102295,1.1299999952316284,1.2200000286102295,23920
2026-04-13 11:30:00-04:00,1.159999966621399,1.159999966621399,1.1299999952316284,1.1299999952316284,4025
2026-04-13 12:30:00-04:00,1.1100000143051147,1.1799999475479126,1.1100000143051147,1.159999966621399,9944
2026-04-13 13:30:00-04:00,1.100000023841858,1.125,1.100000023841858,1.1100000143051147,14668
2026-04-13 14:30:00-04:00,1.090000033378601,1.1193000078201294,1.090000033378601,1.1050000190734863,8278
2026-04-13 15:30:00-04:00,1.100000023841858,1.125,1.090000033378601,1.090000033378601,6657
2026-04-14 09:30:00-04:00,1.0700000524520874,1.1153000593185425,1.0,1.1153000593185425,89126
2026-04-14 10:30:00-04:00,1.0496000051498413,1.100000023841858,1.0199999809265137,1.0640000104904175,14984
2026-04-14 11:30:00-04:00,1.0500999689102173,1.0500999689102173,1.0401999950408936,1.0499999523162842,3623
2026-04-14 12:30:00-04:00,0.9700000286102295,1.0399999618530273,0.9700000286102295,1.0399999618530273,33678
2026-04-14 13:30:00-04:00,0.8600000143051147,1.0151000022888184,0.7699999809265137,0.9700999855995178,124779
2026-04-14 14:30:00-04:00,0.8151000142097473,0.8600000143051147,0.7717999815940857,0.8600000143051147,41684
2026-04-14 15:30:00-04:00,0.800000011920929,0.8500000238418579,0.7960000038146973,0.8355000019073486,63284
2026-04-15 09:30:00-04:00,0.9350000023841858,0.9350000023841858,0.8500000238418579,0.8960000276565552,58028
2026-04-15 10:30:00-04:00,0.9132999777793884,0.9498999714851379,0.9100000262260437,0.9150000214576721,42254
2026-04-15 11:30:00-04:00,0.8949999809265137,0.9300000071525574,0.8700000047683716,0.910099983215332,27789
2026-04-15 12:30:00-04:00,0.9398999810218811,0.9399999976158142,0.8701000213623047,0.8949999809265137,43485
2026-04-15 13:30:00-04:00,0.9006999731063843,0.9300000071525574,0.8799999952316284,0.9200000166893005,15611
2026-04-15 14:30:00-04:00,0.9154000282287598,0.9154000282287598,0.9006999731063843,0.9007999897003174,14701
2026-04-15 15:30:00-04:00,0.9185000061988831,0.9185000061988831,0.8970999717712402,0.9154000282287598,6155
2026-04-16 09:30:00-04:00,0.8971999883651733,0.9276999831199646,0.8791999816894531,0.9194999933242798,25049
2026-04-16 10:30:00-04:00,0.8889999985694885,0.9125000238418579,0.8889999985694885,0.8973000049591064,4733
2026-04-16 11:30:00-04:00,0.9200999736785889,0.9200999736785889,0.8963000178337097,0.9125000238418579,1384
2026-04-16 12:30:00-04:00,0.9376000165939331,0.9376000165939331,0.9200999736785889,0.9239000082015991,2525
2026-04-16 14:30:00-04:00,0.926800012588501,0.9298999905586243,0.9125999808311462,0.9298999905586243,3573
2026-04-16 15:30:00-04:00,0.926800012588501,0.926800012588501,0.926800012588501,0.926800012588501,2244
2026-04-17 09:30:00-04:00,0.9049999713897705,0.9394999742507935,0.9049999713897705,0.9049999713897705,27361
2026-04-17 10:30:00-04:00,0.9139999747276306,0.9595000147819519,0.9100000262260437,0.910099983215332,7330
2026-04-17 11:30:00-04:00,0.9139999747276306,0.9140999913215637,0.9139999747276306,0.9140999913215637,1464
2026-04-17 12:30:00-04:00,0.9139999747276306,0.9139999747276306,0.9139999747276306,0.9139999747276306,1818
2026-04-17 13:30:00-04:00,0.9319999814033508,0.9498999714851379,0.9140999913215637,0.9140999913215637,1090
2026-04-17 15:30:00-04:00,0.9478999972343445,0.9478999972343445,0.9478999972343445,0.9478999972343445,210
2026-04-20 09:30:00-04:00,0.9218000173568726,0.9642000198364258,0.9125000238418579,0.9642000198364258,64437
2026-04-20 11:30:00-04:00,0.9399999976158142,0.9399999976158142,0.9399999976158142,0.9399999976158142,1010
2026-04-20 12:30:00-04:00,0.9480000138282776,0.9480000138282776,0.9243999719619751,0.9316999912261963,87247
2026-04-20 13:30:00-04:00,0.9900000095367432,0.9900000095367432,0.9800000190734863,0.9900000095367432,1844
2026-04-20 14:30:00-04:00,0.9350000023841858,0.9509999752044678,0.9200000166893005,0.9501000046730042,15819
2026-04-20 15:30:00-04:00,0.949999988079071,0.949999988079071,0.949999988079071,0.949999988079071,0
2026-04-21 09:30:00-04:00,0.910099983215332,0.9649999737739563,0.910099983215332,0.9300000071525574,20408
2026-04-21 10:30:00-04:00,0.949999988079071,0.949999988079071,0.9196000099182129,0.9298999905586243,12869
2026-04-21 12:30:00-04:00,1.0198999643325806,1.0199999809265137,0.9350000023841858,0.9350000023841858,65259
2026-04-21 13:30:00-04:00,0.9800000190734863,1.0268000364303589,0.9700999855995178,1.0199999809265137,33420
2026-04-21 14:30:00-04:00,0.9422000050544739,0.9800999760627747,0.9422000050544739,0.9800999760627747,13740
2026-04-21 15:30:00-04:00,0.9988999962806702,1.0599000453948975,0.949999988079071,0.949999988079071,86212
2026-04-22 09:30:00-04:00,0.9399999976158142,0.9900000095367432,0.9271000027656555,0.9599999785423279,66828
2026-04-22 10:30:00-04:00,0.9465000033378601,0.9900000095367432,0.8999999761581421,0.9472000002861023,44720
2026-04-22 11:30:00-04:00,0.9182000160217285,0.9469000101089478,0.9182000160217285,0.9469000101089478,3622
2026-04-22 12:30:00-04:00,0.9330000281333923,0.989799976348877,0.9200000166893005,0.9200000166893005,5670
2026-04-22 13:30:00-04:00,0.9549000263214111,0.9666000008583069,0.9549000263214111,0.9666000008583069,2539
2026-04-22 14:30:00-04:00,0.9790999889373779,0.9790999889373779,0.9081000089645386,0.9081000089645386,1708
2026-04-22 15:30:00-04:00,0.8899000287055969,0.9496999979019165,0.8801000118255615,0.9496999979019165,20737
2026-04-23 09:30:00-04:00,0.8438000082969666,0.8924999833106995,0.7896999716758728,0.8889999985694885,39935
2026-04-23 10:30:00-04:00,0.8500000238418579,0.8500000238418579,0.8201000094413757,0.8201000094413757,14650
2026-04-23 11:30:00-04:00,0.835099995136261,0.8633999824523926,0.835099995136261,0.8633000254631042,3900
2026-04-23 12:30:00-04:00,0.8461999893188477,0.8633000254631042,0.835099995136261,0.835099995136261,16829
2026-04-23 13:30:00-04:00,0.8399999737739563,0.8633999824523926,0.8310999870300293,0.8310999870300293,10183
2026-04-23 14:30:00-04:00,0.8399999737739563,0.8399999737739563,0.8399999737739563,0.8399999737739563,582
2026-04-23 15:30:00-04:00,0.8461999893188477,0.8461999893188477,0.8389000296592712,0.8389000296592712,905
2026-04-24 09:30:00-04:00,0.8675000071525574,0.8798999786376953,0.8199999928474426,0.8528000116348267,14884
2026-04-24 10:30:00-04:00,0.8794999718666077,0.879800021648407,0.8456000089645386,0.8797000050544739,6975
2026-04-24 11:30:00-04:00,0.8723999857902527,0.875,0.8723999857902527,0.8725000023841858,1252
2026-04-24 12:30:00-04:00,0.8920000195503235,0.9300000071525574,0.8723000288009644,0.8723000288009644,12505
2026-04-24 13:30:00-04:00,0.8989999890327454,0.9300000071525574,0.8989999890327454,0.9100000262260437,6960
2026-04-24 14:30:00-04:00,0.8665000200271606,0.8665000200271606,0.8665000200271606,0.8665000200271606,104
2026-04-27 09:30:00-04:00,0.8533999919891357,0.9100000262260437,0.8533999919891357,0.8737999796867371,21783
2026-04-27 10:30:00-04:00,0.8532999753952026,0.8533999919891357,0.8454999923706055,0.8533999919891357,6856
2026-04-27 11:30:00-04:00,0.8302000164985657,0.8446999788284302,0.8299999833106995,0.8446999788284302,2187
2026-04-27 12:30:00-04:00,0.8533999919891357,0.8533999919891357,0.8418999910354614,0.8533999919891357,542
2026-04-27 13:30:00-04:00,0.8349999785423279,0.8349999785423279,0.8309999704360962,0.8309999704360962,2706
2026-04-27 14:30:00-04:00,0.835099995136261,0.835099995136261,0.835099995136261,0.835099995136261,950
2026-04-27 15:30:00-04:00,0.842199981212616,0.842199981212616,0.8355000019073486,0.8355000019073486,3347
2026-04-28 09:30:00-04:00,0.8335000276565552,0.8399999737739563,0.8335000276565552,0.8399999737739563,11449
2026-04-28 11:30:00-04:00,0.8999999761581421,0.8999999761581421,0.8310999870300293,0.8335999846458435,27802
2026-04-28 12:30:00-04:00,0.8475000262260437,0.8475000262260437,0.8300999999046326,0.8300999999046326,2660
2026-04-28 15:30:00-04:00,0.8475000262260437,0.8475000262260437,0.8475000262260437,0.8475000262260437,5256
2026-04-29 09:30:00-04:00,0.8450000286102295,0.8799999952316284,0.8399999737739563,0.8399999737739563,16595
2026-04-29 11:30:00-04:00,0.8309000134468079,0.8999999761581421,0.8101000189781189,0.8101000189781189,16272
2026-04-30 09:30:00-04:00,0.9199000000953674,0.9300000071525574,0.8999999761581421,0.8999999761581421,80104
2026-04-30 10:30:00-04:00,0.8418999910354614,0.9193999767303467,0.8418999910354614,0.9193999767303467,2746
2026-04-30 11:30:00-04:00,0.9300000071525574,0.9300000071525574,0.8809999823570251,0.8809999823570251,99737
2026-04-30 12:30:00-04:00,0.9199000000953674,0.9298999905586243,0.8849999904632568,0.9298999905586243,45647
2026-04-30 13:30:00-04:00,0.9290000200271606,0.9290000200271606,0.9290000200271606,0.9290000200271606,1713
2026-04-30 14:30:00-04:00,0.8450000286102295,0.9186999797821045,0.8420000076293945,0.9136999845504761,21770
2026-04-30 15:30:00-04:00,0.8299999833106995,0.8770999908447266,0.8299999833106995,0.8500000238418579,16176
2026-05-01 09:30:00-04:00,0.8798999786376953,0.8899999856948853,0.8199999928474426,0.8199999928474426,93700
2026-05-01 10:30:00-04:00,0.9300000071525574,0.9301000237464905,0.8700000047683716,0.8988000154495239,29304
2026-05-01 11:30:00-04:00,1.1485999822616577,1.2700999975204468,0.9300000071525574,0.9567000269889832,11219002
2026-05-01 12:30:00-04:00,1.089900016784668,1.2400000095367432,1.059999942779541,1.1449999809265137,6377250
2026-05-01 13:30:00-04:00,1.1203999519348145,1.2599999904632568,1.0,1.0800000429153442,4294530
2026-05-01 14:30:00-04:00,1.1399999856948853,1.2100000381469727,1.090000033378601,1.1200000047683716,1860676
2026-05-01 15:30:00-04:00,1.1503000259399414,1.2599999904632568,1.1200000047683716,1.1399999856948853,1359415
2026-05-04 09:30:00-04:00,1.0010000467300415,1.0800000429153442,0.949999988079071,1.0499999523162842,348571
2026-05-04 10:30:00-04:00,1.0469000339508057,1.059999942779541,1.0,1.000499963760376,34782
2026-05-04 11:30:00-04:00,1.090000033378601,1.1299999952316284,1.0499999523162842,1.0499999523162842,42398
2026-05-04 12:30:00-04:00,1.1100000143051147,1.1200000047683716,1.0800000429153442,1.090000033378601,20716
2026-05-04 13:30:00-04:00,0.9754999876022339,1.0917999744415283,0.8300999999046326,1.0917999744415283,134856
2026-05-04 14:30:00-04:00,0.9715999960899353,0.9715999960899353,0.9401000142097473,0.9700000286102295,9796
2026-05-04 15:30:00-04:00,0.9340999722480774,0.9399999976158142,0.8801000118255615,0.9399999976158142,19366
2026-05-05 09:30:00-04:00,0.9067000150680542,0.9900000095367432,0.906000018119812,0.9700000286102295,36892
2026-05-05 10:30:00-04:00,0.9323999881744385,0.9799000024795532,0.9081000089645386,0.911899983882904,14942
2026-05-05 11:30:00-04:00,0.9557999968528748,0.9797000288963318,0.9325000047683716,0.9562000036239624,5856
2026-05-05 12:30:00-04:00,0.9333999752998352,0.9624999761581421,0.9333999752998352,0.9557999968528748,3855
2026-05-05 13:30:00-04:00,0.949999988079071,0.9595000147819519,0.9326000213623047,0.9394000172615051,9837
2026-05-05 14:30:00-04:00,0.9433000087738037,0.9599999785423279,0.9399999976158142,0.9599999785423279,1843
2026-05-05 15:30:00-04:00,0.949400007724762,0.949400007724762,0.9326000213623047,0.9326000213623047,7137
2026-05-06 09:30:00-04:00,0.9800000190734863,0.9800000190734863,0.910099983215332,0.9398999810218811,29149
2026-05-06 10:30:00-04:00,0.9898999929428101,0.9898999929428101,0.9510999917984009,0.9510999917984009,7001
2026-05-06 11:30:00-04:00,1.0700000524520874,1.090000033378601,0.989799976348877,0.9898999929428101,38017
2026-05-06 12:30:00-04:00,1.0299999713897705,1.0700000524520874,1.0211999416351318,1.0499999523162842,12415
2026-05-06 13:30:00-04:00,1.0499999523162842,1.0499999523162842,0.9897000193595886,1.0199999809265137,18211
2026-05-06 14:30:00-04:00,1.0199999809265137,1.0499999523162842,1.0198999643325806,1.0198999643325806,5346
2026-05-06 15:30:00-04:00,1.059999942779541,1.059999942779541,1.0377999544143677,1.0499999523162842,1115
2026-05-07 09:30:00-04:00,1.0700000524520874,1.100000023841858,0.9890999794006348,0.9890999794006348,29168
2026-05-07 10:30:00-04:00,1.0799000263214111,1.090000033378601,1.059999942779541,1.090000033378601,19978
2026-05-07 11:30:00-04:00,1.0642000436782837,1.090000033378601,1.059999942779541,1.0799000263214111,24503
2026-05-07 12:30:00-04:00,1.090000033378601,1.090000033378601,1.059999942779541,1.0750000476837158,3163
2026-05-07 13:30:00-04:00,1.0700000524520874,1.0800000429153442,1.0299999713897705,1.059999942779541,14963
2026-05-07 14:30:00-04:00,1.0800000429153442,1.0800000429153442,1.0499999523162842,1.059999942779541,9316
2026-05-07 15:30:00-04:00,1.0499999523162842,1.0700000524520874,1.0499999523162842,1.065000057220459,3259
2026-05-08 09:30:00-04:00,1.0400999784469604,1.0592000484466553,1.0400999784469604,1.0400999784469604,8393
2026-05-08 10:30:00-04:00,1.0404000282287598,1.0499999523162842,1.0404000282287598,1.0499999523162842,600
2026-05-08 11:30:00-04:00,1.0329999923706055,1.0699000358581543,1.0329999923706055,1.0399999618530273,4302
2026-05-08 12:30:00-04:00,1.0499999523162842,1.0499999523162842,1.0299999713897705,1.0299999713897705,2804
2026-05-08 14:30:00-04:00,1.059999942779541,1.0700000524520874,1.059999942779541,1.059999942779541,1077
2026-05-08 15:30:00-04:00,1.0700000524520874,1.0700000524520874,1.065000057220459,1.065000057220459,1056
2026-05-11 09:30:00-04:00,1.059999942779541,1.0800000429153442,1.0398999452590942,1.0399999618530273,12530
2026-05-11 10:30:00-04:00,1.100000023841858,1.100000023841858,1.065000057220459,1.0800000429153442,7659
2026-05-11 11:30:00-04:00,1.090000033378601,1.100000023841858,1.090000033378601,1.100000023841858,684
2026-05-11 12:30:00-04:00,1.090000033378601,1.1100000143051147,1.090000033378601,1.090000033378601,4288
2026-05-11 14:30:00-04:00,1.1100000143051147,1.1100000143051147,1.0950000286102295,1.1100000143051147,4827
2026-05-11 15:30:00-04:00,1.1200000047683716,1.1200000047683716,1.100000023841858,1.1100000143051147,8959
2026-05-12 09:30:00-04:00,1.0850000381469727,1.090000033378601,1.070099949836731,1.070099949836731,3815
2026-05-12 10:30:00-04:00,1.0800000429153442,1.1100000143051147,1.0800000429153442,1.100000023841858,10432
2026-05-12 11:30:00-04:00,1.2000000476837158,1.2000000476837158,1.090000033378601,1.090000033378601,42064
2026-05-12 12:30:00-04:00,1.5988999605178833,1.7592999935150146,1.2050000429153442,1.2050000429153442,7367485
2026-05-12 13:30:00-04:00,1.7101000547409058,1.7699999809265137,1.440000057220459,1.5907000303268433,2201673
2026-05-12 14:30:00-04:00,1.965000033378601,2.0999999046325684,1.649999976158142,1.7101000547409058,3165073
2026-05-12 15:30:00-04:00,2.0211000442504883,2.0899999141693115,1.8899999856948853,1.9674999713897705,954250
2026-05-13 09:30:00-04:00,2.2899999618530273,2.430000066757202,1.9299999475479126,1.940000057220459,791136
2026-05-13 10:30:00-04:00,2.0999999046325684,2.3099000453948975,2.069999933242798,2.2899999618530273,111351
2026-05-13 11:30:00-04:00,2.109999895095825,2.149899959564209,2.059999942779541,2.0899999141693115,53143
2026-05-13 12:30:00-04:00,2.1700000762939453,2.1700000762939453,2.078399896621704,2.097599983215332,22050
2026-05-13 13:30:00-04:00,2.2300000190734863,2.3399999141693115,2.140000104904175,2.1500000953674316,102508
2026-05-13 14:30:00-04:00,2.299999952316284,2.4000000953674316,2.200000047683716,2.2300000190734863,116908
2026-05-13 15:30:00-04:00,2.3499999046325684,2.369999885559082,2.200000047683716,2.3199000358581543,33289
2026-05-14 09:30:00-04:00,1.465000033378601,1.5399999618530273,1.409999966621399,1.4900000095367432,1954734
2026-05-14 10:30:00-04:00,1.5299999713897705,1.5700000524520874,1.409999966621399,1.4508999586105347,218136
2026-05-14 11:30:00-04:00,1.4500000476837158,1.5700000524520874,1.409999966621399,1.5199999809265137,188765
2026-05-14 12:30:00-04:00,1.4311000108718872,1.4800000190734863,1.399999976158142,1.450700044631958,78395
2026-05-14 13:30:00-04:00,1.4900000095367432,1.5299999713897705,1.3700000047683716,1.430999994277954,818585
2026-05-14 14:30:00-04:00,0.9150000214576721,1.5850000381469727,0.8199999928474426,1.5299999713897705,1238806
2026-05-14 15:30:00-04:00,0.9189000129699707,0.9592999815940857,0.8799999952316284,0.9200000166893005,127439
2026-05-15 09:30:00-04:00,1.059999942779541,1.169700026512146,1.0199999809265137,1.0299999713897705,2224573
2026-05-15 10:30:00-04:00,1.0399999618530273,1.0800000429153442,1.0199999809265137,1.0700000524520874,214102
2026-05-15 11:30:00-04:00,1.0099999904632568,1.090000033378601,1.0099999904632568,1.0399999618530273,199075
2026-05-15 12:30:00-04:00,0.98089998960495,1.0499999523162842,0.9485999941825867,1.0099999904632568,201915
2026-05-15 13:30:00-04:00,1.0303000211715698,1.0399999618530273,0.9829999804496765,0.9829999804496765,72895
2026-05-15 14:30:00-04:00,1.090000033378601,1.090000033378601,1.024999976158142,1.034999966621399,123593
2026-05-15 15:30:00-04:00,1.1200000047683716,1.1649999618530273,1.0800000429153442,1.100000023841858,339655
2026-05-18 09:30:00-04:00,1.0707999467849731,1.1398999691009521,0.9355999827384949,0.947700023651123,559929
2026-05-18 10:30:00-04:00,1.0950000286102295,1.1200000047683716,1.0399999618530273,1.0850000381469727,54391
2026-05-18 11:30:00-04:00,1.0950000286102295,1.1200000047683716,1.0399999618530273,1.1100000143051147,78221
2026-05-18 12:30:00-04:00,1.0700000524520874,1.100000023841858,1.0499999523162842,1.0950000286102295,23880
2026-05-18 13:30:00-04:00,1.128999948501587,1.1399999856948853,1.065999984741211,1.0800000429153442,69554
2026-05-18 14:30:00-04:00,1.1749999523162842,1.2099000215530396,1.1100000143051147,1.1299999952316284,115587
2026-05-18 15:30:00-04:00,1.190000057220459,1.2000000476837158,1.1200000047683716,1.1749999523162842,48617
2026-05-19 09:30:00-04:00,1.2502000331878662,1.3450000286102295,1.0850000381469727,1.1100000143051147,406349
2026-05-19 10:30:00-04:00,1.3294999599456787,1.3300000429153442,1.25,1.2503000497817993,118283
2026-05-19 11:30:00-04:00,1.3200000524520874,1.330199956893921,1.2899999618530273,1.320099949836731,123974
2026-05-19 12:30:00-04:00,1.3550000190734863,1.3700000047683716,1.3200000524520874,1.320099949836731,146850
2026-05-19 13:30:00-04:00,1.3300000429153442,1.3700000047683716,1.2949999570846558,1.3550000190734863,86684
2026-05-19 14:30:00-04:00,1.3200000524520874,1.350000023841858,1.2999999523162842,1.3350000381469727,56432
2026-05-19 15:30:00-04:00,1.3700000047683716,1.3700000047683716,1.2699999809265137,1.3125,62649
2026-05-20 09:30:00-04:00,1.149999976158142,1.315000057220459,1.1200000047683716,1.2599999904632568,146740
2026-05-20 10:30:00-04:00,1.1506999731063843,1.190000057220459,1.100000023841858,1.159999966621399,105783
2026-05-20 11:30:00-04:00,1.2300000190734863,1.2660000324249268,1.1604000329971313,1.190000057220459,28167
2026-05-20 12:30:00-04:00,1.2000000476837158,1.2698999643325806,1.190000057220459,1.2050000429153442,19098
2026-05-20 13:30:00-04:00,1.25,1.2699999809265137,1.1799999475479126,1.180999994277954,14467
2026-05-20 14:30:00-04:00,1.225000023841858,1.25,1.2100000381469727,1.25,7265
2026-05-20 15:30:00-04:00,1.2699999809265137,1.2699999809265137,1.215000033378601,1.2400000095367432,14592
2026-05-21 09:30:00-04:00,1.1900999546051025,1.2400000095367432,1.159999966621399,1.2400000095367432,88510
2026-05-21 10:30:00-04:00,1.159999966621399,1.2000000476837158,1.159999966621399,1.190000057220459,117550
2026-05-21 11:30:00-04:00,1.1799999475479126,1.1799999475479126,1.159999966621399,1.1729999780654907,6414
2026-05-21 12:30:00-04:00,1.149999976158142,1.1699999570846558,1.149999976158142,1.159999966621399,4676
2026-05-21 13:30:00-04:00,1.1200000047683716,1.1699999570846558,1.049399971961975,1.1549999713897705,104947
2026-05-21 14:30:00-04:00,1.090000033378601,1.149999976158142,1.0750000476837158,1.1200000047683716,19586
2026-05-21 15:30:00-04:00,1.0800000429153442,1.1100000143051147,1.059999942779541,1.0750000476837158,33826
2026-05-22 09:30:00-04:00,1.0615999698638916,1.0987000465393066,1.0499999523162842,1.059999942779541,75163
2026-05-22 10:30:00-04:00,1.0750000476837158,1.090000033378601,1.0399999618530273,1.059999942779541,32640
2026-05-22 11:30:00-04:00,1.0600999593734741,1.0700000524520874,1.0600999593734741,1.0700000524520874,7141
2026-05-22 12:30:00-04:00,1.0299999713897705,1.0599000453948975,1.0261000394821167,1.0549999475479126,39968
2026-05-22 13:30:00-04:00,1.034999966621399,1.0499999523162842,1.0299999713897705,1.0399999618530273,26802
2026-05-22 14:30:00-04:00,1.0499999523162842,1.0499999523162842,1.024999976158142,1.0299999713897705,41382
2026-05-22 15:30:00-04:00,1.0700000524520874,1.0800000429153442,1.0299999713897705,1.0299999713897705,69398
2026-05-26 09:30:00-04:00,0.9900000095367432,1.059999942779541,0.9368000030517578,1.0299999713897705,226321
2026-05-26 10:30:00-04:00,0.9781000018119812,0.9898999929428101,0.9599999785423279,0.9850999712944031,11549
2026-05-26 11:30:00-04:00,0.9775000214576721,0.9848999977111816,0.9775000214576721,0.9800000190734863,4535
2026-05-26 12:30:00-04:00,1.0,1.0,0.9775999784469604,0.9850000143051147,5214
2026-05-26 13:30:00-04:00,1.0,1.0,0.9800999760627747,1.0,6504
2026-05-26 14:30:00-04:00,1.0,1.0,1.0,1.0,6689
2026-05-26 15:30:00-04:00,0.9973999857902527,1.0,0.9850999712944031,1.0,4185
2026-05-27 09:30:00-04:00,0.9506000280380249,0.9851999878883362,0.9502000212669373,0.9700000286102295,27186
2026-05-27 10:30:00-04:00,0.9384999871253967,0.9599999785423279,0.921999990940094,0.9506999850273132,40444
2026-05-27 11:30:00-04:00,0.8999000191688538,0.9384999871253967,0.8888000249862671,0.9384999871253967,57200
2026-05-27 12:30:00-04:00,0.9093000292778015,0.9294999837875366,0.8999999761581421,0.9092000126838684,49025
2026-05-27 13:30:00-04:00,0.9090999960899353,0.9200000166893005,0.9089999794960022,0.9193999767303467,10601
2026-05-27 14:30:00-04:00,0.911300003528595,0.911300003528595,0.9000999927520752,0.9089999794960022,13832
2026-05-27 15:30:00-04:00,0.947700023651123,0.9595000147819519,0.9244999885559082,0.9296000003814697,7068
2026-05-28 09:30:00-04:00,0.9398999810218811,0.9398999810218811,0.8709999918937683,0.901199996471405,82016
2026-05-28 10:30:00-04:00,0.9064000248908997,0.9229999780654907,0.8919000029563904,0.9092000126838684,9709
2026-05-28 11:30:00-04:00,0.9176999926567078,0.9200000166893005,0.8960999846458435,0.8978999853134155,14318
2026-05-28 12:30:00-04:00,0.9599999785423279,0.9599999785423279,0.933899998664856,0.933899998664856,4593
2026-05-28 13:30:00-04:00,0.9549999833106995,0.9599999785423279,0.9178000092506409,0.9599999785423279,7905
2026-05-28 14:30:00-04:00,0.9409999847412109,0.9549999833106995,0.9409999847412109,0.9549999833106995,621
2026-05-28 15:30:00-04:00,0.9521999955177307,0.9599999785423279,0.9434999823570251,0.9460999965667725,12969
2026-05-29 09:30:00-04:00,0.9333000183105469,0.9333000183105469,0.9165999889373779,0.9312000274658203,5222
2026-05-29 10:30:00-04:00,0.9207000136375427,0.9399999976158142,0.9165999889373779,0.9330999851226807,27491
2026-05-29 11:30:00-04:00,0.9200000166893005,0.9286999702453613,0.9200000166893005,0.9286999702453613,2162
2026-05-29 12:30:00-04:00,0.9399999976158142,0.949999988079071,0.9199000000953674,0.9333000183105469,9592
2026-05-29 13:30:00-04:00,0.949999988079071,0.9527999758720398,0.9401000142097473,0.9401000142097473,5698
2026-05-29 14:30:00-04:00,0.9498999714851379,0.949999988079071,0.9451000094413757,0.9451000094413757,3154
2026-05-29 15:30:00-04:00,0.9599999785423279,0.9599999785423279,0.9449999928474426,0.9449999928474426,5899
2026-06-01 09:30:00-04:00,0.9448000192642212,0.9699000120162964,0.9399999976158142,0.9449999928474426,25614
2026-06-01 10:30:00-04:00,0.9550999999046326,1.0,0.9448999762535095,0.9449999928474426,75298
2026-06-01 11:30:00-04:00,0.9501000046730042,0.9624999761581421,0.949999988079071,0.9549999833106995,22513
2026-06-01 12:30:00-04:00,0.9539999961853027,0.9539999961853027,0.9539999961853027,0.9539999961853027,727
2026-06-01 13:30:00-04:00,0.9584000110626221,0.9584000110626221,0.9539999961853027,0.9539999961853027,974
2026-06-01 14:30:00-04:00,0.958899974822998,0.958899974822998,0.9585000276565552,0.9585000276565552,2359
2026-06-01 15:30:00-04:00,0.9595000147819519,0.9702000021934509,0.9595000147819519,0.9599000215530396,12638
2026-06-02 09:30:00-04:00,1.3700000047683716,1.5299999713897705,1.149999976158142,1.2000000476837158,6389630
2026-06-02 10:30:00-04:00,1.3450000286102295,1.5099999904632568,1.2699999809265137,1.3700000047683716,2383923
2026-06-02 11:30:00-04:00,1.559999942779541,1.6799999475479126,1.3300000429153442,1.350000023841858,2041148
2026-06-02 12:30:00-04:00,1.6101000308990479,1.8799999952316284,1.4700000286102295,1.5745999813079834,7026394
2026-06-02 13:30:00-04:00,1.7300000190734863,1.850000023841858,1.5399999618530273,1.6101000308990479,3816808
2026-06-02 14:30:00-04:00,2.0380001068115234,2.099900007247925,1.649999976158142,1.7300000190734863,5874940
2026-06-02 15:30:00-04:00,1.8911000490188599,2.1500000953674316,1.8210999965667725,2.0388998985290527,2524605
2026-06-03 09:30:00-04:00,2.5306999683380127,2.899899959564209,1.9199999570846558,1.9199999570846558,3889126
2026-06-03 10:30:00-04:00,2.630000114440918,2.75,2.3499999046325684,2.5399999618530273,820002
2026-06-03 11:30:00-04:00,2.549999952316284,2.7300000190734863,2.4000000953674316,2.640000104904175,406279
2026-06-03 12:30:00-04:00,3.75,3.8399999141693115,2.5199999809265137,2.5399999618530273,8491661
2026-06-03 13:30:00-04:00,3.344399929046631,3.9000000953674316,3.1500000953674316,3.740000009536743,8499091
2026-06-03 14:30:00-04:00,3.2799999713897705,3.5069000720977783,3.059999942779541,3.3499999046325684,2137560
2026-06-03 15:30:00-04:00,3.5999999046325684,3.799999952316284,3.259999990463257,3.2750000953674316,2032154
2026-06-04 09:30:00-04:00,4.050000190734863,4.21999979019165,3.3399999141693115,3.3399999141693115,1328806
2026-06-04 10:30:00-04:00,4.260000228881836,4.360000133514404,3.9000000953674316,4.005000114440918,398160
2026-06-04 11:30:00-04:00,4.239999771118164,4.400000095367432,4.110000133514404,4.230000019073486,294085
2026-06-04 12:30:00-04:00,4.367099761962891,4.369900226593018,3.9600000381469727,4.241300106048584,160346
2026-06-04 13:30:00-04:00,4.658599853515625,4.789999961853027,4.199999809265137,4.369999885559082,426259
2026-06-04 14:30:00-04:00,4.059999942779541,4.659999847412109,3.950000047683716,4.619999885559082,301255
2026-06-04 15:30:00-04:00,4.25,4.260000228881836,3.609999895095825,4.090000152587891,121239
2026-06-05 09:30:00-04:00,7.03000020980835,7.03000020980835,4.170000076293945,4.199999809265137,1589800
2026-06-05 10:30:00-04:00,3.4700000286102295,8.800000190734863,3.4700000286102295,8.0,3535950
2026-06-05 11:30:00-04:00,4.03000020980835,4.96999979019165,2.759999990463257,3.069999933242798,1950263
2026-06-05 12:30:00-04:00,3.8299999237060547,4.119999885559082,3.619999885559082,4.03000020980835,491175
2026-06-05 13:30:00-04:00,4.409999847412109,4.460000038146973,3.9000000953674316,3.9000000953674316,308544
2026-06-05 14:30:00-04:00,6.005000114440918,6.199999809265137,4.300099849700928,4.409999847412109,1114873
2026-06-05 15:30:00-04:00,4.949999809265137,6.010000228881836,4.949999809265137,6.00029993057251,644647
2026-06-08 09:30:00-04:00,5.164999961853027,5.670000076293945,4.200099945068359,4.300000190734863,457060
2026-06-08 10:30:00-04:00,4.980000019073486,5.25,4.512199878692627,5.159999847412109,107011
2026-06-08 11:30:00-04:00,4.945000171661377,5.190000057220459,4.590000152587891,4.800000190734863,86774
2026-06-08 12:30:00-04:00,4.900400161743164,5.079999923706055,4.724999904632568,4.949999809265137,34002
2026-06-08 13:30:00-04:00,5.019999980926514,5.03000020980835,4.800000190734863,4.920000076293945,40667
2026-06-08 14:30:00-04:00,5.144999980926514,5.269999980926514,4.860000133514404,5.019999980926514,63459
2026-06-08 15:30:00-04:00,5.114999771118164,5.329999923706055,5.070000171661377,5.21999979019165,52422
2026-06-09 09:30:00-04:00,7.940000057220459,8.300000190734863,6.0,6.0,1529037
2026-06-09 10:30:00-04:00,5.9899001121521,8.079999923706055,4.400000095367432,7.943299770355225,833996
2026-06-09 11:30:00-04:00,6.269999980926514,6.739999771118164,5.190000057220459,5.960000038146973,266413
2026-06-09 12:30:00-04:00,5.050000190734863,6.340000152587891,5.050000190734863,6.190999984741211,145644
2026-06-09 13:30:00-04:00,5.300000190734863,5.920000076293945,5.059999942779541,5.110000133514404,56453
2026-06-09 14:30:00-04:00,5.880000114440918,5.989999771118164,5.300000190734863,5.599999904632568,67547
2026-06-09 15:30:00-04:00,5.690000057220459,6.239999771118164,5.500100135803223,5.849999904632568,75712
2026-06-10 09:30:00-04:00,6.0,6.899899959564209,5.429999828338623,6.480000019073486,503123
2026-06-10 10:30:00-04:00,6.21999979019165,6.619999885559082,5.595900058746338,5.860000133514404,175781
2026-06-10 11:30:00-04:00,6.0,6.349999904632568,5.809999942779541,6.099999904632568,87988
2026-06-10 12:30:00-04:00,6.369999885559082,6.8404998779296875,6.050000190734863,6.099899768829346,102677
2026-06-10 13:30:00-04:00,6.085000038146973,6.360000133514404,6.0,6.300600051879883,23588
2026-06-10 14:30:00-04:00,7.724999904632568,7.889999866485596,6.050000190734863,6.139999866485596,206866
2026-06-10 15:30:00-04:00,7.579999923706055,7.820000171661377,7.110000133514404,7.610000133514404,117546
2026-06-11 09:30:00-04:00,7.394999980926514,8.109999656677246,6.75,7.429999828338623,336221
2026-06-11 10:30:00-04:00,7.132900238037109,7.619999885559082,7.0528998374938965,7.480000019073486,43594
2026-06-11 11:30:00-04:00,7.59089994430542,8.0,7.166999816894531,7.28000020980835,194366
2026-06-11 12:30:00-04:00,7.599999904632568,7.849999904632568,7.340000152587891,7.429999828338623,58158
2026-06-11 13:30:00-04:00,7.374000072479248,7.599999904632568,7.309999942779541,7.480000019073486,52480
2026-06-11 14:30:00-04:00,7.679999828338623,7.679999828338623,7.360000133514404,7.420000076293945,19618
2026-06-11 15:30:00-04:00,8.0,8.699999809265137,7.570099830627441,7.679999828338623,155101
2026-06-12 09:30:00-04:00,8.220000267028809,9.359999656677246,7.659999847412109,8.979999542236328,300419
2026-06-12 10:30:00-04:00,8.539999961853027,8.539999961853027,8.10099983215332,8.31149959564209,28115
2026-06-12 11:30:00-04:00,8.119999885559082,9.149999618530273,7.730000019073486,8.680000305175781,122873
2026-06-12 12:30:00-04:00,8.369999885559082,8.458200454711914,8.033300399780273,8.100000381469727,22902
2026-06-12 13:30:00-04:00,8.01990032196045,8.75,7.900000095367432,8.488499641418457,71608
2026-06-12 14:30:00-04:00,8.350000381469727,8.350000381469727,7.800099849700928,8.0,104010
2026-06-12 15:30:00-04:00,7.730000019073486,8.47089958190918,7.611999988555908,8.390000343322754,54917
2026-06-15 09:30:00-04:00,6.690000057220459,8.249899864196777,6.510000228881836,7.96999979019165,168973
2026-06-15 10:30:00-04:00,7.372499942779541,7.5,6.510000228881836,6.670000076293945,72461
2026-06-15 11:30:00-04:00,7.053199768066406,7.375,6.860000133514404,7.375,53530
2026-06-15 12:30:00-04:00,6.659999847412109,7.15500020980835,6.621099948883057,7.15500020980835,24089
2026-06-15 13:30:00-04:00,6.75,6.979899883270264,6.619999885559082,6.979899883270264,13897
2026-06-15 14:30:00-04:00,6.579999923706055,6.900000095367432,6.560100078582764,6.849999904632568,15472
2026-06-15 15:30:00-04:00,5.809999942779541,6.550000190734863,5.699999809265137,6.550000190734863,56575
2026-06-16 09:30:00-04:00,5.28000020980835,5.699999809265137,5.28000020980835,5.599999904632568,106808
2026-06-16 10:30:00-04:00,4.940000057220459,5.300000190734863,4.651000022888184,5.300000190734863,121883
2026-06-16 11:30:00-04:00,5.164999961853027,5.300000190734863,4.71999979019165,4.81220006942749,58960
2026-06-16 12:30:00-04:00,5.449999809265137,5.614999771118164,5.184999942779541,5.184999942779541,16844
2026-06-16 13:30:00-04:00,5.519999980926514,5.690000057220459,5.320000171661377,5.625,15344
2026-06-16 14:30:00-04:00,5.320000171661377,5.53000020980835,5.110000133514404,5.53000020980835,16275
2026-06-16 15:30:00-04:00,5.425000190734863,5.510000228881836,5.275000095367432,5.315000057220459,6981
2026-06-17 09:30:00-04:00,6.110000133514404,6.199999809265137,5.389999866485596,5.389999866485596,29353
2026-06-17 10:30:00-04:00,5.56850004196167,6.179999828338623,5.510000228881836,5.980000019073486,23457
2026-06-17 11:30:00-04:00,6.079999923706055,6.158999919891357,5.757999897003174,5.800000190734863,5561
2026-06-17 12:30:00-04:00,5.999899864196777,6.059999942779541,5.635300159454346,6.059999942779541,11501
2026-06-17 13:30:00-04:00,5.300000190734863,5.690000057220459,5.25,5.610000133514404,16530
2026-06-17 14:30:00-04:00,5.579999923706055,5.840000152587891,5.315000057220459,5.330100059509277,9077
2026-06-17 15:30:00-04:00,5.769999980926514,5.989999771118164,5.590000152587891,5.590099811553955,13698
2026-06-18 09:30:00-04:00,5.380000114440918,5.78000020980835,5.309999942779541,5.71999979019165,19882
2026-06-18 10:30:00-04:00,5.730000019073486,5.999899864196777,5.260000228881836,5.44890022277832,34788
2026-06-18 11:30:00-04:00,5.449999809265137,5.71999979019165,5.340000152587891,5.71999979019165,20499
2026-06-18 12:30:00-04:00,5.429999828338623,5.550000190734863,5.409999847412109,5.409999847412109,8886
2026-06-18 13:30:00-04:00,5.440000057220459,5.449999809265137,5.309999942779541,5.432000160217285,4243
2026-06-18 14:30:00-04:00,5.539999961853027,5.539999961853027,5.329999923706055,5.489999771118164,6617
2026-06-18 15:30:00-04:00,5.800000190734863,5.864500045776367,5.679999828338623,5.679999828338623,7977
2026-06-22 09:30:00-04:00,6.414999961853027,6.480000019073486,5.610000133514404,5.820000171661377,47862
2026-06-22 10:30:00-04:00,6.329999923706055,6.409999847412109,5.809999942779541,6.409999847412109,178664
2026-06-22 11:30:00-04:00,5.71999979019165,6.454999923706055,5.630000114440918,6.329999923706055,118541
2026-06-22 12:30:00-04:00,5.550000190734863,5.909999847412109,5.550000190734863,5.78000020980835,24440
2026-06-22 13:30:00-04:00,5.260000228881836,5.619999885559082,5.0,5.599999904632568,82756
2026-06-22 14:30:00-04:00,5.284999847412109,5.359899997711182,5.210000038146973,5.299900054931641,16669
2026-06-22 15:30:00-04:00,5.349999904632568,5.360000133514404,5.010000228881836,5.260000228881836,12307
2026-06-23 09:30:00-04:00,4.489999771118164,5.300000190734863,4.239999771118164,5.139999866485596,223293
2026-06-23 10:30:00-04:00,4.099999904632568,4.5,3.9700000286102295,4.434999942779541,152231
2026-06-23 11:30:00-04:00,3.380000114440918,4.090000152587891,3.0199999809265137,4.079999923706055,173526
2026-06-23 12:30:00-04:00,3.490000009536743,3.6298999786376953,3.2899999618530273,3.424999952316284,44116
2026-06-23 13:30:00-04:00,3.740000009536743,4.08459997177124,3.410099983215332,3.4800000190734863,84438
2026-06-23 14:30:00-04:00,3.700000047683716,3.9100000858306885,3.5899999141693115,3.6700000762939453,71224
2026-06-23 15:30:00-04:00,3.509999990463257,3.680000066757202,3.450000047683716,3.6649999618530273,40192
2026-06-24 09:30:00-04:00,3.4200000762939453,4.09499979019165,3.4000000953674316,3.700000047683716,110201
2026-06-24 10:30:00-04:00,3.6501998901367188,4.0,3.4549999237060547,3.4549999237060547,116064
2026-06-24 11:30:00-04:00,3.740000009536743,3.9200000762939453,3.460099935531616,3.6700000762939453,187906
2026-06-24 12:30:00-04:00,3.8499999046325684,3.8499999046325684,3.694999933242798,3.740000009536743,2853
2026-06-24 13:30:00-04:00,3.690000057220459,3.8499999046325684,3.690000057220459,3.819999933242798,40467
2026-06-24 14:30:00-04:00,3.7100000381469727,3.740000009536743,3.6689999103546143,3.7200000286102295,11830
2026-06-24 15:30:00-04:00,3.819999933242798,3.890000104904175,3.6710000038146973,3.700000047683716,42982
2026-06-25 09:30:00-04:00,3.9200000762939453,4.190000057220459,3.609999895095825,3.7100000381469727,200017
2026-06-25 10:30:00-04:00,3.8299999237060547,4.019999980926514,3.819999933242798,3.900399923324585,103901
2026-06-25 11:30:00-04:00,4.039999961853027,4.28000020980835,3.950000047683716,3.950000047683716,101714
2026-06-25 12:30:00-04:00,4.039999961853027,4.224999904632568,3.950000047683716,4.032199859619141,172922
2026-06-25 13:30:00-04:00,3.940000057220459,4.239999771118164,3.9100000858306885,4.090000152587891,49385
2026-06-25 14:30:00-04:00,4.050000190734863,4.28000020980835,3.799999952316284,3.940000057220459,149014
2026-06-25 15:30:00-04:00,4.070000171661377,4.247099876403809,4.01200008392334,4.019999980926514,53870
2026-06-26 09:30:00-04:00,4.210000038146973,4.297999858856201,3.8499999046325684,3.8499999046325684,83984
2026-06-26 10:30:00-04:00,3.990000009536743,4.25,3.9000000953674316,4.25,37190
2026-06-26 11:30:00-04:00,4.099999904632568,4.355000019073486,3.990000009536743,3.990000009536743,98249
2026-06-26 12:30:00-04:00,4.170000076293945,4.199900150299072,4.079999923706055,4.099999904632568,7833
2026-06-26 13:30:00-04:00,4.110000133514404,4.271500110626221,4.110000133514404,4.179999828338623,10967
2026-06-26 14:30:00-04:00,4.159999847412109,4.25,4.110000133514404,4.119999885559082,16682
2026-06-26 15:30:00-04:00,4.25,4.317999839782715,4.150000095367432,4.150000095367432,21057
2026-06-29 09:30:00-04:00,4.269999980926514,4.570000171661377,4.21999979019165,4.21999979019165,123681
2026-06-29 10:30:00-04:00,4.329999923706055,4.549900054931641,4.210000038146973,4.25,118182
2026-06-29 11:30:00-04:00,4.309999942779541,4.409999847412109,4.150000095367432,4.320000171661377,41732
2026-06-29 12:30:00-04:00,4.449999809265137,4.474999904632568,4.200300216674805,4.25,56674
2026-06-29 13:30:00-04:00,4.264999866485596,4.449999809265137,4.179999828338623,4.400000095367432,26197
2026-06-29 14:30:00-04:00,4.329999923706055,4.329999923706055,4.190000057220459,4.239999771118164,3244
2026-06-29 15:30:00-04:00,4.400000095367432,4.505000114440918,4.329999923706055,4.364999771118164,16720
2026-06-30 09:30:00-04:00,4.239999771118164,4.400000095367432,3.9800000190734863,4.380000114440918,111143
2026-06-30 10:30:00-04:00,4.010000228881836,4.260000228881836,3.799999952316284,4.25,125547
2026-06-30 11:30:00-04:00,3.9193999767303467,4.139999866485596,3.9100000858306885,3.9200000762939453,28148
2026-06-30 12:30:00-04:00,4.119999885559082,4.19950008392334,3.98009991645813,3.984999895095825,19164
2026-06-30 13:30:00-04:00,4.130000114440918,4.139999866485596,4.130000114440918,4.139999866485596,1764
2026-06-30 14:30:00-04:00,4.068999767303467,4.190000057220459,4.059999942779541,4.159999847412109,13076
2026-06-30 15:30:00-04:00,3.7799999713897705,4.059999942779541,3.755000114440918,4.059999942779541,46828
2026-07-01 09:30:00-04:00,3.8450000286102295,3.9000000953674316,3.6610000133514404,3.759999990463257,10418
2026-07-01 10:30:00-04:00,3.9149999618530273,3.9149999618530273,3.8499999046325684,3.859999895095825,2644
2026-07-01 11:30:00-04:00,3.9000000953674316,4.0,3.8499999046325684,3.9200000762939453,11768
2026-07-01 12:30:00-04:00,3.930000066757202,3.930000066757202,3.860100030899048,3.860100030899048,2854
2026-07-01 13:30:00-04:00,3.884999990463257,4.190000057220459,3.873300075531006,4.190000057220459,50052
2026-07-01 14:30:00-04:00,3.869999885559082,3.9049999713897705,3.8399999141693115,3.9049999713897705,7815
2026-07-01 15:30:00-04:00,4.130000114440918,4.130000114440918,3.809999942779541,3.8399999141693115,32881
2026-07-02 09:30:00-04:00,4.150000095367432,4.349999904632568,3.930000066757202,3.990000009536743,181386
2026-07-02 10:30:00-04:00,4.130000114440918,4.179999828338623,4.130000114440918,4.150000095367432,5106
2026-07-02 11:30:00-04:00,4.150000095367432,4.340000152587891,4.125,4.130000114440918,110131
2026-07-02 12:30:00-04:00,4.260000228881836,4.260000228881836,4.150000095367432,4.150100231170654,6872
2026-07-02 13:30:00-04:00,4.260000228881836,4.260000228881836,4.179999828338623,4.260000228881836,4997
2026-07-02 14:30:00-04:00,4.420000076293945,4.4899001121521,4.140100002288818,4.260000228881836,10512
2026-07-02 15:30:00-04:00,4.320000171661377,4.480000019073486,4.304999828338623,4.360000133514404,11446
2026-07-06 09:30:00-04:00,4.260000228881836,4.554999828338623,4.184999942779541,4.300000190734863,80268
2026-07-06 10:30:00-04:00,4.110000133514404,4.289999961853027,4.059999942779541,4.289999961853027,7792
2026-07-06 11:30:00-04:00,4.099999904632568,4.239999771118164,4.070000171661377,4.110000133514404,8384
2026-07-06 12:30:00-04:00,4.090000152587891,4.150000095367432,4.039999961853027,4.099999904632568,5452
2026-07-06 13:30:00-04:00,4.050000190734863,4.150000095367432,4.0,4.099999904632568,12995
2026-07-06 14:30:00-04:00,4.369999885559082,4.389999866485596,4.039999961853027,4.039999961853027,71306
2026-07-06 15:30:00-04:00,4.150000095367432,4.339900016784668,4.110000133514404,4.329999923706055,10470
2026-07-07 09:30:00-04:00,4.179999828338623,4.480000019073486,4.139999866485596,4.309999942779541,40076
2026-07-07 10:30:00-04:00,4.110000133514404,4.15500020980835,4.110000133514404,4.150000095367432,7849
2026-07-07 11:30:00-04:00,4.110000133514404,4.159999847412109,4.079999923706055,4.079999923706055,5169
2026-07-07 12:30:00-04:00,4.039999961853027,4.15500020980835,4.010000228881836,4.139999866485596,20964
2026-07-07 13:30:00-04:00,4.130000114440918,4.150000095367432,4.045000076293945,4.079999923706055,37432
2026-07-07 14:30:00-04:00,4.1143999099731445,4.150000095367432,4.110000133514404,4.150000095367432,3546
2026-07-07 15:30:00-04:00,4.090000152587891,4.110000133514404,4.070000171661377,4.110000133514404,2739
2026-07-08 09:30:00-04:00,4.019999980926514,4.239999771118164,3.950000047683716,4.230000019073486,45735
2026-07-08 10:30:00-04:00,4.070000171661377,4.190000057220459,4.019999980926514,4.090000152587891,19595
2026-07-08 11:30:00-04:00,4.309999942779541,4.579999923706055,4.150000095367432,4.150000095367432,107178
2026-07-08 12:30:00-04:00,4.25,4.349999904632568,4.050000190734863,4.2195000648498535,46647
2026-07-08 13:30:00-04:00,4.074999809265137,4.320000171661377,4.0,4.300000190734863,43015
2026-07-08 14:30:00-04:00,4.005000114440918,4.059999942779541,3.799999952316284,4.050000190734863,121189
2026-07-08 15:30:00-04:00,3.9000000953674316,4.045000076293945,3.9000000953674316,3.9100000858306885,7213
2026-07-09 09:30:00-04:00,3.799999952316284,3.950000047683716,3.6600000858306885,3.950000047683716,95632
2026-07-09 10:30:00-04:00,3.799999952316284,3.950000047683716,3.7400999069213867,3.799999952316284,70615
2026-07-09 11:30:00-04:00,3.819999933242798,3.890000104904175,3.819999933242798,3.819999933242798,1579
2026-07-09 12:30:00-04:00,3.9149999618530273,3.920300006866455,3.8499999046325684,3.890000104904175,10521
2026-07-09 13:30:00-04:00,3.8499999046325684,3.859999895095825,3.8299999237060547,3.859999895095825,5117
2026-07-09 14:30:00-04:00,3.5899999141693115,3.9000000953674316,3.549999952316284,3.809999942779541,110551
2026-07-09 15:30:00-04:00,3.7100000381469727,3.7100000381469727,3.5850000381469727,3.609999895095825,12952
2026-07-10 09:30:00-04:00,3.4110000133514404,3.5950000286102295,3.359999895095825,3.569999933242798,38785
2026-07-10 10:30:00-04:00,3.5299999713897705,3.5299999713897705,3.4100000858306885,3.447999954223633,3238
2026-07-10 11:30:00-04:00,3.388700008392334,3.5999999046325684,3.3763999938964844,3.4749999046325684,9607
2026-07-10 12:30:00-04:00,3.440000057220459,3.4600000381469727,3.440000057220459,3.4600000381469727,1965
2026-07-10 13:30:00-04:00,3.410099983215332,3.569499969482422,3.4100000858306885,3.5,1526
2026-07-10 14:30:00-04:00,3.359999895095825,3.4200000762939453,3.299999952316284,3.4200000762939453,8297
2026-07-10 15:30:00-04:00,3.450000047683716,3.450000047683716,3.3499999046325684,3.3499999046325684,3231
2026-07-13 09:30:00-04:00,3.430000066757202,3.498199939727783,3.3399999141693115,3.4100000858306885,12944
2026-07-13 10:30:00-04:00,3.6700000762939453,3.75,3.4100000858306885,3.4100000858306885,27831
2026-07-13 11:30:00-04:00,3.569999933242798,3.8399999141693115,3.5,3.7300000190734863,104375
2026-07-13 12:30:00-04:00,3.700000047683716,3.7200000286102295,3.5999999046325684,3.5999999046325684,4237
2026-07-13 13:30:00-04:00,3.740000009536743,3.7699999809265137,3.700000047683716,3.7298998832702637,12008
2026-07-13 14:30:00-04:00,3.809999942779541,3.809999942779541,3.7200000286102295,3.7200000286102295,10247
2026-07-13 15:30:00-04:00,3.660099983215332,3.7699999809265137,3.6600000858306885,3.7699999809265137,9224
2026-07-14 09:30:00-04:00,3.599900007247925,3.8731000423431396,3.5,3.7200000286102295,186262
2026-07-14 10:30:00-04:00,3.61299991607666,3.6500000953674316,3.5299999713897705,3.5910000801086426,14290
2026-07-14 11:30:00-04:00,3.4749999046325684,3.6600000858306885,3.3701000213623047,3.609999895095825,56509
2026-07-14 12:30:00-04:00,3.390000104904175,3.390000104904175,3.259999990463257,3.2699999809265137,4747
2026-07-14 13:30:00-04:00,2.9649999141693115,3.359999895095825,2.9600000381469727,3.3550000190734863,22313
2026-07-14 14:30:00-04:00,2.5899999141693115,3.0,2.119999885559082,3.0,147751
2026-07-14 15:30:00-04:00,2.240000009536743,2.5899999141693115,2.200000047683716,2.5899999141693115,108591
2026-07-15 09:30:00-04:00,2.25,2.380000114440918,2.1700000762939453,2.2699999809265137,97080
2026-07-15 10:30:00-04:00,1.9299999475479126,2.2100000381469727,1.8701000213623047,2.2100000381469727,46592
2026-07-15 11:30:00-04:00,1.909999966621399,1.9883999824523926,1.909999966621399,1.9800000190734863,7176
2026-07-15 12:30:00-04:00,1.9199999570846558,1.9723999500274658,1.899999976158142,1.9129999876022339,4200
2026-07-15 13:30:00-04:00,2.0399999618530273,2.0562000274658203,1.9600000381469727,1.9600000381469727,7436
2026-07-15 14:30:00-04:00,2.0999999046325684,2.299999952316284,2.0399999618530273,2.0399999618530273,97039
2026-07-15 15:30:00-04:00,2.130000114440918,2.240000009536743,2.0999999046325684,2.180000066757202,14901
2026-07-16 09:30:00-04:00,3.130000114440918,3.3399999141693115,2.0299999713897705,2.119999885559082,3870125
2026-07-16 10:30:00-04:00,3.9200000762939453,4.379899978637695,2.859999895095825,3.140000104904175,27075476
2026-07-16 11:30:00-04:00,3.359999895095825,4.399899959564209,2.130000114440918,3.9200000762939453,16407596
2026-07-16 12:30:00-04:00,3.309999942779541,3.5799999237060547,3.2699999809265137,3.377000093460083,4032457
2026-07-16 13:30:00-04:00,3.430000066757202,3.549999952316284,3.1500000953674316,3.309999942779541,1918686
2026-07-16 14:30:00-04:00,3.5799999237060547,3.8399999141693115,3.3680999279022217,3.440000057220459,2242544
2026-07-16 15:30:00-04:00,3.571700096130371,3.7200000286102295,3.5299999713897705,3.559999942779541,925903
